#
# There is insufficient memory for the Java Runtime Environment to continue.
# Native memory allocation (mmap) failed to map 65536 bytes. Error detail: Failed to commit metaspace.
# Possible reasons:
#   The system is out of physical RAM or swap space
#   This process is running with CompressedOops enabled, and the Java Heap may be blocking the growth of the native heap
# Possible solutions:
#   Reduce memory load on the system
#   Increase physical memory or swap space
#   Check if swap backing store is full
#   Decrease Java heap size (-Xmx/-Xms)
#   Decrease number of Java threads
#   Decrease Java thread stack sizes (-Xss)
#   Set larger code cache with -XX:ReservedCodeCacheSize=
#   JVM is running with Unscaled Compressed Oops mode in which the Java heap is
#     placed in the first 4GB address space. The Java Heap base address is the
#     maximum limit for the native heap growth. Please use -XX:HeapBaseMinAddress
#     to set the Java Heap base and to place the Java Heap above 4GB virtual address.
# This output file may be truncated or incomplete.
#
#  Out of Memory Error (virtualSpaceNode.cpp:113), pid=41132, tid=35928
#
# JRE version: OpenJDK Runtime Environment Temurin-21.0.12.1+1 (21.0.12.1+1) (build 21.0.12.1+1-LTS)
# Java VM: OpenJDK 64-Bit Server VM Temurin-21.0.12.1+1 (21.0.12.1+1-LTS, mixed mode, sharing, tiered, compressed oops, compressed class ptrs, g1 gc, windows-amd64)
# No core dump will be written. Minidumps are not enabled by default on client versions of Windows
#

---------------  S U M M A R Y ------------

Command Line: --add-opens=java.base/java.lang=ALL-UNNAMED --add-opens=java.base/java.lang.invoke=ALL-UNNAMED --add-opens=java.base/java.util=ALL-UNNAMED --add-opens=java.prefs/java.util.prefs=ALL-UNNAMED --add-exports=jdk.compiler/com.sun.tools.javac.api=ALL-UNNAMED --add-exports=jdk.compiler/com.sun.tools.javac.util=ALL-UNNAMED --add-opens=java.base/java.nio.charset=ALL-UNNAMED --add-opens=java.base/java.net=ALL-UNNAMED --add-opens=java.base/java.util.concurrent=ALL-UNNAMED --add-opens=java.base/java.util.concurrent.atomic=ALL-UNNAMED --add-opens=java.xml/javax.xml.namespace=ALL-UNNAMED --add-opens=java.base/java.time=ALL-UNNAMED -XX:MaxMetaspaceSize=384m -XX:+HeapDumpOnOutOfMemoryError -Xms256m -Xmx512m -Dfile.encoding=UTF-8 -Duser.country=KR -Duser.language=ko -Duser.variant -javaagent:C:\Users\AI융합_데이터분석B\.gradle\wrapper\dists\gradle-9.7.1-bin\1w1c7tv4s851m17nbqdsro2tv\gradle-9.7.1\lib\agents\gradle-instrumentation-agent-9.7.1.jar org.gradle.launcher.daemon.bootstrap.GradleDaemon 9.7.1

Host: 11th Gen Intel(R) Core(TM) i7-11700 @ 2.50GHz, 16 cores, 15G,  Windows 11 , 64 bit Build 26100 (10.0.26100.9444)
Time: Thu Sep 17 17:11:37 2026 elapsed time: 197.648249 seconds (0d 0h 3m 17s)

---------------  T H R E A D  ---------------

Current thread (0x0000026efa278780):  JavaThread "Daemon worker"        [_thread_in_vm, id=35928, stack(0x000000bf7d200000,0x000000bf7d300000) (1024K)]

Stack: [0x000000bf7d200000,0x000000bf7d300000]
Native frames: (J=compiled Java code, j=interpreted, Vv=VM code, C=native code)
V  [jvm.dll+0x6d83e9]
V  [jvm.dll+0x8b5736]
V  [jvm.dll+0x8b7cee]
V  [jvm.dll+0x8b83d3]
V  [jvm.dll+0x284596]
V  [jvm.dll+0x8b147e]
V  [jvm.dll+0x679ad4]
V  [jvm.dll+0x1e849b]
V  [jvm.dll+0x1e825e]
V  [jvm.dll+0x67c3d2]
V  [jvm.dll+0x67c202]
V  [jvm.dll+0x67a4ae]
V  [jvm.dll+0x26e440]
V  [jvm.dll+0x684715]
V  [jvm.dll+0x21973e]
V  [jvm.dll+0x219be5]
V  [jvm.dll+0x21a5d8]
V  [jvm.dll+0x20f80e]
V  [jvm.dll+0x5b6a7f]
V  [jvm.dll+0x82f606]
V  [jvm.dll+0x4792f8]
V  [jvm.dll+0x47f128]
C  [java.dll+0x17ec]

Java frames: (J=compiled Java code, j=interpreted, Vv=VM code)
J 935  java.lang.ClassLoader.defineClass1(Ljava/lang/ClassLoader;Ljava/lang/String;[BIILjava/security/ProtectionDomain;Ljava/lang/String;)Ljava/lang/Class; java.base@21.0.12.1 (0 bytes) @ 0x0000026ed12ddd11 [0x0000026ed12ddc40+0x00000000000000d1]
J 4255 c2 java.security.SecureClassLoader.defineClass(Ljava/lang/String;[BIILjava/security/CodeSource;)Ljava/lang/Class; java.base@21.0.12.1 (16 bytes) @ 0x0000026ed14cb534 [0x0000026ed14caec0+0x0000000000000674]
J 3260 c2 java.net.URLClassLoader.findClass(Ljava/lang/String;)Ljava/lang/Class; java.base@21.0.12.1 (47 bytes) @ 0x0000026ed1413ed4 [0x0000026ed14126e0+0x00000000000017f4]
J 3059 c2 java.lang.ClassLoader.loadClass(Ljava/lang/String;Z)Ljava/lang/Class; java.base@21.0.12.1 (121 bytes) @ 0x0000026ed13d69fc [0x0000026ed13d3600+0x00000000000033fc]
J 3852 c2 java.lang.ClassLoader.loadClass(Ljava/lang/String;)Ljava/lang/Class; java.base@21.0.12.1 (7 bytes) @ 0x0000026ed14888ec [0x0000026ed14888a0+0x000000000000004c]
v  ~StubRoutines::call_stub 0x0000026ed0b310e7
j  org.codehaus.groovy.runtime.DefaultGroovyMethods.<clinit>()V+249
v  ~StubRoutines::call_stub 0x0000026ed0b310e7
j  org.codehaus.groovy.vmplugin.VMPluginFactory.lambda$createPlugin$0()Lorg/codehaus/groovy/vmplugin/VMPlugin;+60
j  org.codehaus.groovy.vmplugin.VMPluginFactory$$Lambda+0x0000026edf57adb0.run()Ljava/lang/Object;+0
J 1745 c1 java.security.AccessController.doPrivileged(Ljava/security/PrivilegedAction;)Ljava/lang/Object; java.base@21.0.12.1 (9 bytes) @ 0x0000026ec9a136d4 [0x0000026ec9a13560+0x0000000000000174]
j  org.codehaus.groovy.vmplugin.VMPluginFactory.doPrivileged(Ljava/security/PrivilegedAction;)Ljava/lang/Object;+1
j  org.codehaus.groovy.vmplugin.VMPluginFactory.createPlugin()Lorg/codehaus/groovy/vmplugin/VMPlugin;+5
j  org.codehaus.groovy.vmplugin.VMPluginFactory.<clinit>()V+61
v  ~StubRoutines::call_stub 0x0000026ed0b310e7
j  org.codehaus.groovy.reflection.ReflectionUtils.<clinit>()V+0
v  ~StubRoutines::call_stub 0x0000026ed0b310e7
j  org.codehaus.groovy.reflection.CachedClass$3.lambda$initValue$1(Ljava/lang/reflect/Method;)Z+3
j  org.codehaus.groovy.reflection.CachedClass$3$$Lambda+0x0000026edf57a0e0.test(Ljava/lang/Object;)Z+4
J 2196 c1 java.util.stream.ReferencePipeline$2$1.accept(Ljava/lang/Object;)V java.base@21.0.12.1 (27 bytes) @ 0x0000026ec9ae6004 [0x0000026ec9ae5ee0+0x0000000000000124]
J 2196 c1 java.util.stream.ReferencePipeline$2$1.accept(Ljava/lang/Object;)V java.base@21.0.12.1 (27 bytes) @ 0x0000026ec9ae60ec [0x0000026ec9ae5ee0+0x000000000000020c]
j  java.util.Spliterators$ArraySpliterator.forEachRemaining(Ljava/util/function/Consumer;)V+53 java.base@21.0.12.1
J 3482 c1 java.util.stream.AbstractPipeline.copyInto(Ljava/util/stream/Sink;Ljava/util/Spliterator;)V java.base@21.0.12.1 (54 bytes) @ 0x0000026ec9d81e1c [0x0000026ec9d81a40+0x00000000000003dc]
J 3480 c1 java.util.stream.AbstractPipeline.wrapAndCopyInto(Ljava/util/stream/Sink;Ljava/util/Spliterator;)Ljava/util/stream/Sink; java.base@21.0.12.1 (18 bytes) @ 0x0000026ec9d814bc [0x0000026ec9d81280+0x000000000000023c]
j  java.util.stream.AbstractPipeline.evaluate(Ljava/util/Spliterator;ZLjava/util/function/IntFunction;)Ljava/util/stream/Node;+32 java.base@21.0.12.1
j  java.util.stream.AbstractPipeline.evaluateToArrayNode(Ljava/util/function/IntFunction;)Ljava/util/stream/Node;+74 java.base@21.0.12.1
j  java.util.stream.ReferencePipeline.toArray(Ljava/util/function/IntFunction;)[Ljava/lang/Object;+4 java.base@21.0.12.1
j  org.codehaus.groovy.reflection.CachedClass$3.lambda$initValue$4()[Lorg/codehaus/groovy/reflection/CachedMethod;+49
j  org.codehaus.groovy.reflection.CachedClass$3$$Lambda+0x0000026edf578680.run()Ljava/lang/Object;+4
J 1745 c1 java.security.AccessController.doPrivileged(Ljava/security/PrivilegedAction;)Ljava/lang/Object; java.base@21.0.12.1 (9 bytes) @ 0x0000026ec9a136d4 [0x0000026ec9a13560+0x0000000000000174]
j  org.codehaus.groovy.reflection.CachedClass.doPrivileged(Ljava/security/PrivilegedAction;)Ljava/lang/Object;+1
j  org.codehaus.groovy.reflection.CachedClass.access$000(Ljava/security/PrivilegedAction;)Ljava/lang/Object;+1
j  org.codehaus.groovy.reflection.CachedClass$3.initValue()[Lorg/codehaus/groovy/reflection/CachedMethod;+8
j  org.codehaus.groovy.reflection.CachedClass$3.initValue()Ljava/lang/Object;+1
j  org.codehaus.groovy.util.LazyReference.getLocked(Z)Ljava/lang/Object;+32
j  org.codehaus.groovy.util.LazyReference.get()Ljava/lang/Object;+14
j  org.codehaus.groovy.reflection.CachedClass.getMethods()[Lorg/codehaus/groovy/reflection/CachedMethod;+4
j  org.codehaus.groovy.reflection.stdclasses.CachedClosureClass.<init>(Ljava/lang/Class;Lorg/codehaus/groovy/reflection/ClassInfo;)V+7
j  org.codehaus.groovy.reflection.ClassInfo.createCachedClass(Ljava/lang/Class;Lorg/codehaus/groovy/reflection/ClassInfo;)Lorg/codehaus/groovy/reflection/CachedClass;+475
j  org.codehaus.groovy.reflection.ClassInfo.access$300(Ljava/lang/Class;Lorg/codehaus/groovy/reflection/ClassInfo;)Lorg/codehaus/groovy/reflection/CachedClass;+2
j  org.codehaus.groovy.reflection.ClassInfo$LazyCachedClassRef.initValue()Lorg/codehaus/groovy/reflection/CachedClass;+17
j  org.codehaus.groovy.reflection.ClassInfo$LazyCachedClassRef.initValue()Ljava/lang/Object;+1
j  org.codehaus.groovy.util.LazyReference.getLocked(Z)Ljava/lang/Object;+32
j  org.codehaus.groovy.util.LazyReference.get()Ljava/lang/Object;+14
j  org.codehaus.groovy.reflection.ClassInfo.getCachedClass()Lorg/codehaus/groovy/reflection/CachedClass;+4
j  org.codehaus.groovy.reflection.ReflectionCache.getCachedClass(Ljava/lang/Class;)Lorg/codehaus/groovy/reflection/CachedClass;+10
j  org.codehaus.groovy.runtime.metaclass.MetaClassRegistryImpl.registerMethods(Ljava/lang/Class;ZZLjava/util/Map;)V+116
j  org.codehaus.groovy.runtime.metaclass.MetaClassRegistryImpl.<init>(IZ)V+165
j  org.codehaus.groovy.runtime.metaclass.MetaClassRegistryImpl.<init>()V+3
j  groovy.lang.GroovySystem.<clinit>()V+8
v  ~StubRoutines::call_stub 0x0000026ed0b310e7
j  org.codehaus.groovy.runtime.InvokerHelper.<clinit>()V+20
v  ~StubRoutines::call_stub 0x0000026ed0b310e7
j  groovy.lang.GroovyObjectSupport.getDefaultMetaClass()Lgroovy/lang/MetaClass;+4
j  groovy.lang.GroovyObjectSupport.<init>()V+6
j  org.gradle.internal.extensibility.DefaultExtraPropertiesExtension.<init>()V+1
j  org.gradle.internal.extensibility.DefaultExtensionContainer.<init>(Lorg/gradle/internal/instantiation/InstanceGenerator;)V+33
j  org.gradle.internal.extensibility.ExtensibleDynamicObject.<init>(Ljava/lang/Object;Lorg/gradle/internal/metaobject/AbstractDynamicObject;Lorg/gradle/internal/instantiation/InstanceGenerator;)V+8
j  org.gradle.internal.instantiation.generator.MixInExtensibleDynamicObject.<init>(Ljava/lang/Object;Ljava/lang/Class;Lorg/gradle/internal/metaobject/DynamicObject;Lorg/gradle/internal/service/ServiceLookup;)V+13
j  org.gradle.initialization.DefaultSettings_Decorated.getAsDynamicObject()Lorg/gradle/internal/metaobject/DynamicObject;+26
j  org.gradle.initialization.DefaultSettings_Decorated.getExtensions()Lorg/gradle/api/plugins/ExtensionContainer;+1
j  org.gradle.initialization.SettingsFactory.createSettings(Lorg/gradle/api/internal/GradleInternal;Ljava/io/File;Lorg/gradle/groovy/scripts/ScriptSource;Lorg/gradle/api/internal/properties/GradleProperties;Lorg/gradle/StartParameter;Lorg/gradle/api/internal/initialization/ClassLoaderScope;)Lorg/gradle/initialization/SettingsState;+126
j  org.gradle.initialization.ScriptEvaluatingSettingsProcessor.process(Lorg/gradle/api/internal/GradleInternal;Lorg/gradle/initialization/SettingsLocation;Lorg/gradle/api/internal/initialization/ClassLoaderScope;Lorg/gradle/api/internal/StartParameterInternal;)Lorg/gradle/initialization/SettingsState;+47
j  org.gradle.initialization.SettingsEvaluatedCallbackFiringSettingsProcessor.process(Lorg/gradle/api/internal/GradleInternal;Lorg/gradle/initialization/SettingsLocation;Lorg/gradle/api/internal/initialization/ClassLoaderScope;Lorg/gradle/api/internal/StartParameterInternal;)Lorg/gradle/initialization/SettingsState;+9
j  org.gradle.features.internal.initialization.SharedModelDefaultsSettingsProcessor.process(Lorg/gradle/api/internal/GradleInternal;Lorg/gradle/initialization/SettingsLocation;Lorg/gradle/api/internal/initialization/ClassLoaderScope;Lorg/gradle/api/internal/StartParameterInternal;)Lorg/gradle/initialization/SettingsState;+9
j  org.gradle.initialization.RootBuildCacheControllerSettingsProcessor.process(Lorg/gradle/api/internal/GradleInternal;Lorg/gradle/initialization/SettingsLocation;Lorg/gradle/api/internal/initialization/ClassLoaderScope;Lorg/gradle/api/internal/StartParameterInternal;)Lorg/gradle/initialization/SettingsState;+9
j  org.gradle.initialization.BuildOperationSettingsProcessor$2.call(Lorg/gradle/internal/operations/BuildOperationContext;)Lorg/gradle/initialization/SettingsState;+23
j  org.gradle.initialization.BuildOperationSettingsProcessor$2.call(Lorg/gradle/internal/operations/BuildOperationContext;)Ljava/lang/Object;+2
j  org.gradle.internal.operations.DefaultBuildOperationRunner$CallableBuildOperationWorker.execute(Lorg/gradle/internal/operations/CallableBuildOperation;Lorg/gradle/internal/operations/BuildOperationContext;)V+3
j  org.gradle.internal.operations.DefaultBuildOperationRunner$CallableBuildOperationWorker.execute(Lorg/gradle/internal/operations/BuildOperation;Lorg/gradle/internal/operations/BuildOperationContext;)V+6
j  org.gradle.internal.operations.DefaultBuildOperationRunner$2.execute(Lorg/gradle/internal/operations/BuildOperationDescriptor;Lorg/gradle/internal/operations/BuildOperationState;Lorg/gradle/internal/operations/BuildOperationState;Lorg/gradle/internal/operations/DefaultBuildOperationRunner$ReadableBuildOperationContext;Lorg/gradle/internal/operations/DefaultBuildOperationRunner$BuildOperationExecutionListener;)Lorg/gradle/internal/operations/BuildOperation;+22
j  org.gradle.internal.operations.DefaultBuildOperationRunner$2.execute(Lorg/gradle/internal/operations/BuildOperationDescriptor;Lorg/gradle/internal/operations/BuildOperationState;Lorg/gradle/internal/operations/BuildOperationState;Lorg/gradle/internal/operations/DefaultBuildOperationRunner$ReadableBuildOperationContext;Lorg/gradle/internal/operations/DefaultBuildOperationRunner$BuildOperationExecutionListener;)Ljava/lang/Object;+8
j  org.gradle.internal.operations.DefaultBuildOperationRunner.execute(Lorg/gradle/internal/operations/BuildOperationDescriptor$Builder;Lorg/gradle/internal/operations/DefaultBuildOperationRunner$BuildOperationExecution;)Ljava/lang/Object;+141
j  org.gradle.internal.operations.DefaultBuildOperationRunner.execute(Lorg/gradle/internal/operations/BuildOperation;Lorg/gradle/internal/operations/BuildOperationWorker;)V+17
j  org.gradle.internal.operations.DefaultBuildOperationRunner.call(Lorg/gradle/internal/operations/CallableBuildOperation;)Ljava/lang/Object;+12
j  org.gradle.initialization.BuildOperationSettingsProcessor.process(Lorg/gradle/api/internal/GradleInternal;Lorg/gradle/initialization/SettingsLocation;Lorg/gradle/api/internal/initialization/ClassLoaderScope;Lorg/gradle/api/internal/StartParameterInternal;)Lorg/gradle/initialization/SettingsState;+17
j  org.gradle.initialization.DefaultSettingsPreparer.findSettingsAndLoadIfAppropriate(Lorg/gradle/api/internal/GradleInternal;Lorg/gradle/api/internal/StartParameterInternal;Lorg/gradle/initialization/layout/BuildLayout;Lorg/gradle/api/internal/initialization/ClassLoaderScope;)Lorg/gradle/initialization/SettingsState;+41
j  org.gradle.initialization.DefaultSettingsPreparer.findAndLoadSettings(Lorg/gradle/api/internal/GradleInternal;)Lorg/gradle/initialization/SettingsState;+135
j  org.gradle.initialization.DefaultSettingsPreparer.loadBuild(Lorg/gradle/api/internal/GradleInternal;)V+43
j  org.gradle.initialization.DefaultSettingsPreparer.access$000(Lorg/gradle/initialization/DefaultSettingsPreparer;Lorg/gradle/api/internal/GradleInternal;)V+2
j  org.gradle.initialization.DefaultSettingsPreparer$2.run(Lorg/gradle/internal/operations/BuildOperationContext;)V+8
j  org.gradle.internal.operations.DefaultBuildOperationRunner$1.execute(Lorg/gradle/internal/operations/RunnableBuildOperation;Lorg/gradle/internal/operations/BuildOperationContext;)V+2
j  org.gradle.internal.operations.DefaultBuildOperationRunner$1.execute(Lorg/gradle/internal/operations/BuildOperation;Lorg/gradle/internal/operations/BuildOperationContext;)V+6
j  org.gradle.internal.operations.DefaultBuildOperationRunner$2.execute(Lorg/gradle/internal/operations/BuildOperationDescriptor;Lorg/gradle/internal/operations/BuildOperationState;Lorg/gradle/internal/operations/BuildOperationState;Lorg/gradle/internal/operations/DefaultBuildOperationRunner$ReadableBuildOperationContext;Lorg/gradle/internal/operations/DefaultBuildOperationRunner$BuildOperationExecutionListener;)Lorg/gradle/internal/operations/BuildOperation;+22
j  org.gradle.internal.operations.DefaultBuildOperationRunner$2.execute(Lorg/gradle/internal/operations/BuildOperationDescriptor;Lorg/gradle/internal/operations/BuildOperationState;Lorg/gradle/internal/operations/BuildOperationState;Lorg/gradle/internal/operations/DefaultBuildOperationRunner$ReadableBuildOperationContext;Lorg/gradle/internal/operations/DefaultBuildOperationRunner$BuildOperationExecutionListener;)Ljava/lang/Object;+8
j  org.gradle.internal.operations.DefaultBuildOperationRunner.execute(Lorg/gradle/internal/operations/BuildOperationDescriptor$Builder;Lorg/gradle/internal/operations/DefaultBuildOperationRunner$BuildOperationExecution;)Ljava/lang/Object;+141
j  org.gradle.internal.operations.DefaultBuildOperationRunner.execute(Lorg/gradle/internal/operations/BuildOperation;Lorg/gradle/internal/operations/BuildOperationWorker;)V+17
j  org.gradle.internal.operations.DefaultBuildOperationRunner.run(Lorg/gradle/internal/operations/RunnableBuildOperation;)V+5
j  org.gradle.initialization.DefaultSettingsPreparer.prepareSettings(Lorg/gradle/api/internal/GradleInternal;)V+31
j  org.gradle.initialization.VintageBuildModelController.lambda$prepareSettings$0()V+8
j  org.gradle.initialization.VintageBuildModelController$$Lambda+0x0000026edf45a178.run()V+4
j  org.gradle.internal.model.StateTransitionController.lambda$doTransition$0(Ljava/lang/Runnable;)Lorg/gradle/internal/build/ExecutionResult;+1
j  org.gradle.internal.model.StateTransitionController$$Lambda+0x0000026edf45a5c8.get()Ljava/lang/Object;+4
j  org.gradle.internal.model.StateTransitionController.doTransition(Lorg/gradle/internal/model/StateTransitionController$State;Lorg/gradle/internal/model/StateTransitionController$State;Ljava/util/function/Supplier;)Lorg/gradle/internal/build/ExecutionResult;+24
j  org.gradle.internal.model.StateTransitionController.doTransition(Lorg/gradle/internal/model/StateTransitionController$State;Lorg/gradle/internal/model/StateTransitionController$State;Ljava/lang/Runnable;)V+9
j  org.gradle.internal.model.StateTransitionController.lambda$transitionIfNotPreviously$0(Lorg/gradle/internal/model/StateTransitionController$State;Lorg/gradle/internal/model/StateTransitionController$State;Ljava/lang/Runnable;)V+16
j  org.gradle.internal.model.StateTransitionController$$Lambda+0x0000026edf45a3a0.run()V+16
j  org.gradle.internal.work.DefaultSynchronizer.withLock(Ljava/lang/Runnable;)V+6
j  org.gradle.internal.model.StateTransitionController.transitionIfNotPreviously(Lorg/gradle/internal/model/StateTransitionController$State;Lorg/gradle/internal/model/StateTransitionController$State;Ljava/lang/Runnable;)V+13
j  org.gradle.initialization.VintageBuildModelController.prepareSettings()V+16
j  org.gradle.initialization.VintageBuildModelController.getConfiguredModel()Lorg/gradle/api/internal/GradleInternal;+1
j  org.gradle.internal.build.DefaultBuildLifecycleController$$Lambda+0x0000026edf459d28.get()Ljava/lang/Object;+4
j  org.gradle.internal.model.StateTransitionController.lambda$notInState$0(Lorg/gradle/internal/model/StateTransitionController$State;Ljava/util/function/Supplier;)Ljava/lang/Object;+11
j  org.gradle.internal.model.StateTransitionController$$Lambda+0x0000026edf459f50.create()Ljava/lang/Object;+12
j  org.gradle.internal.work.DefaultSynchronizer.withLock(Lorg/gradle/internal/Factory;)Ljava/lang/Object;+6
j  org.gradle.internal.model.StateTransitionController.notInState(Lorg/gradle/internal/model/StateTransitionController$State;Ljava/util/function/Supplier;)Ljava/lang/Object;+12
j  org.gradle.internal.build.DefaultBuildLifecycleController.configureProjects()V+21
j  org.gradle.internal.build.DefaultBuildToolingModelController$$Lambda+0x0000026edf4598d8.run()V+4
j  org.gradle.internal.build.DefaultBuildToolingModelController.lambda$tryRunConfiguration$0(Ljava/lang/Runnable;)Ljava/lang/Void;+1
j  org.gradle.internal.build.DefaultBuildToolingModelController$$Lambda+0x0000026edf459b00.call()Ljava/lang/Object;+4
j  org.gradle.internal.Try.ofFailable(Ljava/util/concurrent/Callable;)Lorg/gradle/internal/Try;+1
j  org.gradle.internal.build.DefaultBuildToolingModelController.tryRunConfiguration(Ljava/lang/Runnable;)Lorg/gradle/internal/Try;+6
j  org.gradle.internal.build.DefaultBuildToolingModelController.configureBuild()Lorg/gradle/internal/Try;+14
j  org.gradle.internal.build.DefaultBuildToolingModelController.locateBuilderForTarget(Lorg/gradle/internal/buildtree/ToolingModelRequestContext;)Lorg/gradle/tooling/provider/model/internal/ToolingModelScope;+36
j  org.gradle.internal.buildtree.DefaultBuildTreeModelCreator$DefaultBuildTreeModelController.lambda$locateBuilderForBuildTarget$0(Lorg/gradle/internal/buildtree/ToolingModelRequestContext;Lorg/gradle/internal/build/BuildToolingModelController;)Lorg/gradle/tooling/provider/model/internal/ToolingModelScope;+2
j  org.gradle.internal.buildtree.DefaultBuildTreeModelCreator$DefaultBuildTreeModelController$$Lambda+0x0000026edf442458.apply(Ljava/lang/Object;)Ljava/lang/Object;+8
j  org.gradle.internal.build.DefaultBuildLifecycleController.withToolingModels(ZLjava/util/function/Function;)Ljava/lang/Object;+16
j  org.gradle.internal.build.AbstractBuildState.withToolingModels(ZLjava/util/function/Function;)Ljava/lang/Object;+6
j  org.gradle.internal.buildtree.DefaultBuildTreeModelCreator$DefaultBuildTreeModelController.locateBuilderForBuildTarget(Lorg/gradle/internal/build/BuildState;Lorg/gradle/internal/buildtree/ToolingModelRequestContext;)Lorg/gradle/tooling/provider/model/internal/ToolingModelScope;+11
j  org.gradle.internal.buildtree.DefaultBuildTreeModelCreator$DefaultBuildTreeModelController.locateBuilderForDefaultTarget(Lorg/gradle/internal/buildtree/ToolingModelRequestContext;)Lorg/gradle/tooling/provider/model/internal/ToolingModelScope;+9
j  org.gradle.internal.buildtree.DefaultBuildTreeModelCreator$DefaultBuildTreeModelController.locateBuilderForTarget(Lorg/gradle/internal/buildtree/BuildTreeModelTarget;Lorg/gradle/internal/buildtree/ToolingModelRequestContext;)Lorg/gradle/tooling/provider/model/internal/ToolingModelScope;+9
j  org.gradle.internal.buildtree.DefaultBuildTreeModelCreator$DefaultBuildTreeModelController.access$100(Lorg/gradle/internal/buildtree/DefaultBuildTreeModelCreator$DefaultBuildTreeModelController;Lorg/gradle/internal/buildtree/BuildTreeModelTarget;Lorg/gradle/internal/buildtree/ToolingModelRequestContext;)Lorg/gradle/tooling/provider/model/internal/ToolingModelScope;+3
j  org.gradle.internal.buildtree.DefaultBuildTreeModelCreator$DefaultBuildTreeModelController$1.call(Lorg/gradle/internal/operations/BuildOperationContext;)Lorg/gradle/tooling/provider/model/internal/ToolingModelBuilderResultInternal;+12
j  org.gradle.internal.buildtree.DefaultBuildTreeModelCreator$DefaultBuildTreeModelController$1.call(Lorg/gradle/internal/operations/BuildOperationContext;)Ljava/lang/Object;+2
j  org.gradle.internal.operations.DefaultBuildOperationRunner$CallableBuildOperationWorker.execute(Lorg/gradle/internal/operations/CallableBuildOperation;Lorg/gradle/internal/operations/BuildOperationContext;)V+3
j  org.gradle.internal.operations.DefaultBuildOperationRunner$CallableBuildOperationWorker.execute(Lorg/gradle/internal/operations/BuildOperation;Lorg/gradle/internal/operations/BuildOperationContext;)V+6
j  org.gradle.internal.operations.DefaultBuildOperationRunner$2.execute(Lorg/gradle/internal/operations/BuildOperationDescriptor;Lorg/gradle/internal/operations/BuildOperationState;Lorg/gradle/internal/operations/BuildOperationState;Lorg/gradle/internal/operations/DefaultBuildOperationRunner$ReadableBuildOperationContext;Lorg/gradle/internal/operations/DefaultBuildOperationRunner$BuildOperationExecutionListener;)Lorg/gradle/internal/operations/BuildOperation;+22
j  org.gradle.internal.operations.DefaultBuildOperationRunner$2.execute(Lorg/gradle/internal/operations/BuildOperationDescriptor;Lorg/gradle/internal/operations/BuildOperationState;Lorg/gradle/internal/operations/BuildOperationState;Lorg/gradle/internal/operations/DefaultBuildOperationRunner$ReadableBuildOperationContext;Lorg/gradle/internal/operations/DefaultBuildOperationRunner$BuildOperationExecutionListener;)Ljava/lang/Object;+8
j  org.gradle.internal.operations.DefaultBuildOperationRunner.execute(Lorg/gradle/internal/operations/BuildOperationDescriptor$Builder;Lorg/gradle/internal/operations/DefaultBuildOperationRunner$BuildOperationExecution;)Ljava/lang/Object;+141
j  org.gradle.internal.operations.DefaultBuildOperationRunner.execute(Lorg/gradle/internal/operations/BuildOperation;Lorg/gradle/internal/operations/BuildOperationWorker;)V+17
j  org.gradle.internal.operations.DefaultBuildOperationRunner.call(Lorg/gradle/internal/operations/CallableBuildOperation;)Ljava/lang/Object;+12
j  org.gradle.internal.buildtree.DefaultBuildTreeModelCreator$DefaultBuildTreeModelController.getModel(Lorg/gradle/internal/buildtree/BuildTreeModelTarget;Lorg/gradle/internal/buildtree/ToolingModelRequestContext;)Lorg/gradle/tooling/provider/model/internal/ToolingModelBuilderResultInternal;+17
j  org.gradle.tooling.internal.provider.runner.BuildModelActionRunner$ModelCreateAction.fromBuildModel(Lorg/gradle/internal/buildtree/BuildTreeModelController;)Lorg/gradle/tooling/provider/model/internal/ToolingModelBuilderResultInternal;+24
j  org.gradle.tooling.internal.provider.runner.BuildModelActionRunner$ModelCreateAction.fromBuildModel(Lorg/gradle/internal/buildtree/BuildTreeModelController;)Ljava/lang/Object;+2
j  org.gradle.internal.buildtree.DefaultBuildTreeModelCreator.fromBuildModel(Lorg/gradle/internal/buildtree/BuildTreeModelAction;)Lorg/gradle/internal/buildtree/BuildTreeModelCreatorResult;+18
j  org.gradle.internal.cc.impl.barrier.BarrierAwareBuildTreeModelCreator.fromBuildModel$lambda$0(Lorg/gradle/internal/cc/impl/barrier/BarrierAwareBuildTreeModelCreator;Lorg/gradle/internal/buildtree/BuildTreeModelAction;)Lorg/gradle/internal/buildtree/BuildTreeModelCreatorResult;+5
j  org.gradle.internal.cc.impl.barrier.BarrierAwareBuildTreeModelCreator$$Lambda+0x0000026edf423940.invoke()Ljava/lang/Object;+8
j  org.gradle.internal.cc.impl.barrier.VintageConfigurationTimeActionRunner.runConfigurationTimeAction(Lkotlin/jvm/functions/Function0;)Ljava/lang/Object;+25
j  org.gradle.internal.cc.impl.barrier.BarrierAwareBuildTreeModelCreator.fromBuildModel(Lorg/gradle/internal/buildtree/BuildTreeModelAction;)Lorg/gradle/internal/buildtree/BuildTreeModelCreatorResult;+17
j  org.gradle.internal.buildtree.DefaultBuildTreeLifecycleController.lambda$fromBuildModel$2(Lorg/gradle/internal/buildtree/BuildTreeModelAction;)Lorg/gradle/internal/buildtree/BuildTreeModelCreatorResult;+5
j  org.gradle.internal.buildtree.DefaultBuildTreeLifecycleController$$Lambda+0x0000026edf4419b0.call()Ljava/lang/Object;+8
j  org.gradle.internal.Try.ofFailable(Ljava/util/concurrent/Callable;)Lorg/gradle/internal/Try;+1
j  org.gradle.internal.buildtree.DefaultBuildTreeLifecycleController.runModelAction(Ljava/util/concurrent/Callable;)Lorg/gradle/internal/build/ExecutionResult;+1
j  org.gradle.internal.buildtree.DefaultBuildTreeLifecycleController.lambda$fromBuildModel$0(Lorg/gradle/internal/buildtree/BuildTreeModelAction;Z)Lorg/gradle/internal/build/ExecutionResult;+48
j  org.gradle.internal.buildtree.DefaultBuildTreeLifecycleController$$Lambda+0x0000026edf439250.get()Ljava/lang/Object;+12
j  org.gradle.internal.buildtree.DefaultBuildTreeLifecycleController.lambda$runBuild$0(Ljava/util/function/Supplier;)Ljava/lang/Object;+1
j  org.gradle.internal.buildtree.DefaultBuildTreeLifecycleController$$Lambda+0x0000026edf439478.get()Ljava/lang/Object;+8
j  org.gradle.internal.model.StateTransitionController.lambda$transition$2(Ljava/util/function/Supplier;)Lorg/gradle/internal/build/ExecutionResult;+1
j  org.gradle.internal.model.StateTransitionController$$Lambda+0x0000026edf4398c8.get()Ljava/lang/Object;+4
j  org.gradle.internal.model.StateTransitionController.doTransition(Lorg/gradle/internal/model/StateTransitionController$State;Lorg/gradle/internal/model/StateTransitionController$State;Ljava/util/function/Supplier;)Lorg/gradle/internal/build/ExecutionResult;+24
j  org.gradle.internal.model.StateTransitionController.lambda$transition$1(Lorg/gradle/internal/model/StateTransitionController$State;Lorg/gradle/internal/model/StateTransitionController$State;Ljava/util/function/Supplier;)Ljava/lang/Object;+9
j  org.gradle.internal.model.StateTransitionController$$Lambda+0x0000026edf4396a0.create()Ljava/lang/Object;+16
j  org.gradle.internal.work.DefaultSynchronizer.withLock(Lorg/gradle/internal/Factory;)Ljava/lang/Object;+6
j  org.gradle.internal.model.StateTransitionController.transition(Lorg/gradle/internal/model/StateTransitionController$State;Lorg/gradle/internal/model/StateTransitionController$State;Ljava/util/function/Supplier;)Ljava/lang/Object;+13
j  org.gradle.internal.buildtree.DefaultBuildTreeLifecycleController.runBuild(Ljava/util/function/Supplier;)Ljava/lang/Object;+17
j  org.gradle.internal.buildtree.DefaultBuildTreeLifecycleController.fromBuildModel(ZLorg/gradle/internal/buildtree/BuildTreeModelAction;)Ljava/lang/Object;+9
j  org.gradle.tooling.internal.provider.runner.BuildModelActionRunner.run(Lorg/gradle/internal/invocation/BuildAction;Lorg/gradle/internal/buildtree/BuildTreeLifecycleController;)Lorg/gradle/internal/buildtree/BuildActionRunner$Result;+40
j  org.gradle.launcher.exec.ChainingBuildActionRunner.run(Lorg/gradle/internal/invocation/BuildAction;Lorg/gradle/internal/buildtree/BuildTreeLifecycleController;)Lorg/gradle/internal/buildtree/BuildActionRunner$Result;+34
j  org.gradle.internal.buildtree.ProblemReportingBuildActionRunner.run(Lorg/gradle/internal/invocation/BuildAction;Lorg/gradle/internal/buildtree/BuildTreeLifecycleController;)Lorg/gradle/internal/buildtree/BuildActionRunner$Result;+12
j  org.gradle.launcher.exec.BuildOutcomeReportingBuildActionRunner.run(Lorg/gradle/internal/invocation/BuildAction;Lorg/gradle/internal/buildtree/BuildTreeLifecycleController;)Lorg/gradle/internal/buildtree/BuildActionRunner$Result;+69
j  org.gradle.tooling.internal.provider.FileSystemWatchingBuildActionRunner.run(Lorg/gradle/internal/invocation/BuildAction;Lorg/gradle/internal/buildtree/BuildTreeLifecycleController;)Lorg/gradle/internal/buildtree/BuildActionRunner$Result;+240
j  org.gradle.launcher.exec.BuildCompletionNotifyingBuildActionRunner.run(Lorg/gradle/internal/invocation/BuildAction;Lorg/gradle/internal/buildtree/BuildTreeLifecycleController;)Lorg/gradle/internal/buildtree/BuildActionRunner$Result;+6
j  org.gradle.launcher.exec.RootBuildLifecycleBuildActionExecutor.lambda$execute$0(Lorg/gradle/internal/invocation/BuildAction;Lorg/gradle/internal/buildtree/BuildTreeLifecycleController;)Lorg/gradle/internal/buildtree/BuildActionRunner$Result;+6
j  org.gradle.launcher.exec.RootBuildLifecycleBuildActionExecutor$$Lambda+0x0000026edf4272d8.apply(Ljava/lang/Object;)Ljava/lang/Object;+12
j  org.gradle.composite.internal.DefaultRootBuildState.run(Ljava/util/function/Function;)Ljava/lang/Object;+92
j  org.gradle.launcher.exec.RootBuildLifecycleBuildActionExecutor.execute(Lorg/gradle/internal/invocation/BuildAction;)Lorg/gradle/internal/buildtree/BuildActionRunner$Result;+87
j  org.gradle.launcher.exec.DefaultBuildTreeActionExecutor.runBuildTreeLifecycle(Lorg/gradle/internal/invocation/BuildAction;Lorg/gradle/internal/service/ServiceRegistry;)Lorg/gradle/internal/buildtree/BuildActionRunner$Result;+83
j  org.gradle.launcher.exec.DefaultBuildTreeActionExecutor.access$100(Lorg/gradle/launcher/exec/DefaultBuildTreeActionExecutor;Lorg/gradle/internal/invocation/BuildAction;Lorg/gradle/internal/service/ServiceRegistry;)Lorg/gradle/internal/buildtree/BuildActionRunner$Result;+3
j  org.gradle.launcher.exec.DefaultBuildTreeActionExecutor$2.call(Lorg/gradle/internal/operations/BuildOperationContext;)Lorg/gradle/internal/buildtree/BuildActionRunner$Result;+22
j  org.gradle.launcher.exec.DefaultBuildTreeActionExecutor$2.call(Lorg/gradle/internal/operations/BuildOperationContext;)Ljava/lang/Object;+2
j  org.gradle.internal.operations.DefaultBuildOperationRunner$CallableBuildOperationWorker.execute(Lorg/gradle/internal/operations/CallableBuildOperation;Lorg/gradle/internal/operations/BuildOperationContext;)V+3
j  org.gradle.internal.operations.DefaultBuildOperationRunner$CallableBuildOperationWorker.execute(Lorg/gradle/internal/operations/BuildOperation;Lorg/gradle/internal/operations/BuildOperationContext;)V+6
j  org.gradle.internal.operations.DefaultBuildOperationRunner$2.execute(Lorg/gradle/internal/operations/BuildOperationDescriptor;Lorg/gradle/internal/operations/BuildOperationState;Lorg/gradle/internal/operations/BuildOperationState;Lorg/gradle/internal/operations/DefaultBuildOperationRunner$ReadableBuildOperationContext;Lorg/gradle/internal/operations/DefaultBuildOperationRunner$BuildOperationExecutionListener;)Lorg/gradle/internal/operations/BuildOperation;+22
j  org.gradle.internal.operations.DefaultBuildOperationRunner$2.execute(Lorg/gradle/internal/operations/BuildOperationDescriptor;Lorg/gradle/internal/operations/BuildOperationState;Lorg/gradle/internal/operations/BuildOperationState;Lorg/gradle/internal/operations/DefaultBuildOperationRunner$ReadableBuildOperationContext;Lorg/gradle/internal/operations/DefaultBuildOperationRunner$BuildOperationExecutionListener;)Ljava/lang/Object;+8
j  org.gradle.internal.operations.DefaultBuildOperationRunner.execute(Lorg/gradle/internal/operations/BuildOperationDescriptor$Builder;Lorg/gradle/internal/operations/DefaultBuildOperationRunner$BuildOperationExecution;)Ljava/lang/Object;+141
j  org.gradle.internal.operations.DefaultBuildOperationRunner.execute(Lorg/gradle/internal/operations/BuildOperation;Lorg/gradle/internal/operations/BuildOperationWorker;)V+17
j  org.gradle.internal.operations.DefaultBuildOperationRunner.call(Lorg/gradle/internal/operations/CallableBuildOperation;)Ljava/lang/Object;+12
j  org.gradle.launcher.exec.DefaultBuildTreeActionExecutor.runAsBuildOperation(Lorg/gradle/internal/invocation/BuildAction;Lorg/gradle/internal/service/ServiceRegistry;)Lorg/gradle/internal/buildtree/BuildActionRunner$Result;+23
j  org.gradle.launcher.exec.DefaultBuildTreeActionExecutor.lambda$runBuildTreeAction$0(Lorg/gradle/internal/invocation/BuildAction;Lorg/gradle/internal/service/ServiceRegistry;)Lorg/gradle/internal/buildtree/BuildActionRunner$Result;+3
j  org.gradle.launcher.exec.DefaultBuildTreeActionExecutor$$Lambda+0x0000026edf2bcd28.create()Ljava/lang/Object;+12
j  org.gradle.internal.work.DefaultWorkerLeaseService.lambda$runAndReleaseLocks$0(Lorg/gradle/internal/Factory;Ljava/util/Collection;)Ljava/lang/Object;+1
j  org.gradle.internal.work.DefaultWorkerLeaseService$$Lambda+0x0000026edf2be908.create()Ljava/lang/Object;+12
j  org.gradle.internal.work.ResourceLockStatistics$1.measure(Ljava/lang/String;Ljava/lang/Iterable;Lorg/gradle/internal/Factory;)Ljava/lang/Object;+1
j  org.gradle.internal.work.DefaultWorkerLeaseService.runAndReleaseLocks(Ljava/util/Collection;Lorg/gradle/internal/Factory;)Ljava/lang/Object;+16
j  org.gradle.internal.work.DefaultWorkerLeaseService.withLocksAcquired(Ljava/util/Collection;Lorg/gradle/internal/Factory;)Ljava/lang/Object;+8
j  org.gradle.internal.work.DefaultWorkerLeaseService.withLocks(Ljava/util/Collection;Lorg/gradle/internal/Factory;)Ljava/lang/Object;+25
j  org.gradle.internal.work.DefaultWorkerLeaseService.runAsWorkerThread(Lorg/gradle/internal/Factory;)Ljava/lang/Object;+33
j  org.gradle.launcher.exec.DefaultBuildTreeActionExecutor.runBuildTreeAction(Lorg/gradle/internal/invocation/BuildAction;Lorg/gradle/internal/service/ServiceRegistry;)Lorg/gradle/internal/buildtree/BuildActionRunner$Result;+12
j  org.gradle.tooling.internal.provider.continuous.ContinuousBuildActionExecutor.execute(Lorg/gradle/internal/invocation/BuildAction;Lorg/gradle/internal/session/BuildSessionContext;)Lorg/gradle/internal/buildtree/BuildActionRunner$Result;+63
j  org.gradle.tooling.internal.provider.SubscribableBuildActionExecutor.execute(Lorg/gradle/internal/invocation/BuildAction;Lorg/gradle/internal/session/BuildSessionContext;)Lorg/gradle/internal/buildtree/BuildActionRunner$Result;+30
j  org.gradle.internal.session.DefaultBuildSessionContext.execute(Lorg/gradle/internal/invocation/BuildAction;)Lorg/gradle/internal/buildtree/BuildActionRunner$Result;+64
j  org.gradle.internal.buildprocess.execution.BuildSessionLifecycleBuildActionExecutor$ActionImpl.apply(Lorg/gradle/internal/session/BuildSessionContext;)Lorg/gradle/launcher/exec/BuildActionResult;+6
j  org.gradle.internal.buildprocess.execution.BuildSessionLifecycleBuildActionExecutor$ActionImpl.apply(Ljava/lang/Object;)Ljava/lang/Object;+5
j  org.gradle.internal.session.BuildSessionState.run(Ljava/util/function/Function;)Ljava/lang/Object;+5
j  org.gradle.internal.buildprocess.execution.BuildSessionLifecycleBuildActionExecutor.execute(Lorg/gradle/internal/invocation/BuildAction;Lorg/gradle/launcher/exec/BuildActionParameters;Lorg/gradle/initialization/BuildRequestContext;)Lorg/gradle/launcher/exec/BuildActionResult;+105
j  org.gradle.internal.buildprocess.execution.BuildSessionLifecycleBuildActionExecutor.execute(Lorg/gradle/internal/invocation/BuildAction;Ljava/lang/Object;Ljava/lang/Object;)Lorg/gradle/launcher/exec/BuildActionResult;+10
j  org.gradle.internal.buildprocess.execution.StartParamsValidatingActionExecutor.execute(Lorg/gradle/internal/invocation/BuildAction;Lorg/gradle/launcher/exec/BuildActionParameters;Lorg/gradle/initialization/BuildRequestContext;)Lorg/gradle/launcher/exec/BuildActionResult;+142
j  org.gradle.internal.buildprocess.execution.StartParamsValidatingActionExecutor.execute(Lorg/gradle/internal/invocation/BuildAction;Ljava/lang/Object;Ljava/lang/Object;)Lorg/gradle/launcher/exec/BuildActionResult;+10
j  org.gradle.internal.buildprocess.execution.SessionFailureReportingActionExecutor.execute(Lorg/gradle/internal/invocation/BuildAction;Lorg/gradle/launcher/exec/BuildActionParameters;Lorg/gradle/initialization/BuildRequestContext;)Lorg/gradle/launcher/exec/BuildActionResult;+7
j  org.gradle.internal.buildprocess.execution.SessionFailureReportingActionExecutor.execute(Lorg/gradle/internal/invocation/BuildAction;Ljava/lang/Object;Ljava/lang/Object;)Lorg/gradle/launcher/exec/BuildActionResult;+10
j  org.gradle.internal.buildprocess.execution.SetupLoggingActionExecutor.execute(Lorg/gradle/internal/invocation/BuildAction;Lorg/gradle/launcher/exec/BuildActionParameters;Lorg/gradle/initialization/BuildRequestContext;)Lorg/gradle/launcher/exec/BuildActionResult;+50
j  org.gradle.internal.buildprocess.execution.SetupLoggingActionExecutor.execute(Lorg/gradle/internal/invocation/BuildAction;Ljava/lang/Object;Ljava/lang/Object;)Lorg/gradle/launcher/exec/BuildActionResult;+10
j  org.gradle.launcher.daemon.server.exec.ExecuteBuild.doBuild(Lorg/gradle/launcher/daemon/server/api/DaemonCommandExecution;Lorg/gradle/launcher/daemon/protocol/Build;)V+147
j  org.gradle.launcher.daemon.server.exec.BuildCommandOnly.execute(Lorg/gradle/launcher/daemon/server/api/DaemonCommandExecution;)V+49
j  org.gradle.launcher.daemon.server.api.DaemonCommandExecution.proceed()Z+23
j  org.gradle.launcher.daemon.server.exec.WatchForDisconnection.execute(Lorg/gradle/launcher/daemon/server/api/DaemonCommandExecution;)V+19
j  org.gradle.launcher.daemon.server.api.DaemonCommandExecution.proceed()Z+23
j  org.gradle.launcher.daemon.server.exec.ResetDeprecationLogger.execute(Lorg/gradle/launcher/daemon/server/api/DaemonCommandExecution;)V+7
j  org.gradle.launcher.daemon.server.api.DaemonCommandExecution.proceed()Z+23
j  org.gradle.launcher.daemon.server.exec.RequestStopIfSingleUsedDaemon.execute(Lorg/gradle/launcher/daemon/server/api/DaemonCommandExecution;)V+33
j  org.gradle.launcher.daemon.server.api.DaemonCommandExecution.proceed()Z+23
j  org.gradle.launcher.daemon.server.exec.ForwardClientInput.lambda$execute$0(Lorg/gradle/launcher/daemon/server/api/DaemonCommandExecution;Lorg/gradle/internal/daemon/clientinput/StdinHandler;)Ljava/lang/Object;+11
j  org.gradle.launcher.daemon.server.exec.ForwardClientInput$$Lambda+0x0000026edf19e900.apply(Ljava/lang/Object;)Ljava/lang/Object;+8
j  org.gradle.internal.daemon.clientinput.ClientInputForwarder.forwardInput(Ljava/util/function/Function;)Ljava/lang/Object;+46
j  org.gradle.launcher.daemon.server.exec.ForwardClientInput.execute(Lorg/gradle/launcher/daemon/server/api/DaemonCommandExecution;)V+10
j  org.gradle.launcher.daemon.server.api.DaemonCommandExecution.proceed()Z+23
j  org.gradle.launcher.daemon.server.exec.LogAndCheckHealth.execute(Lorg/gradle/launcher/daemon/server/api/DaemonCommandExecution;)V+51
j  org.gradle.launcher.daemon.server.api.DaemonCommandExecution.proceed()Z+23
j  org.gradle.launcher.daemon.server.exec.ApplyClientEnvironmentVariables.doBuild(Lorg/gradle/launcher/daemon/server/api/DaemonCommandExecution;Lorg/gradle/launcher/daemon/protocol/Build;)V+133
j  org.gradle.launcher.daemon.server.exec.BuildCommandOnly.execute(Lorg/gradle/launcher/daemon/server/api/DaemonCommandExecution;)V+49
j  org.gradle.launcher.daemon.server.api.DaemonCommandExecution.proceed()Z+23
j  org.gradle.launcher.daemon.server.exec.LogToClient.doBuild(Lorg/gradle/launcher/daemon/server/api/DaemonCommandExecution;Lorg/gradle/launcher/daemon/protocol/Build;)V+87
j  org.gradle.launcher.daemon.server.exec.BuildCommandOnly.execute(Lorg/gradle/launcher/daemon/server/api/DaemonCommandExecution;)V+49
j  org.gradle.launcher.daemon.server.api.DaemonCommandExecution.proceed()Z+23
j  org.gradle.launcher.daemon.server.exec.EstablishBuildEnvironment.doBuild(Lorg/gradle/launcher/daemon/server/api/DaemonCommandExecution;Lorg/gradle/launcher/daemon/protocol/Build;)V+225
j  org.gradle.launcher.daemon.server.exec.BuildCommandOnly.execute(Lorg/gradle/launcher/daemon/server/api/DaemonCommandExecution;)V+49
j  org.gradle.launcher.daemon.server.api.DaemonCommandExecution.proceed()Z+23
j  org.gradle.launcher.daemon.server.exec.StartBuildOrRespondWithBusy$1.run()V+44
j  org.gradle.launcher.daemon.server.DaemonStateCoordinator.lambda$runCommand$0(Ljava/lang/Runnable;)V+1
j  org.gradle.launcher.daemon.server.DaemonStateCoordinator$$Lambda+0x0000026edf19d490.run()V+8
j  org.gradle.internal.concurrent.ExecutorPolicy$CatchAndRecordFailures.onExecute(Ljava/lang/Runnable;)V+1
j  org.gradle.internal.concurrent.AbstractManagedExecutor$1.run()V+25
j  java.util.concurrent.ThreadPoolExecutor.runWorker(Ljava/util/concurrent/ThreadPoolExecutor$Worker;)V+92 java.base@21.0.12.1
j  java.util.concurrent.ThreadPoolExecutor$Worker.run()V+5 java.base@21.0.12.1
j  java.lang.Thread.runWith(Ljava/lang/Object;Ljava/lang/Runnable;)V+5 java.base@21.0.12.1
j  java.lang.Thread.run()V+19 java.base@21.0.12.1
v  ~StubRoutines::call_stub 0x0000026ed0b310e7

Compiled method (n/a) 199637  935     n 0       java.lang.ClassLoader::defineClass1 (native)
 total in heap  [0x0000026ed12dda90,0x0000026ed12de128] = 1688
 relocation     [0x0000026ed12ddbf0,0x0000026ed12ddc28] = 56
 main code      [0x0000026ed12ddc40,0x0000026ed12de127] = 1255
 stub code      [0x0000026ed12de127,0x0000026ed12de128] = 1

[Constant Pool (empty)]

[MachCode]
[Entry Point]
  # {method} {0x0000026ede434c38} 'defineClass1' '(Ljava/lang/ClassLoader;Ljava/lang/String;[BIILjava/security/ProtectionDomain;Ljava/lang/String;)Ljava/lang/Class;' in 'java/lang/ClassLoader'
  # parm0:    rdx:rdx   = 'java/lang/ClassLoader'
  # parm1:    r8:r8     = 'java/lang/String'
  # parm2:    r9:r9     = '[B'
  # parm3:    rdi       = int
  # parm4:    rsi       = int
  # parm5:    rcx:rcx   = 'java/security/ProtectionDomain'
  # parm6:    [sp+0xa0]   = 'java/lang/String'  (sp of caller)
  0x0000026ed12ddc40: 448b 5208 | 49bb 0000 | 00de 6e02 | 0000 4d03 | d349 3bc2 | 0f84 0600 

  0x0000026ed12ddc58: ;   {runtime_call ic_miss_stub}
  0x0000026ed12ddc58: 0000 e921 | 0d8a ff90 
[Verified Entry Point]
  0x0000026ed12ddc60: 8984 2400 | 80ff ff55 | 488b ec48 | 81ec 9000 | 0000 6690 | 4181 7f20 | 0300 0000 

  0x0000026ed12ddc7c: ;   {runtime_call StubRoutines (final stubs)}
  0x0000026ed12ddc7c: 7405 e81d | a688 ff48 | 837d 1000 | 488d 4510 | 480f 4445 | 1048 8944 | 2440 4889 | 4c24 7048 
  0x0000026ed12ddc9c: 83f9 0048 | 8d44 2470 | 480f 4444 | 2470 4889 | 4424 3848 | 8974 2430 | 4889 7c24 | 284c 894c 
  0x0000026ed12ddcbc: 2458 4983 | f900 488d | 4424 5848 | 0f44 4424 | 5848 8944 | 2420 4c89 | 4424 5049 | 83f8 004c 
  0x0000026ed12ddcdc: 8d4c 2450 | 4c0f 444c | 2450 4889 | 5424 4848 | 83fa 004c | 8d44 2448 | 4c0f 4444 

  0x0000026ed12ddcf8: ;   {oop(a 'java/lang/Class'{0x00000000e0832d00} = 'java/lang/ClassLoader')}
  0x0000026ed12ddcf8: 2448 49be | 002d 83e0 | 0000 0000 | 4c89 7424 | 784c 8d74 | 2478 498b | d6c5 f877 

  0x0000026ed12ddd14: ;   {internal_word}
  0x0000026ed12ddd14: 49ba 11dd | 2dd1 6e02 | 0000 4d89 | 97a8 0300 | 0049 89a7 | a003 0000 

  0x0000026ed12ddd2c: ;   {external_word}
  0x0000026ed12ddd2c: 49ba 066d | 1a63 fc7f | 0000 4180 | 3a00 0f84 | 4e00 0000 | 5241 5041 

  0x0000026ed12ddd44: ;   {metadata({method} {0x0000026ede434c38} 'defineClass1' '(Ljava/lang/ClassLoader;Ljava/lang/String;[BIILjava/security/ProtectionDomain;Ljava/lang/String;)Ljava/lang/Class;' in 'java/lang/ClassLoader')}
  0x0000026ed12ddd44: 5148 ba30 | 4c43 de6e | 0200 0049 | 8bcf 4883 | ec20 40f6 | c40f 0f84 | 1900 0000 | 4883 ec08 
  0x0000026ed12ddd64: ;   {runtime_call}
  0x0000026ed12ddd64: 48b8 e0ea | c362 fc7f | 0000 ffd0 | 4883 c408 | e90c 0000 

  0x0000026ed12ddd78: ;   {runtime_call}
  0x0000026ed12ddd78: 0048 b8e0 | eac3 62fc | 7f00 00ff | d048 83c4 | 2041 5941 | 585a 498d | 8fc0 0300 | 0041 c787 
  0x0000026ed12ddd98: 4c04 0000 | 0400 0000 

  0x0000026ed12ddda0: ;   {runtime_call}
  0x0000026ed12ddda0: 48b8 ac16 | d6a7 fc7f | 0000 ffd0 | c5f8 7741 | c787 4c04 | 0000 0500 | 0000 f083 | 4424 c000 
  0x0000026ed12dddc0: 493b af50 | 0400 000f | 870e 0000 | 0041 83bf | 4804 0000 | 000f 842b | 0000 00c5 | f877 4889 
  0x0000026ed12ddde0: 45f8 498b | cf4c 8be4 | 4883 ec20 | 4883 e4f0 

  0x0000026ed12dddf0: ;   {runtime_call}
  0x0000026ed12dddf0: 48b8 0058 | 8f62 fc7f | 0000 ffd0 | 498b e44d | 33e4 488b | 45f8 41c7 | 874c 0400 | 0008 0000 
  0x0000026ed12dde10: 0041 83bf | c804 0000 | 020f 84db 

  0x0000026ed12dde1c: ;   {external_word}
  0x0000026ed12dde1c: 0200 0049 | ba06 6d1a | 63fc 7f00 | 0041 803a | 000f 844c | 0000 0048 

  0x0000026ed12dde34: ;   {metadata({method} {0x0000026ede434c38} 'defineClass1' '(Ljava/lang/ClassLoader;Ljava/lang/String;[BIILjava/security/ProtectionDomain;Ljava/lang/String;)Ljava/lang/Class;' in 'java/lang/ClassLoader')}
  0x0000026ed12dde34: 8945 f848 | ba30 4c43 | de6e 0200 | 0049 8bcf | 4883 ec20 | 40f6 c40f | 0f84 1900 | 0000 4883 
  0x0000026ed12dde54: ;   {runtime_call}
  0x0000026ed12dde54: ec08 48b8 | e0ea c362 | fc7f 0000 | ffd0 4883 | c408 e90c 

  0x0000026ed12dde68: ;   {runtime_call}
  0x0000026ed12dde68: 0000 0048 | b8e0 eac3 | 62fc 7f00 | 00ff d048 | 83c4 2048 | 8b45 f849 | c787 a003 | 0000 0000 
  0x0000026ed12dde88: 0000 49c7 | 87a8 0300 | 0000 0000 | 00c5 f877 | 4885 c00f | 8436 0200 | 00a8 030f | 8508 0000 
  0x0000026ed12ddea8: 0048 8b00 | e926 0200 | 00a8 010f | 8509 0000 | 0048 8b40 | fee9 1502 | 0000 488b | 40ff 4180 
  0x0000026ed12ddec8: 7f40 000f | 8406 0200 | 0048 83f8 | 000f 84fc | 0100 0049 | 8b4f 2848 | 83f9 000f | 8414 0000 
  0x0000026ed12ddee8: 0048 83e9 | 0849 894f | 2849 034f | 3848 8901 | e9da 0100 | 0048 81ec | f000 0000 | 4889 0424 
  0x0000026ed12ddf08: 4889 4c24 | 0848 8954 | 2410 4c89 | 4424 184c | 894c 2420 | 4c89 5424 | 284c 895c | 2430 c5fb 
  0x0000026ed12ddf28: 1144 2440 | c5fb 114c | 2448 c5fb | 1154 2450 | c5fb 115c | 2458 c5fb | 1164 2460 | c5fb 116c 
  0x0000026ed12ddf48: 2468 62e1 | ff08 1144 | 240e 62e1 | ff08 114c | 240f 62e1 | ff08 1154 | 2410 62e1 | ff08 115c 
  0x0000026ed12ddf68: ;   {no_reloc}
  0x0000026ed12ddf68: 2411 62e1 | ff08 1164 | 2412 62e1 | ff08 116c | 2413 62e1 | ff08 1174 | 2414 62e1 | ff08 117c 
  0x0000026ed12ddf88: 2415 6261 | ff08 1144 | 2416 6261 | ff08 114c | 2417 6261 | ff08 1154 | 2418 6261 | ff08 115c 
  0x0000026ed12ddfa8: 2419 6261 | ff08 1164 | 241a 6261 | ff08 116c | 241b 6261 | ff08 1174 | 241c 6261 | ff08 117c 
  0x0000026ed12ddfc8: 241d 498b | d748 8bc8 | 4883 ec20 | 40f6 c40f | 0f84 1900 | 0000 4883 

  0x0000026ed12ddfe0: ;   {runtime_call}
  0x0000026ed12ddfe0: ec08 48b8 | 20a4 8262 | fc7f 0000 | ffd0 4883 | c408 e90c 

  0x0000026ed12ddff4: ;   {runtime_call}
  0x0000026ed12ddff4: 0000 0048 | b820 a482 | 62fc 7f00 | 00ff d048 | 83c4 2062 | 61ff 0810 | 7c24 1d62 | 61ff 0810 
  0x0000026ed12de014: 7424 1c62 | 61ff 0810 | 6c24 1b62 | 61ff 0810 | 6424 1a62 | 61ff 0810 | 5c24 1962 | 61ff 0810 
  0x0000026ed12de034: 5424 1862 | 61ff 0810 | 4c24 1762 | 61ff 0810 | 4424 1662 | e1ff 0810 | 7c24 1562 | e1ff 0810 
  0x0000026ed12de054: 7424 1462 | e1ff 0810 | 6c24 1362 | e1ff 0810 | 6424 1262 | e1ff 0810 | 5c24 1162 | e1ff 0810 
  0x0000026ed12de074: 5424 1062 | e1ff 0810 | 4c24 0f62 | e1ff 0810 | 4424 0ec5 | fb10 6c24 | 68c5 fb10 | 6424 60c5 
  0x0000026ed12de094: fb10 5c24 | 58c5 fb10 | 5424 50c5 | fb10 4c24 | 48c5 fb10 | 4424 404c | 8b5c 2430 | 4c8b 5424 
  0x0000026ed12de0b4: 284c 8b4c | 2420 4c8b | 4424 1848 | 8b54 2410 | 488b 4c24 | 0848 8b04 | 2448 81c4 | f000 0000 
  0x0000026ed12de0d4: c5f8 7749 | 8b8f 3004 | 0000 c781 | 0001 0000 | 0000 0000 | c949 837f | 0800 0f85 | 0100 0000 
  0x0000026ed12de0f4: ;   {runtime_call StubRoutines (initial stubs)}
  0x0000026ed12de0f4: c3e9 062e | 85ff c5f8 | 7748 8945 | f84c 8be4 | 4883 ec20 | 4883 e4f0 

  0x0000026ed12de10c: ;   {runtime_call}
  0x0000026ed12de10c: 48b8 3022 | c462 fc7f | 0000 ffd0 | 498b e44d | 33e4 488b | 45f8 e9f8 | fcff fff4 
[/MachCode]


Compiled method (c2) 200408 4255       4       java.security.SecureClassLoader::defineClass (16 bytes)
 total in heap  [0x0000026ed14caa90,0x0000026ed14ce4b8] = 14888
 relocation     [0x0000026ed14cabf0,0x0000026ed14caea8] = 696
 main code      [0x0000026ed14caec0,0x0000026ed14ccd70] = 7856
 stub code      [0x0000026ed14ccd70,0x0000026ed14cce98] = 296
 oops           [0x0000026ed14cce98,0x0000026ed14cceb0] = 24
 metadata       [0x0000026ed14cceb0,0x0000026ed14cd040] = 400
 scopes data    [0x0000026ed14cd040,0x0000026ed14cdbf8] = 3000
 scopes pcs     [0x0000026ed14cdbf8,0x0000026ed14ce1b8] = 1472
 dependencies   [0x0000026ed14ce1b8,0x0000026ed14ce1d0] = 24
 handler table  [0x0000026ed14ce1d0,0x0000026ed14ce428] = 600
 nul chk table  [0x0000026ed14ce428,0x0000026ed14ce4b8] = 144

[Constant Pool (empty)]

[MachCode]
[Entry Point]
  # {method} {0x0000026ede04e0e8} 'defineClass' '(Ljava/lang/String;[BIILjava/security/CodeSource;)Ljava/lang/Class;' in 'java/security/SecureClassLoader'
  # this:     rdx:rdx   = 'java/security/SecureClassLoader'
  # parm0:    r8:r8     = 'java/lang/String'
  # parm1:    r9:r9     = '[B'
  # parm2:    rdi       = int
  # parm3:    rsi       = int
  # parm4:    rcx:rcx   = 'java/security/CodeSource'
  #           [sp+0xa0]  (sp of caller)
  0x0000026ed14caec0: 448b 5208 | 49bb 0000 | 00de 6e02 | 0000 4d03 | d349 3bc2 

  0x0000026ed14caed4: ;   {runtime_call ic_miss_stub}
  0x0000026ed14caed4: 0f85 a63a | 6bff 6690 | 0f1f 4000 
[Verified Entry Point]
  0x0000026ed14caee0: 8984 2400 | 80ff ff55 | 4881 ec90 | 0000 0090 | 4181 7f20 | 0300 0000 | 0f85 641e | 0000 8974 
  0x0000026ed14caf00: 2444 897c | 2440 4c89 | 4c24 384c | 8944 2430 | 4889 5424 | 2848 8be9 | 4885 c90f | 847f 1700 
  0x0000026ed14caf20: 004d 8b87 | b801 0000 | 4d8b d049 | 83c2 104d | 3b97 c801 | 0000 0f83 | 7d13 0000 | 4d89 97b8 
  0x0000026ed14caf40: 0100 0041 | 0f0d 8ac0 | 0000 0049 | c700 0100 

  0x0000026ed14caf50: ;   {metadata('java/security/SecureClassLoader$CodeSourceKey')}
  0x0000026ed14caf50: 0000 41c7 | 4008 b8b4 | 1100 4c8b | dd45 8958 | 0c4d 8b8f | b801 0000 | 4c8b 5424 | 2841 8b6a 
  0x0000026ed14caf70: 504d 8bd1 | 4983 c210 | 4d3b 97c8 | 0100 000f | 8305 1300 | 004d 8997 | b801 0000 | 410f 0d8a 
  0x0000026ed14caf90: c000 0000 | 49c7 0101 

  0x0000026ed14caf98: ;   {metadata('java/security/SecureClassLoader$1')}
  0x0000026ed14caf98: 0000 0041 | c741 0850 | ba11 004c | 8b54 2428 | 4d8b da45 | 8959 0c44 

  0x0000026ed14cafb0: ;   {metadata('java/util/concurrent/ConcurrentHashMap')}
  0x0000026ed14cafb0: 8b5d 0841 | 81fb 8027 | 0600 0f85 | 0815 0000 | 488b d590 

  0x0000026ed14cafc4: ;   {optimized virtual_call}
  0x0000026ed14cafc4: c5f8 77e8 

  0x0000026ed14cafc8: ; ImmutableOopMap {[40]=Oop [48]=Oop [56]=Oop }
                      ;*invokeinterface computeIfAbsent {reexecute=0 rethrow=0 return_oop=1}
                      ; - java.security.SecureClassLoader::getProtectionDomain@28
                      ; - java.security.SecureClassLoader::defineClass@9
  0x0000026ed14cafc8: 5409 f7ff 

  0x0000026ed14cafcc: ;   {other}
  0x0000026ed14cafcc: 0f1f 8400 | 3c05 0000 

  0x0000026ed14cafd4: ; implicit exception: dispatches to 0x0000026ed14ccad0
  0x0000026ed14cafd4: 448b 5008 

  0x0000026ed14cafd8: ;   {metadata('java/security/ProtectionDomain')}
  0x0000026ed14cafd8: 4181 fae8 | 5800 000f | 8573 1a00 | 0048 8944 | 2450 4c8b | 5424 3041 | 8b6a 1444 | 8b55 0c45 
  0x0000026ed14caff8: 85d2 0f86 | 2415 0000 | 4c8b 5c24 | 3045 0fbe | 5b10 c4c2 | 22f7 fa48 | 8bd5 4585 | db0f 85e2 
  0x0000026ed14cb018: 0300 0041 | 3bfa 448b | df45 0f4f | da45 85db | 0f8e 6211 | 0000 453b | d30f 8215 | 1500 0048 
  0x0000026ed14cb038: 8d7d 1041 | 8bd3 b82f | 0000 0048 | 8bdf 83fa | 100f 8c79 | 0000 0083 | fa20 0f8c | 3600 0000 
  0x0000026ed14cb058: c5f9 6ed0 | c4e2 7d78 | d2c5 fdef | c08b ca83 | e1e0 83e2 | 1fc5 fe6f | 0bc5 f574 | cac4 e27d 
  0x0000026ed14cb078: 17c1 0f83 | 6900 0000 | 4883 c320 | 83e9 2075 | e4e9 0d00 | 0000 c5f9 | 6ed0 c5f9 | efc0 c4e2 
  0x0000026ed14cb098: 6900 d083 | fa10 0f8c | 2400 0000 | 8bca 83e1 | f083 e20f | c5fa 6f0b | c5f1 74ca | c4e2 7917 
  0x0000026ed14cb0b8: c10f 832a | 0000 0048 | 83c3 1083 | e910 75e4 | 85d2 0f84 | 1200 0000 | 0fb6 0b3b 

  0x0000026ed14cb0d4: ;   {no_reloc}
  0x0000026ed14cb0d4: c174 1c48 | 83c3 0183 | ea01 7402 | ebee bbff | ffff ffeb | 0dc5 fdd7 | c90f bcc1 | 4803 d848 
  0x0000026ed14cb0f4: 2bdf 83fb | ff0f 8555 | 1500 004c | 8b54 2430 | 450f be4a | 1041 8b4a | 1445 85c9 | 7413 8b69 
  0x0000026ed14cb114: 0cd1 fd85 | ed0f 846d | 1600 000f | b769 10eb | 0f8b 690c | 85ed 0f86 | e814 0000 | 0fb6 6910 
  0x0000026ed14cb134: 83fd 5b0f | 8497 1500 | 008b 590c | c462 32f7 | c345 8d50 | fb45 85d2 | 7c54 4585 | c974 3c44 
  0x0000026ed14cb154: 0fb7 5910 | 4183 fb6a | 7544 440f | b759 1241 | 83fb 6175 | 3944 0fb7 | 5914 4183 | fb76 752e 
  0x0000026ed14cb174: 440f b759 | 1641 83fb | 6175 2344 | 0fb7 5918 | 4183 fb2e | 7518 e96e | 0e00 0083 | fb04 0f86 
  0x0000026ed14cb194: 5c14 0000 | 8079 106a | 0f84 2e0e | 0000 4c8b | 5424 5045 | 8b5a 1041 | ffc8 488b | c145 85c9 
  0x0000026ed14cb1b4: 0f84 3801 | 0000 d1fb | ffcb 413b | d841 0f4f | d885 db0f | 8c1a 0100 | 0085 db0f | 8ef3 1500 
  0x0000026ed14cb1d4: ;   {no_reloc}
  0x0000026ed14cb1d4: 0044 8bd3 | 41ff ca44 | 0fb7 4459 | 1041 83f8 | 2e0f 84af | 0f00 00ff | cb41 3bda | 7fe9 83fb 
  0x0000026ed14cb1f4: 060f 8ece | 0000 0044 | 8d43 fa45 | 33c9 83fb | 0645 0f4c | c141 81f8 | 401f 0000 | 41b9 401f 
  0x0000026ed14cb214: 0000 450f | 47c1 8bd3 | 412b d090 | 440f b744 | 5910 4183 | f82e 0f84 | fb0d 0000 | 440f b744 
  0x0000026ed14cb234: 590e 4183 | f82e 0f84 | f401 0000 | 448d 4bfe | 460f b754 | 4910 4183 | fa2e 0f84 | e601 0000 
  0x0000026ed14cb254: 460f b754 | 490e 4183 | fa2e 0f84 | d301 0000 | 448d 4bfc | 460f b744 | 4910 4183 | f82e 0f84 
  0x0000026ed14cb274: c201 0000 | 460f b754 | 490e 4183 | fa2e 0f84 | af01 0000 | 448d 4bfa | 460f b744 | 4910 4183 
  0x0000026ed14cb294: f82e 0f84 | 9e01 0000 | 460f b744 | 490e 4183 | f82e 0f84 | 8b01 0000 | 83c3 f83b | da0f 8f69 
  0x0000026ed14cb2b4: ffff ff49 | 8bb7 5804 

  0x0000026ed14cb2bc: ; ImmutableOopMap {r11=NarrowOop rcx=NarrowOop rax=Oop [40]=Oop [48]=Oop [56]=Oop [80]=Oop }
                      ;*goto {reexecute=1 rethrow=0 return_oop=0}
                      ; - (reexecute) java.lang.StringUTF16::lastIndexOf@35
                      ; - java.lang.String::lastIndexOf@25
                      ; - java.lang.String::lastIndexOf@8
                      ; - java.lang.ClassLoader::checkCerts@3
                      ; - java.lang.ClassLoader::preDefineClass@113
                      ; - java.lang.ClassLoader::defineClass@4
                      ; - java.security.SecureClassLoader::defineClass@12
                      ;   {poll}
  0x0000026ed14cb2bc: 0000 8506 | 83fb 060f | 8f32 ffff | ff83 fbff | 7e19 6690 | 440f b744 | 5910 4183 | f82e 0f84 
  0x0000026ed14cb2dc: 9511 0000 | ffcb 83fb | ff7f e941 | b9ff ffff | ffe9 4801 | 0000 448b | d341 ffca | 453b d045 
  0x0000026ed14cb2fc: 0f4f d045 | 85d2 0f8c | ed00 0000 | 85db 0f86 | 8c12 0000 | 443b d30f | 8383 1200 | 0045 85d2 
  0x0000026ed14cb31c: 0f8e a612 | 0000 458b | c241 ffc8 | 460f be4c | 1110 4183 | f92e 0f84 | 480e 0000 | 41ff ca45 
  0x0000026ed14cb33c: 3bd0 7fe8 | 4183 fa02 | 0f8e 8b00 | 0000 458d | 4afe 4533 | c041 83fa | 0245 0f4c | c841 81f9 
  0x0000026ed14cb35c: a00f 0000 | 41b8 a00f | 0000 450f | 47c8 418b | fa41 2bf9 | 4d63 c242 | 0fbe 5c01 | 1083 fb2e 
  0x0000026ed14cb37c: 0f84 ad00 | 0000 460f | be4c 010f | 4183 f92e | 0f84 fb0b | 0000 458d | 4afe 420f | be5c 0910 
  0x0000026ed14cb39c: 83fb 2e0f | 8495 0000 | 0045 8d4a | fd42 0fbe | 5c09 1083 | fb2e 0f84 | 8200 0000 | 4183 c2fc 
  0x0000026ed14cb3bc: ;   {no_reloc}
  0x0000026ed14cb3bc: 443b d77f | af49 8baf 

  0x0000026ed14cb3c4: ; ImmutableOopMap {r11=NarrowOop rcx=NarrowOop rax=Oop [40]=Oop [48]=Oop [56]=Oop [80]=Oop }
                      ;*goto {reexecute=1 rethrow=0 return_oop=0}
                      ; - (reexecute) java.lang.StringLatin1::lastIndexOf@35
                      ; - java.lang.String::lastIndexOf@13
                      ; - java.lang.String::lastIndexOf@8
                      ; - java.lang.ClassLoader::checkCerts@3
                      ; - java.lang.ClassLoader::preDefineClass@113
                      ; - java.lang.ClassLoader::defineClass@4
                      ; - java.security.SecureClassLoader::defineClass@12
  0x0000026ed14cb3c4: 5804 0000 

  0x0000026ed14cb3c8: ;   {poll}
  0x0000026ed14cb3c8: 8545 0041 | 83fa 020f | 8f75 ffff | ff41 83fa | ff7e 1a90 | 460f be4c | 1110 4183 | f92e 0f84 
  0x0000026ed14cb3e8: c414 0000 | 41ff ca41 | 83fa ff7f | e741 b9ff | ffff ffeb | 3d41 b82f | 0000 0045 | 33c9 488b 
  0x0000026ed14cb408: 6c24 2848 | ff74 2430 | 488f 4424 | 2066 6690 

  0x0000026ed14cb418: ;   {static_call}
  0x0000026ed14cb418: c5f8 77e8 

  0x0000026ed14cb41c: ; ImmutableOopMap {rbp=Oop [32]=Oop [40]=Oop [48]=Oop [56]=Oop [80]=Oop }
                      ;*invokestatic indexOf {reexecute=0 rethrow=0 return_oop=0}
                      ; - java.lang.String::indexOf@33
                      ; - java.lang.String::indexOf@3
                      ; - java.lang.ClassLoader::checkName@16
                      ; - java.lang.ClassLoader::preDefineClass@1
                      ; - java.lang.ClassLoader::defineClass@4
                      ; - java.security.SecureClassLoader::defineClass@12
  0x0000026ed14cb41c: 6044 6bff 

  0x0000026ed14cb420: ;   {other}
  0x0000026ed14cb420: 0f1f 8400 | 9009 0003 | 8bd8 e9c7 | fcff ff45 | 8bca eb06 | 448b cb41 | ffc9 4183 | f9ff 0f84 
  0x0000026ed14cb440: a812 0000 | 4489 5c24 | 2048 8b54 | 2430 4533 | c066 6690 

  0x0000026ed14cb454: ;   {optimized virtual_call}
  0x0000026ed14cb454: c5f8 77e8 

  0x0000026ed14cb458: ; ImmutableOopMap {[32]=NarrowOop [40]=Oop [48]=Oop [56]=Oop [80]=Oop }
                      ;*invokevirtual substring {reexecute=0 rethrow=0 return_oop=1}
                      ; - java.lang.ClassLoader::checkCerts@21
                      ; - java.lang.ClassLoader::preDefineClass@113
                      ; - java.lang.ClassLoader::defineClass@4
                      ; - java.security.SecureClassLoader::defineClass@12
  0x0000026ed14cb458: 6482 e2ff 

  0x0000026ed14cb45c: ;   {other}
  0x0000026ed14cb45c: 0f1f 8400 | cc09 0004 | 448b 5c24 | 2041 8b6b | 1485 ed0f | 859f 1200 | 0041 8b6b | 1085 ed0f 
  0x0000026ed14cb47c: 85bf 1200 | 004c 8b54 | 2428 458b | 522c 4585 | d20f 84ea | 0f00 0049 | 8bd2 bf01 

  0x0000026ed14cb498: ;   {oop(a 'java/security/cert/Certificate'[0] {0x00000000e0832d80})}
  0x0000026ed14cb498: 0000 0049 | b980 2d83 | e000 0000 | 004c 8bc0 

  0x0000026ed14cb4a8: ;   {optimized virtual_call}
  0x0000026ed14cb4a8: c5f8 77e8 

  0x0000026ed14cb4ac: ; ImmutableOopMap {[40]=Oop [48]=Oop [56]=Oop [80]=Oop }
                      ;*invokevirtual putVal {reexecute=0 rethrow=0 return_oop=1}
                      ; - java.util.concurrent.ConcurrentHashMap::putIfAbsent@4
                      ; - java.lang.ClassLoader::checkCerts@62
                      ; - java.lang.ClassLoader::preDefineClass@113
                      ; - java.lang.ClassLoader::defineClass@4
                      ; - java.security.SecureClassLoader::defineClass@12
  0x0000026ed14cb4ac: f040 efff 

  0x0000026ed14cb4b0: ;   {other}
  0x0000026ed14cb4b0: 0f1f 8400 | 200a 0005 | 4885 c074 | 1c44 8b50 

  0x0000026ed14cb4c0: ;   {metadata('java/security/cert/Certificate'[])}
  0x0000026ed14cb4c0: 0841 81fa | 2029 1000 | 0f85 be15 | 0000 8b68 | 0c85 ed0f | 8793 1200 | 004c 8b54 | 2450 458b 
  0x0000026ed14cb4e0: 5210 418b | 6a0c 448b | 5d38 4585 | db0f 84a5 | 0f00 0049 | 8bd3 4c8b | c566 6690 

  0x0000026ed14cb4fc: ;   {optimized virtual_call}
  0x0000026ed14cb4fc: c5f8 77e8 

  0x0000026ed14cb500: ; ImmutableOopMap {[40]=Oop [48]=Oop [56]=Oop [80]=Oop }
                      ;*invokevirtual toExternalForm {reexecute=0 rethrow=0 return_oop=1}
                      ; - java.net.URL::toExternalForm@5
                      ; - java.net.URL::toString@1
                      ; - java.lang.ClassLoader::defineClassSourceLocation@22
                      ; - java.lang.ClassLoader::defineClass@12
                      ; - java.security.SecureClassLoader::defineClass@12
  0x0000026ed14cb500: 5c7d fcff 

  0x0000026ed14cb504: ;   {other}
  0x0000026ed14cb504: 0f1f 8400 | 740a 0006 | 488b 5424 | 284c 8b44 | 2430 4c8b | 4c24 388b | 7c24 408b | 7424 4448 
  0x0000026ed14cb524: 8b4c 2450 | 4889 0424 

  0x0000026ed14cb52c: ;   {static_call}
  0x0000026ed14cb52c: c5f8 77e8 

  0x0000026ed14cb530: ; ImmutableOopMap {[40]=Oop [80]=Oop }
                      ;*invokestatic defineClass1 {reexecute=0 rethrow=0 return_oop=1}
                      ; - java.lang.ClassLoader::defineClass@27
                      ; - java.security.SecureClassLoader::defineClass@12
  0x0000026ed14cb530: 2c27 e1ff 

  0x0000026ed14cb534: ;   {other}
  0x0000026ed14cb534: 0f1f 8400 | a40a 0007 | 4889 4424 | 3044 8b58 | 3c45 85db | 7417 498b | db49 ba00 | 000b d96e 
  0x0000026ed14cb554: 0200 004c | 8954 2440 | e943 0300 | 004c 8b50 | 1045 8b42 | 0845 85c0 | 0f8c 0e10 | 0000 448b 
  0x0000026ed14cb574: 582c 4585 | db0f 8419 | 0a00 0049 | 8bc3 8b48 | 1444 8b51 | 0c44 0fbe | 4010 c442 | 3af7 da48 
  0x0000026ed14cb594: 8be9 41ff | cb45 85c0 | 0f84 5401 | 0000 41d1 | fa41 ffca | 453b d345 | 0f4f d345 | 85d2 0f8c 
  0x0000026ed14cb5b4: f90b 0000 | 4585 d20f | 8ef7 1200 | 0045 8bda | 41ff cb49 | b800 000b | d96e 0200 | 004c 8944 
  0x0000026ed14cb5d4: 2440 460f | b744 5110 | 4183 f82e | 0f84 bc0b | 0000 41ff | ca45 3bd3 | 7fe8 4183 | fa06 0f8e 
  0x0000026ed14cb5f4: d400 0000 | 458d 42fa | 4533 c941 | 83fa 0645 | 0f4c c141 | 81f8 401f | 0000 41b9 | 401f 0000 
  0x0000026ed14cb614: 450f 47c1 | 418b fa41 | 2bf8 6690 | 460f b744 | 5110 4183 | f82e 0f84 | 480b 0000 

  0x0000026ed14cb630: ;   {no_reloc}
  0x0000026ed14cb630: 460f b744 | 510e 4183 | f82e 0f84 | da01 0000 | 458d 4afe | 460f b75c | 4910 4183 | fb2e 0f84 
  0x0000026ed14cb650: cc01 0000 | 460f b75c | 490e 4183 | fb2e 0f84 | b901 0000 | 458d 4afc | 460f b75c | 4910 4183 
  0x0000026ed14cb670: fb2e 0f84 | a801 0000 | 460f b75c | 490e 4183 | fb2e 0f84 | 9501 0000 | 458d 4afa | 460f b744 
  0x0000026ed14cb690: 4910 4183 | f82e 0f84 | 8401 0000 | 460f b744 | 490e 4183 | f82e 0f84 | 7101 0000 | 4183 c2f8 
  0x0000026ed14cb6b0: 443b d70f | 8f67 ffff | ff49 8bb7 

  0x0000026ed14cb6bc: ; ImmutableOopMap {rcx=NarrowOop rax=Oop rbp=Oop [40]=Oop [48]=Oop [80]=Oop }
                      ;*goto {reexecute=1 rethrow=0 return_oop=0}
                      ; - (reexecute) java.lang.StringUTF16::lastIndexOf@35
                      ; - java.lang.String::lastIndexOf@25
                      ; - java.lang.String::lastIndexOf@8
                      ; - java.lang.Class::getPackageName@47
                      ; - java.lang.ClassLoader::postDefineClass@2
                      ; - java.lang.ClassLoader::defineClass@37
                      ; - java.security.SecureClassLoader::defineClass@12
  0x0000026ed14cb6bc: 5804 0000 

  0x0000026ed14cb6c0: ;   {poll}
  0x0000026ed14cb6c0: 8506 4183 | fa06 0f8f | 2cff ffff | 4183 faff | 0f8e ea0a | 0000 6690 | 460f b744 | 5110 4183 
  0x0000026ed14cb6e0: f82e 0f84 | 5c0e 0000 | 41ff ca41 | 83fa ff7f | e7e9 ca0a | 0000 458b | c241 ffc8 | 453b c345 
  0x0000026ed14cb700: 0f4f c345 | 85c0 0f8c | 480b 0000 | 4585 d20f | 860b 1100 | 0045 3bc2 | 0f83 0211 | 0000 4585 
  0x0000026ed14cb720: c00f 8e25 | 1100 0045 | 8bd0 41ff | ca49 bb00 | 000b d96e | 0200 004c | 895c 2440 | 460f be5c 
  0x0000026ed14cb740: 0110 4183 | fb2e 0f84 | 3c0a 0000 | 41ff c845 | 3bc2 7fe8 | 4183 f802 | 0f8e 9300 | 0000 458d 
  0x0000026ed14cb760: 58fe 4533 | d241 83f8 | 0245 0f4c | da41 81fb | a00f 0000 | 41ba a00f | 0000 450f | 47da 418b 
  0x0000026ed14cb780: d841 2bdb | 0f1f 8400 | 0000 0000 | 6666 6690 | 4d63 d046 | 0fbe 4c11 | 1041 83f9 | 2e0f 8475 
  0x0000026ed14cb7a0: 0800 0046 | 0fbe 5c11 | 0f41 83fb | 2e0f 846d | 0800 0045 | 8d48 fe46 | 0fbe 5409 

  0x0000026ed14cb7bc: ;   {no_reloc}
  0x0000026ed14cb7bc: 1041 83fa | 2e74 5d45 | 8d48 fd46 | 0fbe 5c09 | 1041 83fb | 2e74 4d41 | 83c0 fc44 | 3bc3 7fb4 
  0x0000026ed14cb7dc: 4d8b af58 

  0x0000026ed14cb7e0: ; ImmutableOopMap {rcx=NarrowOop rax=Oop rbp=Oop [40]=Oop [48]=Oop [80]=Oop }
                      ;*goto {reexecute=1 rethrow=0 return_oop=0}
                      ; - (reexecute) java.lang.StringLatin1::lastIndexOf@35
                      ; - java.lang.String::lastIndexOf@13
                      ; - java.lang.String::lastIndexOf@8
                      ; - java.lang.Class::getPackageName@47
                      ; - java.lang.ClassLoader::postDefineClass@2
                      ; - java.lang.ClassLoader::defineClass@37
                      ; - java.security.SecureClassLoader::defineClass@12
                      ;   {poll}
  0x0000026ed14cb7e0: 0400 0041 | 8545 0041 | 83f8 020f | 8f6d ffff | ff41 83f8 | ff0f 8e68 | 0a00 0090 | 460f be5c 
  0x0000026ed14cb800: 0110 4183 | fb2e 0f84 | 1011 0000 | 41ff c841 | 83f8 ff7f | e7e9 490a | 0000 458b | ca41 ffc9 
  0x0000026ed14cb820: 4183 f9ff | 0f84 6e10 | 0000 488b | d045 33c0 

  0x0000026ed14cb830: ;   {optimized virtual_call}
  0x0000026ed14cb830: c5f8 77e8 

  0x0000026ed14cb834: ; ImmutableOopMap {[40]=Oop [48]=Oop [80]=Oop }
                      ;*invokevirtual substring {reexecute=0 rethrow=0 return_oop=1}
                      ; - java.lang.Class::getPackageName@62
                      ; - java.lang.ClassLoader::postDefineClass@2
                      ; - java.lang.ClassLoader::defineClass@37
                      ; - java.security.SecureClassLoader::defineClass@12
  0x0000026ed14cb834: 887e e2ff 

  0x0000026ed14cb838: ;   {other}
  0x0000026ed14cb838: 0f1f 8400 | a80d 000a | 488b d048 | 85c0 0f84 | 1c0d 0000 

  0x0000026ed14cb84c: ;   {optimized virtual_call}
  0x0000026ed14cb84c: c5f8 77e8 

  0x0000026ed14cb850: ; ImmutableOopMap {[40]=Oop [48]=Oop [80]=Oop }
                      ;*invokevirtual intern {reexecute=0 rethrow=0 return_oop=1}
                      ; - java.lang.Class::getPackageName@65
                      ; - java.lang.ClassLoader::postDefineClass@2
                      ; - java.lang.ClassLoader::defineClass@37
                      ; - java.security.SecureClassLoader::defineClass@12
  0x0000026ed14cb850: 0cf0 dcff 

  0x0000026ed14cb854: ;   {other}
  0x0000026ed14cb854: 0f1f 8400 | c40d 000b | 488b d841 | 807f 4000 | 0f85 6109 | 0000 4c8b | db4c 8b54 | 2430 4589 
  0x0000026ed14cb874: 5a3c 4c8b | db4d 33da | 49c1 eb14 | 4d85 db74 | 1f48 85db | 741a 49c1 | ea09 48b9 | 0000 0bd9 
  0x0000026ed14cb894: 6e02 0000 | 4903 ca80 | 3902 0f85 | 5f09 0000 | 4c8b 5424 | 2845 8b5a | 3845 85db | 0f84 fa0b 
  0x0000026ed14cb8b4: 0000 4c8b | eb8b 5b0c | 4c8b 5424 | 3045 8b4a | 3085 db0f | 853c 0200 | 0045 0fb6 | 5511 4585 
  0x0000026ed14cb8d4: d20f 85cf | 0800 0041 | 8b6d 1441 | 807d 1000 | 743c 4489 | 4c24 3c4c | 896c 2420 | 488b d549 
  0x0000026ed14cb8f4: 8beb 4489 | 5c24 3890 

  0x0000026ed14cb8fc: ;   {static_call}
  0x0000026ed14cb8fc: c5f8 77e8 

  0x0000026ed14cb900: ; ImmutableOopMap {rbp=Oop [32]=Oop [40]=Oop [48]=Oop [56]=NarrowOop [60]=NarrowOop [80]=Oop }
                      ;*invokestatic hashCode {reexecute=0 rethrow=0 return_oop=0}
                      ; - java.lang.String::hashCode@37
                      ; - java.util.concurrent.ConcurrentHashMap::get@1
                      ; - java.lang.ClassLoader::getNamedPackage@5
                      ; - java.lang.ClassLoader::postDefineClass@9
                      ; - java.lang.ClassLoader::defineClass@37
                      ; - java.security.SecureClassLoader::defineClass@12
  0x0000026ed14cb900: 7c3f 6bff 

  0x0000026ed14cb904: ;   {other}
  0x0000026ed14cb904: 0f1f 8400 | 740e 000c | 8bd8 4c8b | 6c24 2044 | 8b5c 2438 | 448b 4c24 | 3ce9 db01 | 0000 8b55 
  0x0000026ed14cb924: 0c4c 8bd5 | 488d 7d10 | 83fa 020f | 8c39 0900 | 0033 db83 | fa20 0f8c | 6e01 0000 | 4533 d2c5 
  0x0000026ed14cb944: d5ef edc5 | cdef f6c5 | c5ef ffc4 | 413d efc0 

  0x0000026ed14cb954: ;   {external_word}
  0x0000026ed14cb954: 48be 2058 | fb62 fc7f | 0000 448b | 06c4 c179 | 6ec0 c4e2 | 7d58 c08b | f283 e6e0 | 410f afd8 
  0x0000026ed14cb974: c421 7a7e | 0c17 c421 | 7a7e 5417 | 08c4 217a | 7e5c 1710 | c421 7a7e | 6417 18c4 | e255 40e8 
  0x0000026ed14cb994: c442 7d31 | c9c4 c155 | fee9 c4e2 | 4d40 f0c4 | 427d 31d2 | c4c1 4dfe | f2c4 e245 | 40f8 c442 
  0x0000026ed14cb9b4: 7d31 dbc4 | c145 fefb | c462 3d40 | c0c4 427d | 31e4 c441 | 3dfe c441 | 83c2 2044 | 3bd6 7c9c 
  0x0000026ed14cb9d4: 488d 3c37 

  0x0000026ed14cb9d8: ;   {external_word}
  0x0000026ed14cb9d8: 2bd6 48be | 2458 fb62 | fc7f 0000 | c5fe 6f0e | c4e2 5540 

  0x0000026ed14cb9ec: ;   {external_word}
  0x0000026ed14cb9ec: e948 be44 | 58fb 62fc | 7f00 00c5 | fe6f 16c4 | e24d 40f2 

  0x0000026ed14cba00: ;   {external_word}
  0x0000026ed14cba00: 48be 6458 | fb62 fc7f | 0000 c5fe | 6f1e c4e2 

  0x0000026ed14cba10: ;   {external_word}
  0x0000026ed14cba10: 4540 fb48 | be84 58fb | 62fc 7f00 | 00c5 fe6f | 26c4 623d | 40c4 c462 | 5502 cdc4 | 437d 39ca 
  0x0000026ed14cba30: 01c4 4131 | feca c442 | 3102 c9c5 | 796e d3c4 | 4131 feca | c579 7ecb | c462 4d02 | dec4 437d 
  0x0000026ed14cba50: 39dc 01c4 | 4121 fedc | c442 2102 | dbc5 796e | e3c4 4121 | fedc c579 | 7edb c462 | 4502 cfc4 
  0x0000026ed14cba70: 437d 39ca | 01c4 4131 | feca c442 | 3102 c9c5 | 796e d3c4 | 4131 feca | c579 7ecb | c442 3d02 
  0x0000026ed14cba90: d8c4 437d | 39dc 01c4 | 4121 fedc | c442 2102 | dbc5 796e | e3c4 4121 | fedc c579 | 7edb 41ba 
  0x0000026ed14cbab0: 0100 0000 | 443b d20f | 8d2e 0000 | 0041 b8c1 | 0300 0041 | 0faf d842 | 0fb6 7417 | ff44 8bc6 
  0x0000026ed14cbad0: 41c1 e005 | 442b c641 | 03d8 460f | b604 1741 | 03d8 4183 | c202 443b | d27c d27f | 108b f3c1 
  0x0000026ed14cbaf0: e305 2bde | 460f b644 | 17ff 4103 | d885 db0f | 84f9 0800 | 0041 895d | 0c45 8b43 | 2845 85c0 
  0x0000026ed14cbb10: ;   {no_reloc}
  0x0000026ed14cbb10: 0f84 da00 | 0000 458b | 500c 4585 | d20f 8659 | 0b00 0044 | 8bdb 41c1 | eb10 4433 | db41 ffca 
  0x0000026ed14cbb30: 4181 e3ff | ffff 7f45 | 23d3 4d63 | d247 8b44 | 9010 4585 | c00f 84a5 | 0000 0041 | 8b68 0c41 
  0x0000026ed14cbb50: 3beb 0f84 | a102 0000 | 85ed 0f8c | c40d 0000 | 458b 5018 | 4585 d20f | 8483 0000 | 0049 8bfa 
  0x0000026ed14cbb70: 448b 570c | 498b b758 

  0x0000026ed14cbb78: ; ImmutableOopMap {r9=NarrowOop rdi=Oop r13=Oop [40]=Oop [48]=Oop [80]=Oop }
                      ;*if_icmpne {reexecute=1 rethrow=0 return_oop=0}
                      ; - (reexecute) java.util.concurrent.ConcurrentHashMap::get@127
                      ; - java.lang.ClassLoader::getNamedPackage@5
                      ; - java.lang.ClassLoader::postDefineClass@9
                      ; - java.lang.ClassLoader::defineClass@37
                      ; - java.security.SecureClassLoader::defineClass@12
                      ;   {poll}
  0x0000026ed14cbb78: 0400 0085 | 0645 3bd3 | 740e 448b | 5718 4585 | d274 6549 | 8bfa ebe0 | 8b6f 104c | 8bd5 4d3b 
  0x0000026ed14cbb98: d574 4a85 | ed0f 84e9 | 0d00 0048 | 897c 2448 | 4489 5c24 | 3c44 894c | 2438 4c89 | 6c24 204c 
  0x0000026ed14cbbb8: 8bc5 498b | d549 8bed 

  0x0000026ed14cbbc0: ;   {optimized virtual_call}
  0x0000026ed14cbbc0: c5f8 77e8 

  0x0000026ed14cbbc4: ; ImmutableOopMap {rbp=Oop [32]=Oop [40]=Oop [48]=Oop [56]=NarrowOop [72]=Oop [80]=Oop }
                      ;*invokevirtual equals {reexecute=0 rethrow=0 return_oop=0}
                      ; - java.util.concurrent.ConcurrentHashMap::get@149
                      ; - java.lang.ClassLoader::getNamedPackage@5
                      ; - java.lang.ClassLoader::postDefineClass@9
                      ; - java.lang.ClassLoader::defineClass@37
                      ; - java.security.SecureClassLoader::defineClass@12
  0x0000026ed14cbbc4: b832 6bff 

  0x0000026ed14cbbc8: ;   {other}
  0x0000026ed14cbbc8: 0f1f 8400 | 3811 000e | 85c0 0f84 | e80d 0000 | 4c8b ed44 | 8b4c 2438 | 488b 7c24 | 488b 6f14 
  0x0000026ed14cbbe8: 85ed 0f85 | 3603 0000 | 498b 87b8 | 0100 004c | 8bd0 4983 | c218 4d3b | 97c8 0100 | 000f 83ff 
  0x0000026ed14cbc08: 0700 004d | 8997 b801 | 0000 410f | 0d8a c000 | 0000 48c7 | 0001 0000 

  0x0000026ed14cbc20: ;   {metadata('java/lang/NamedPackage')}
  0x0000026ed14cbc20: 00c7 4008 | e8c0 0100 | 4489 600c | 4c8b d049 | 83c2 10c5 | fdef c0c4 | c179 d602 | 4c89 6c24 
  0x0000026ed14cbc40: 2044 894c | 2438 4889 | 4424 4848 | 8b54 2420 

  0x0000026ed14cbc50: ;   {optimized virtual_call}
  0x0000026ed14cbc50: c5f8 77e8 

  0x0000026ed14cbc54: ; ImmutableOopMap {[32]=Oop [40]=Oop [48]=Oop [56]=NarrowOop [72]=Oop [80]=Oop }
                      ;*invokevirtual isEmpty {reexecute=0 rethrow=0 return_oop=0}
                      ; - java.lang.NamedPackage::<init>@5
                      ; - java.lang.ClassLoader::getNamedPackage@22
                      ; - java.lang.ClassLoader::postDefineClass@9
                      ; - java.lang.ClassLoader::defineClass@37
                      ; - java.security.SecureClassLoader::defineClass@12
  0x0000026ed14cbc54: 2832 6bff 

  0x0000026ed14cbc58: ;   {other}
  0x0000026ed14cbc58: 0f1f 8400 | c811 000f | 85c0 0f84 | cb03 0000 | 448b 5c24 | 3845 85db | 0f84 3a0b | 0000 4d8b 
  0x0000026ed14cbc78: d34c 8954 | 2458 498b | d266 6690 

  0x0000026ed14cbc84: ;   {optimized virtual_call}
  0x0000026ed14cbc84: c5f8 77e8 

  0x0000026ed14cbc88: ; ImmutableOopMap {[32]=Oop [40]=Oop [48]=Oop [56]=NarrowOop [72]=Oop [80]=Oop [88]=Oop }
                      ;*invokevirtual isNamed {reexecute=0 rethrow=0 return_oop=0}
                      ; - java.lang.NamedPackage::<init>@12
                      ; - java.lang.ClassLoader::getNamedPackage@22
                      ; - java.lang.ClassLoader::postDefineClass@9
                      ; - java.lang.ClassLoader::defineClass@37
                      ; - java.security.SecureClassLoader::defineClass@12
  0x0000026ed14cbc88: f431 6bff 

  0x0000026ed14cbc8c: ;   {other}
  0x0000026ed14cbc8c: 0f1f 8400 | fc11 0010 | 85c0 0f84 | 9703 0000 | 498b 87b8 | 0100 004c | 8bd0 4983 | c228 4d3b 
  0x0000026ed14cbcac: 97c8 0100 | 000f 839e | 0700 004d | 8997 b801 | 0000 4c8b | d849 83c3 | 1048 c700 | 0100 0000 
  0x0000026ed14cbccc: 410f 0d8a | c000 0000 

  0x0000026ed14cbcd4: ;   {metadata('java/lang/InternalError')}
  0x0000026ed14cbcd4: c740 0838 | 0701 0044 | 8960 0cc5 | fdef c041 | b807 0000 | 00c4 c178 | 92f8 62d1 | fe2f 7f03 
  0x0000026ed14cbcf4: 4889 4424 | 6849 8b87 | b801 0000 | 4c8b d049 | 83c2 184d | 3b97 c801 | 0000 0f83 | 2107 0000 
  0x0000026ed14cbd14: 4d89 97b8 | 0100 004c | 8bc0 4983 | c010 48c7 | 0001 0000 | 0041 0f0d | 8ac0 0000 

  0x0000026ed14cbd30: ;   {metadata('java/lang/StringBuilder')}
  0x0000026ed14cbd30: 00c7 4008 | 4080 0000 | 4489 600c | c5fd efc0 | c4c1 79d6 | 0048 8be8 | 488b d590 

  0x0000026ed14cbd4c: ;   {optimized virtual_call}
  0x0000026ed14cbd4c: c5f8 77e8 

  0x0000026ed14cbd50: ; ImmutableOopMap {rbp=Oop [32]=Oop [40]=Oop [48]=Oop [56]=NarrowOop [72]=Oop [80]=Oop [88]=Oop [104]=Oop }
                      ;*invokespecial <init> {reexecute=0 rethrow=0 return_oop=0}
                      ; - java.lang.NamedPackage::<init>@26
                      ; - java.lang.ClassLoader::getNamedPackage@22
                      ; - java.lang.ClassLoader::postDefineClass@9
                      ; - java.lang.ClassLoader::defineClass@37
                      ; - java.security.SecureClassLoader::defineClass@12
  0x0000026ed14cbd50: 2c31 6bff 

  0x0000026ed14cbd54: ;   {other}
  0x0000026ed14cbd54: 0f1f 8400 | c412 0011 

  0x0000026ed14cbd5c: ;   {oop("unnamed package in  "{0x00000000e913ca38})}
  0x0000026ed14cbd5c: 49b8 38ca | 13e9 0000 | 0000 488b | d548 ff74 | 2468 488f | 4424 6090 

  0x0000026ed14cbd74: ;   {optimized virtual_call}
  0x0000026ed14cbd74: c5f8 77e8 

  0x0000026ed14cbd78: ; ImmutableOopMap {[32]=Oop [40]=Oop [48]=Oop [56]=NarrowOop [72]=Oop [80]=Oop [88]=Oop [96]=Oop [104]=Oop }
                      ;*invokevirtual append {reexecute=0 rethrow=0 return_oop=1}
                      ; - java.lang.NamedPackage::<init>@31
                      ; - java.lang.ClassLoader::getNamedPackage@22
                      ; - java.lang.ClassLoader::postDefineClass@9
                      ; - java.lang.ClassLoader::defineClass@37
                      ; - java.security.SecureClassLoader::defineClass@12
  0x0000026ed14cbd78: 0431 6bff 

  0x0000026ed14cbd7c: ;   {other}
  0x0000026ed14cbd7c: 0f1f 8400 | ec12 0012 | 4885 c00f | 8463 0a00 | 0048 8bd0 | 4c8b 4424 | 5848 ff74 | 2460 488f 
  0x0000026ed14cbd9c: 4424 4090 

  0x0000026ed14cbda0: ;   {optimized virtual_call}
  0x0000026ed14cbda0: c5f8 77e8 

  0x0000026ed14cbda4: ; ImmutableOopMap {[32]=Oop [40]=Oop [48]=Oop [56]=NarrowOop [64]=Oop [72]=Oop [80]=Oop [96]=Oop }
                      ;*invokevirtual append {reexecute=0 rethrow=0 return_oop=1}
                      ; - java.lang.NamedPackage::<init>@35
                      ; - java.lang.ClassLoader::getNamedPackage@22
                      ; - java.lang.ClassLoader::postDefineClass@9
                      ; - java.lang.ClassLoader::defineClass@37
                      ; - java.security.SecureClassLoader::defineClass@12
  0x0000026ed14cbda4: d830 6bff 

  0x0000026ed14cbda8: ;   {other}
  0x0000026ed14cbda8: 0f1f 8400 | 1813 0013 | 4885 c00f | 844f 0a00 | 0048 8bd0 

  0x0000026ed14cbdbc: ;   {optimized virtual_call}
  0x0000026ed14cbdbc: c5f8 77e8 

  0x0000026ed14cbdc0: ; ImmutableOopMap {[32]=Oop [40]=Oop [48]=Oop [56]=NarrowOop [64]=Oop [72]=Oop [80]=Oop }
                      ;*invokevirtual toString {reexecute=0 rethrow=0 return_oop=1}
                      ; - java.lang.NamedPackage::<init>@38
                      ; - java.lang.ClassLoader::getNamedPackage@22
                      ; - java.lang.ClassLoader::postDefineClass@9
                      ; - java.lang.ClassLoader::defineClass@37
                      ; - java.security.SecureClassLoader::defineClass@12
  0x0000026ed14cbdc0: bc30 6bff 

  0x0000026ed14cbdc4: ;   {other}
  0x0000026ed14cbdc4: 0f1f 8400 | 3413 0014 | 488b 5424 | 404c 8bc0 

  0x0000026ed14cbdd4: ;   {optimized virtual_call}
  0x0000026ed14cbdd4: c5f8 77e8 

  0x0000026ed14cbdd8: ; ImmutableOopMap {[32]=Oop [40]=Oop [48]=Oop [56]=NarrowOop [64]=Oop [72]=Oop [80]=Oop }
                      ;*invokespecial <init> {reexecute=0 rethrow=0 return_oop=0}
                      ; - java.lang.NamedPackage::<init>@41
                      ; - java.lang.ClassLoader::getNamedPackage@22
                      ; - java.lang.ClassLoader::postDefineClass@9
                      ; - java.lang.ClassLoader::defineClass@37
                      ; - java.security.SecureClassLoader::defineClass@12
  0x0000026ed14cbdd8: a430 6bff 

  0x0000026ed14cbddc: ;   {other}
  0x0000026ed14cbddc: 0f1f 8400 | 4c13 0015 | 488b 5424 | 40c5 f877 | 4881 c490 | 0000 005d 

  0x0000026ed14cbdf4: ;   {runtime_call _rethrow_Java}
  0x0000026ed14cbdf4: e907 1879 | ff41 8b68 | 104c 8bd5 | 4d3b d50f | 8411 0100 | 0044 8b55 | 0848 8bcd | 4c3b e90f 
  0x0000026ed14cbe14: 8401 0100 

  0x0000026ed14cbe18: ;   {metadata('java/lang/String')}
  0x0000026ed14cbe18: 0041 81fa | 78e8 0000 | 0f85 3afd | ffff 450f | be55 100f | be79 1044 | 3bd7 0f85 | 28fd ffff 
  0x0000026ed14cbe38: 8b79 1445 | 8b55 148b | 5f0c 418b | 4a0c 3bcb | 0f85 12fd | ffff 488b | df48 8d77 | 1049 8bda 
  0x0000026ed14cbe58: 498d 7a10 | 85c9 0f84 | 9d00 0000 | 8bc1 83e0 | 1f83 e1e0 | 0f84 4b00 | 0000 488d | 3c0f 488d 
  0x0000026ed14cbe78: 340e 48f7 | d9c5 fe6f | 040f c5fe | 6f0c 0ec5 | fdef c1c4 | e27d 17c0 | 0f85 7200 | 0000 4883 
  0x0000026ed14cbe98: c120 75e1 | 85c0 0f84 | 5d00 0000 | c5fe 6f44 | 07e0 c5fe | 6f4c 06e0 | c5fd efc1 | c4e2 7d17 
  0x0000026ed14cbeb8: c075 4deb | 448b c883 | e1fc 7419 | 488d 3c0f | 488d 340e | 48f7 d98b | 1c0f 3b1c | 0e75 3148 
  0x0000026ed14cbed8: 83c1 0475 | f2a8 0274 | 120f b71f | 0fb7 0e3b | d975 1d48 | 8d7f 0248 | 8d76 02a8 | 0174 0a0f 
  0x0000026ed14cbef8: b61f 0fb6 | 0e3b d975 | 07b8 0100 | 0000 eb02 | 33c0 c5fd | efc0 c5f5 | efc9 85c0 | 0f84 46fc 
  0x0000026ed14cbf18: ;   {no_reloc}
  0x0000026ed14cbf18: ffff 418b | 6814 85ed | 0f84 cafc | ffff 448b | 5508 49bb | 0000 00de | 6e02 0000 | 4d03 da4d 
  0x0000026ed14cbf38: ;   {metadata('java/lang/NamedPackage')}
  0x0000026ed14cbf38: 8b53 3849 | bbe8 c001 | de6e 0200 | 004d 3bd3 | 0f85 ee06 | 0000 4c8b | 5424 5045 | 8b52 1041 
  0x0000026ed14cbf58: 8b6a 1485 | ed0f 8581 | 0900 0041 | 8b6a 1085 | ed0f 8591 | 0900 0048 | 8b44 2430 | c5f8 7748 
  0x0000026ed14cbf78: 81c4 9000 

  0x0000026ed14cbf7c: ;   {poll_return}
  0x0000026ed14cbf7c: 0000 5d49 | 3ba7 5004 | 0000 0f87 | c00d 0000 | c345 8bca | 41ff c9e9 | a2f4 ffff | 488b d048 
  0x0000026ed14cbf9c: 8be8 6690 

  0x0000026ed14cbfa0: ;   {optimized virtual_call}
  0x0000026ed14cbfa0: c5f8 77e8 

  0x0000026ed14cbfa4: ; ImmutableOopMap {rbp=Oop [40]=Oop [48]=Oop [80]=Oop }
                      ;*invokevirtual initClassName {reexecute=0 rethrow=0 return_oop=1}
                      ; - java.lang.Class::getName@14
                      ; - java.lang.Class::getPackageName@40
                      ; - java.lang.ClassLoader::postDefineClass@2
                      ; - java.lang.ClassLoader::defineClass@37
                      ; - java.security.SecureClassLoader::defineClass@12
  0x0000026ed14cbfa4: 3815 dfff 

  0x0000026ed14cbfa8: ;   {other}
  0x0000026ed14cbfa8: 0f1f 8400 | 1815 0016 | 4885 c00f | 85c9 f5ff | ffba f6ff | ffff 6690 

  0x0000026ed14cbfc0: ;   {runtime_call UncommonTrapBlob}
  0x0000026ed14cbfc0: c5f8 77e8 

  0x0000026ed14cbfc4: ; ImmutableOopMap {}
                      ;*invokevirtual lastIndexOf {reexecute=0 rethrow=0 return_oop=0}
                      ; - java.lang.Class::getPackageName@47
                      ; - java.lang.ClassLoader::postDefineClass@2
                      ; - java.lang.ClassLoader::defineClass@37
                      ; - java.security.SecureClassLoader::defineClass@12
  0x0000026ed14cbfc4: 38bb 6bff 

  0x0000026ed14cbfc8: ;   {other}
  0x0000026ed14cbfc8: 0f1f 8400 | 3815 0017 | 8079 1161 | 0f85 c8f1 | ffff 8079 | 1276 0f85 | bef1 ffff | 8079 1361 
  0x0000026ed14cbfe8: 0f85 b4f1 | ffff 440f | be59 1441 | 83fb 2e0f | 85a5 f1ff | ffba 45ff | ffff 488b | 6c24 2890 
  0x0000026ed14cc008: ;   {runtime_call UncommonTrapBlob}
  0x0000026ed14cc008: c5f8 77e8 

  0x0000026ed14cc00c: ; ImmutableOopMap {rbp=Oop [48]=Oop [56]=Oop [80]=Oop }
                      ;*ifeq {reexecute=1 rethrow=0 return_oop=0}
                      ; - (reexecute) java.lang.ClassLoader::preDefineClass@46
                      ; - java.lang.ClassLoader::defineClass@4
                      ; - java.security.SecureClassLoader::defineClass@12
  0x0000026ed14cc00c: f0ba 6bff 

  0x0000026ed14cc010: ;   {other}
  0x0000026ed14cc010: 0f1f 8400 | 8015 0018 | 458b c8e9 | 00f8 ffff | 458b c841 | ffc9 e9f5 | f7ff ff44 | 8bcb e907 
  0x0000026ed14cc030: f4ff ff44 | 8b54 2438 | 498b ea48 | 8b54 2420 

  0x0000026ed14cc040: ;   {optimized virtual_call}
  0x0000026ed14cc040: c5f8 77e8 

  0x0000026ed14cc044: ; ImmutableOopMap {rbp=Oop [32]=Oop [40]=Oop [48]=Oop [56]=NarrowOop [72]=Oop [80]=Oop }
                      ;*invokevirtual intern {reexecute=0 rethrow=0 return_oop=1}
                      ; - java.lang.NamedPackage::<init>@47
                      ; - java.lang.ClassLoader::getNamedPackage@22
                      ; - java.lang.ClassLoader::postDefineClass@9
                      ; - java.lang.ClassLoader::defineClass@37
                      ; - java.security.SecureClassLoader::defineClass@12
  0x0000026ed14cc044: 382e 6bff 

  0x0000026ed14cc048: ;   {other}
  0x0000026ed14cc048: 0f1f 8400 | b815 0019 | 488b d841 | 807f 4000 | 0f85 c202 | 0000 4c8b | c34d 8bd8 | 4c8b 5424 
  0x0000026ed14cc068: 4845 895a | 0c4d 8bd8 | 4d33 da49 | c1eb 144d | 85db 741f | 4d85 c074 | 1a49 c1ea | 0948 b900 
  0x0000026ed14cc088: 000b d96e | 0200 0049 | 03ca 8039 | 020f 8512 | 0300 0041 | 807f 4000 | 0f85 4202 | 0000 4889 
  0x0000026ed14cc0a8: 4424 f88b | 4424 3889 | 4424 5848 | 8b44 24f8 | 4c8b 5424 | 4844 8b5c | 2438 4589 | 5a10 4c8b 
  0x0000026ed14cc0c8: d54c 8b5c | 2448 4d33 | d349 c1ea | 144d 85d2 | 7420 448b | 4424 3845 | 85c0 7416 | 49c1 eb09 
  0x0000026ed14cc0e8: 4c8b 4424 | 404d 03c3 | 4180 3802 | 0f85 5e02 | 0000 4c8b | 5424 2845 | 8b5a 3845 | 85db 0f84 
  0x0000026ed14cc108: 4c08 0000 | 498b d34c | 8b44 2420 | 4c8b 4c24 | 4866 6690 

  0x0000026ed14cc11c: ;   {optimized virtual_call}
  0x0000026ed14cc11c: c5f8 77e8 

  0x0000026ed14cc120: ; ImmutableOopMap {[40]=Oop [48]=Oop [72]=Oop [80]=Oop [88]=NarrowOop }
                      ;*invokevirtual putIfAbsent {reexecute=0 rethrow=0 return_oop=1}
                      ; - java.lang.ClassLoader::getNamedPackage@32
                      ; - java.lang.ClassLoader::postDefineClass@9
                      ; - java.lang.ClassLoader::defineClass@37
                      ; - java.security.SecureClassLoader::defineClass@12
  0x0000026ed14cc120: 5c2d 6bff 

  0x0000026ed14cc124: ;   {other}
  0x0000026ed14cc124: 0f1f 8400 | 9416 001a | 4885 c00f | 8419 feff | ff44 8b58 | 0849 ba00 | 0000 de6e | 0200 004d 
  0x0000026ed14cc144: 03d3 4d8b 

  0x0000026ed14cc148: ;   {metadata('java/lang/NamedPackage')}
  0x0000026ed14cc148: 5238 49bb | e8c0 01de | 6e02 0000 | 4d3b d30f | 8417 0800 | 00ba deff | ffff 488b | e866 6690 
  0x0000026ed14cc168: ;   {runtime_call UncommonTrapBlob}
  0x0000026ed14cc168: c5f8 77e8 

  0x0000026ed14cc16c: ; ImmutableOopMap {rbp=Oop }
                      ;*checkcast {reexecute=0 rethrow=0 return_oop=0}
                      ; - java.lang.ClassLoader::getNamedPackage@35
                      ; - java.lang.ClassLoader::postDefineClass@9
                      ; - java.lang.ClassLoader::defineClass@37
                      ; - java.security.SecureClassLoader::defineClass@12
  0x0000026ed14cc16c: 90b9 6bff 

  0x0000026ed14cc170: ;   {other}
  0x0000026ed14cc170: 0f1f 8400 | e016 001b | 458b cae9 | a0f6 ffff | 458b cae9 | b2f2 ffff | 458b c8e9 | 90f6 ffff 
  0x0000026ed14cc190: bbff ffff | ffe9 5cef | ffff 448b | cbe9 98f2 | ffff 458b | cae9 76f6 | ffff 33db | e958 f9ff 
  0x0000026ed14cc1b0: ff49 ba00 | 000b d96e | 0200 004c | 8954 2440 | 41b9 ffff | ffff e955 | f6ff ff4c | 8b54 2430 
  0x0000026ed14cc1d0: 458b 523c | 4585 d20f | 848d f6ff | ff4d 8b5f | 2849 8bca | 4d85 db0f | 848b 0600 | 004d 8b57 
  0x0000026ed14cc1f0: 384b 894c | 1af8 4983 | c3f8 4d89 | 5f28 e967 | f6ff ff4d | 8b57 584d | 8b5f 48f0 | 8344 24c0 
  0x0000026ed14cc210: 0080 3900 | 0f84 8af6 | ffff 4488 | 214d 85db | 7520 498b | d7c5 f877 | 49ba 00a4 | 8262 fc7f 
  0x0000026ed14cc230: 0000 41ff 

  0x0000026ed14cc234: ;   {other}
  0x0000026ed14cc234: d20f 1f84 | 0000 0000 | 00e9 62f6 | ffff 4b89 | 4c1a f849 | 83c3 f84d | 895f 48e9 | 50f6 ffff 
  0x0000026ed14cc254: 49ba 0000 | 0bd9 6e02 | 0000 4c89 | 5424 4041 | b9ff ffff | ffe9 b2f5 | ffff 83fa | 0174 0733 
  0x0000026ed14cc274: dbe9 83f8 | ffff 85d2 | 0f86 a207 | 0000 0fb6 | 1fe9 73f8 

  0x0000026ed14cc288: ;   {metadata('java/security/SecureClassLoader$1')}
  0x0000026ed14cc288: ffff 48ba | 50ba 11de | 6e02 0000 | 4c89 4424 | 5066 6690 

  0x0000026ed14cc29c: ;   {runtime_call _new_instance_Java}
  0x0000026ed14cc29c: c5f8 77e8 

  0x0000026ed14cc2a0: ; ImmutableOopMap {rbp=NarrowOop [40]=Oop [48]=Oop [56]=Oop [80]=Oop }
                      ;*new {reexecute=0 rethrow=0 return_oop=1}
                      ; - java.security.SecureClassLoader::getProtectionDomain@20
                      ; - java.security.SecureClassLoader::defineClass@9
  0x0000026ed14cc2a0: 5cb3 78ff 

  0x0000026ed14cc2a4: ;   {other}
  0x0000026ed14cc2a4: 0f1f 8400 | 1418 001c | 4c8b c84c | 8b44 2450 | e9ea ecff 

  0x0000026ed14cc2b8: ;   {metadata('java/security/SecureClassLoader$CodeSourceKey')}
  0x0000026ed14cc2b8: ff48 bab8 | b411 de6e | 0200 0048 | ff74 2428 | 488f 4424 | 2066 6690 

  0x0000026ed14cc2d0: ;   {runtime_call _new_instance_Java}
  0x0000026ed14cc2d0: c5f8 77e8 

  0x0000026ed14cc2d4: ; ImmutableOopMap {rbp=Oop [32]=Oop [40]=Oop [48]=Oop [56]=Oop }
                      ;*new {reexecute=0 rethrow=0 return_oop=1}
                      ; - java.security.SecureClassLoader::getProtectionDomain@6
                      ; - java.security.SecureClassLoader::defineClass@9
  0x0000026ed14cc2d4: 28b3 78ff 

  0x0000026ed14cc2d8: ;   {other}
  0x0000026ed14cc2d8: 0f1f 8400 | 4818 001d | 4c8b c0e9 | 72ec ffff | 4c8b 5424 | 4845 8b5a | 1045 85db | 0f84 acfd 
  0x0000026ed14cc2f8: ffff 4d8b | 5728 498b | cb4d 85d2 | 0f84 fa06 | 0000 4d8b | 5f38 4b89 | 4c13 f849 | 83c2 f84d 
  0x0000026ed14cc318: 8957 28e9 | 86fd ffff | 4c8b 5424 | 4845 8b52 | 0c45 85d2 | 0f84 2cfd | ffff 4d8b | 5f28 498b 
  0x0000026ed14cc338: ca4d 85db | 0f84 a206 | 0000 4d8b | 5738 4b89 | 4c1a f849 | 83c3 f84d | 895f 28e9 | 06fd ffff 
  0x0000026ed14cc358: 4d8b 5748 | 4d8b 5f58 | f083 4424 | c000 4180 | 3800 0f84 | 8afd ffff | 4588 204d | 85d2 7523 
  0x0000026ed14cc378: 498b c849 | 8bd7 c5f8 | 7749 ba00 | a482 62fc | 7f00 0041 

  0x0000026ed14cc38c: ;   {other}
  0x0000026ed14cc38c: ffd2 0f1f | 8400 0000 | 0000 e95f | fdff ff4f | 8944 13f8 | 4983 c2f8 | 4d89 5748 | e94d fdff 
  0x0000026ed14cc3ac: ff4d 8b57 | 584d 8b5f | 48f0 8344 | 24c0 0080 | 3900 0f84 | d7fc ffff | 4488 214d | 85db 7520 
  0x0000026ed14cc3cc: 498b d7c5 | f877 49ba | 00a4 8262 | fc7f 0000 

  0x0000026ed14cc3dc: ;   {other}
  0x0000026ed14cc3dc: 41ff d20f | 1f84 0000 | 0000 00e9 | affc ffff | 4b89 4c1a | f849 83c3 | f84d 895f | 48e9 9dfc 
  0x0000026ed14cc3fc: ffff 41c6 | 4511 0133 | dbe9 fff6 | ffff 4489 | 4c24 384c | 896c 2420 

  0x0000026ed14cc414: ;   {metadata('java/lang/NamedPackage')}
  0x0000026ed14cc414: 48ba e8c0 | 01de 6e02 | 0000 6690 

  0x0000026ed14cc420: ;   {runtime_call _new_instance_Java}
  0x0000026ed14cc420: c5f8 77e8 

  0x0000026ed14cc424: ; ImmutableOopMap {[32]=Oop [40]=Oop [48]=Oop [56]=NarrowOop [80]=Oop }
                      ;*new {reexecute=0 rethrow=0 return_oop=1}
                      ; - java.lang.ClassLoader::getNamedPackage@16
                      ; - java.lang.ClassLoader::postDefineClass@9
                      ; - java.lang.ClassLoader::defineClass@37
                      ; - java.security.SecureClassLoader::defineClass@12
  0x0000026ed14cc424: d8b1 78ff 

  0x0000026ed14cc428: ;   {other}
  0x0000026ed14cc428: 0f1f 8400 | 9819 001e | e911 f8ff 

  0x0000026ed14cc434: ;   {metadata('java/lang/StringBuilder')}
  0x0000026ed14cc434: ff48 ba40 | 8000 de6e | 0200 0090 

  0x0000026ed14cc440: ;   {runtime_call _new_instance_Java}
  0x0000026ed14cc440: c5f8 77e8 

  0x0000026ed14cc444: ; ImmutableOopMap {[32]=Oop [40]=Oop [48]=Oop [56]=NarrowOop [72]=Oop [80]=Oop [88]=Oop [104]=Oop }
                      ;*new {reexecute=0 rethrow=0 return_oop=1}
                      ; - java.lang.NamedPackage::<init>@22
                      ; - java.lang.ClassLoader::getNamedPackage@22
                      ; - java.lang.ClassLoader::postDefineClass@9
                      ; - java.lang.ClassLoader::defineClass@37
                      ; - java.security.SecureClassLoader::defineClass@12
  0x0000026ed14cc444: b8b1 78ff 

  0x0000026ed14cc448: ;   {other}
  0x0000026ed14cc448: 0f1f 8400 | b819 001f | e9f0 f8ff 

  0x0000026ed14cc454: ;   {metadata('java/lang/InternalError')}
  0x0000026ed14cc454: ff48 ba38 | 0701 de6e | 0200 0090 

  0x0000026ed14cc460: ;   {runtime_call _new_instance_Java}
  0x0000026ed14cc460: c5f8 77e8 

  0x0000026ed14cc464: ; ImmutableOopMap {[32]=Oop [40]=Oop [48]=Oop [56]=NarrowOop [72]=Oop [80]=Oop [88]=Oop }
                      ;*new {reexecute=0 rethrow=0 return_oop=1}
                      ; - java.lang.NamedPackage::<init>@18
                      ; - java.lang.ClassLoader::getNamedPackage@22
                      ; - java.lang.ClassLoader::postDefineClass@9
                      ; - java.lang.ClassLoader::defineClass@37
                      ; - java.security.SecureClassLoader::defineClass@12
  0x0000026ed14cc464: 98b1 78ff 

  0x0000026ed14cc468: ;   {other}
  0x0000026ed14cc468: 0f1f 8400 | d819 0020 | e97f f8ff | ff44 8bcb | e9bd efff | ffba f6ff | ffff 488b | e866 6690 
  0x0000026ed14cc488: ;   {runtime_call UncommonTrapBlob}
  0x0000026ed14cc488: c5f8 77e8 

  0x0000026ed14cc48c: ; ImmutableOopMap {rbp=Oop }
                      ;*invokevirtual putIfAbsent {reexecute=0 rethrow=0 return_oop=0}
                      ; - java.lang.ClassLoader::checkCerts@62
                      ; - java.lang.ClassLoader::preDefineClass@113
                      ; - java.lang.ClassLoader::defineClass@4
                      ; - java.security.SecureClassLoader::defineClass@12
  0x0000026ed14cc48c: 70b6 6bff 

  0x0000026ed14cc490: ;   {other}
  0x0000026ed14cc490: 0f1f 8400 | 001a 0021 | baf6 ffff | ff66 6690 

  0x0000026ed14cc4a0: ;   {runtime_call UncommonTrapBlob}
  0x0000026ed14cc4a0: c5f8 77e8 

  0x0000026ed14cc4a4: ; ImmutableOopMap {rbp=NarrowOop }
                      ;*invokevirtual toExternalForm {reexecute=0 rethrow=0 return_oop=0}
                      ; - java.net.URL::toExternalForm@5
                      ; - java.net.URL::toString@1
                      ; - java.lang.ClassLoader::defineClassSourceLocation@22
                      ; - java.lang.ClassLoader::defineClass@12
                      ; - java.security.SecureClassLoader::defineClass@12
  0x0000026ed14cc4a4: 58b6 6bff 

  0x0000026ed14cc4a8: ;   {other}
  0x0000026ed14cc4a8: 0f1f 8400 | 181a 0022 | baf6 ffff | ff48 8beb 

  0x0000026ed14cc4b8: ;   {runtime_call UncommonTrapBlob}
  0x0000026ed14cc4b8: c5f8 77e8 

  0x0000026ed14cc4bc: ; ImmutableOopMap {rbp=Oop }
                      ;*invokevirtual get {reexecute=0 rethrow=0 return_oop=0}
                      ; - java.lang.ClassLoader::getNamedPackage@5
                      ; - java.lang.ClassLoader::postDefineClass@9
                      ; - java.lang.ClassLoader::defineClass@37
                      ; - java.security.SecureClassLoader::defineClass@12
  0x0000026ed14cc4bc: 40b6 6bff 

  0x0000026ed14cc4c0: ;   {other}
  0x0000026ed14cc4c0: 0f1f 8400 | 301a 0023 | bade ffff | ff4c 8954 | 2420 48ff | 7424 3048 | 8f44 2428 | 48ff 7424 
  0x0000026ed14cc4e0: 3848 8f44 | 2430 4889 | 4424 f88b | 4424 4089 | 4424 3848 | 8b44 24f8 | 4889 4424 | f88b 4424 
  0x0000026ed14cc500: 4489 4424 | 3c48 8b44 | 24f8 4c89 | 4424 404c | 894c 2448 

  0x0000026ed14cc514: ;   {runtime_call UncommonTrapBlob}
  0x0000026ed14cc514: c5f8 77e8 

  0x0000026ed14cc518: ; ImmutableOopMap {rbp=NarrowOop [32]=Oop [40]=Oop [48]=Oop [64]=Oop [72]=Oop }
                      ;*invokeinterface computeIfAbsent {reexecute=0 rethrow=0 return_oop=0}
                      ; - java.security.SecureClassLoader::getProtectionDomain@28
                      ; - java.security.SecureClassLoader::defineClass@9
  0x0000026ed14cc518: e4b5 6bff 

  0x0000026ed14cc51c: ;   {other}
  0x0000026ed14cc51c: 0f1f 8400 | 8c1a 0024 | 33ed 4585 | d240 0f96 | c5ba 45ff | ffff 6690 

  0x0000026ed14cc534: ;   {runtime_call UncommonTrapBlob}
  0x0000026ed14cc534: c5f8 77e8 

  0x0000026ed14cc538: ; ImmutableOopMap {[40]=Oop [48]=Oop [56]=Oop [80]=Oop }
                      ;*ifeq {reexecute=1 rethrow=0 return_oop=0}
                      ; - (reexecute) java.lang.ClassLoader::checkName@8
                      ; - java.lang.ClassLoader::preDefineClass@1
                      ; - java.lang.ClassLoader::defineClass@4
                      ; - java.security.SecureClassLoader::defineClass@12
  0x0000026ed14cc538: c4b5 6bff 

  0x0000026ed14cc53c: ;   {other}
  0x0000026ed14cc53c: 0f1f 8400 | ac1a 0025 | 458b cae9 | d4f2 ffff | bace ffff | ff44 895c | 2460 6690 

  0x0000026ed14cc558: ;   {runtime_call UncommonTrapBlob}
  0x0000026ed14cc558: c5f8 77e8 

  0x0000026ed14cc55c: ; ImmutableOopMap {rbp=NarrowOop [40]=Oop [48]=Oop [56]=Oop [80]=Oop }
                      ;*invokestatic indexOfChar {reexecute=0 rethrow=0 return_oop=0}
                      ; - java.lang.StringLatin1::indexOf@33
                      ; - java.lang.String::indexOf@17
                      ; - java.lang.String::indexOf@3
                      ; - java.lang.ClassLoader::checkName@16
                      ; - java.lang.ClassLoader::preDefineClass@1
                      ; - java.lang.ClassLoader::defineClass@4
                      ; - java.security.SecureClassLoader::defineClass@12
  0x0000026ed14cc55c: a0b5 6bff 

  0x0000026ed14cc560: ;   {other}
  0x0000026ed14cc560: 0f1f 8400 | d01a 0026 | baf6 ffff | ff66 6690 

  0x0000026ed14cc570: ;   {runtime_call UncommonTrapBlob}
  0x0000026ed14cc570: c5f8 77e8 

  0x0000026ed14cc574: ; ImmutableOopMap {}
                      ;*invokevirtual intern {reexecute=0 rethrow=0 return_oop=0}
                      ; - java.lang.Class::getPackageName@65
                      ; - java.lang.ClassLoader::postDefineClass@2
                      ; - java.lang.ClassLoader::defineClass@37
                      ; - java.security.SecureClassLoader::defineClass@12
  0x0000026ed14cc574: 88b5 6bff 

  0x0000026ed14cc578: ;   {other}
  0x0000026ed14cc578: 0f1f 8400 | e81a 0027 | ba45 ffff | ff48 8944 | 2440 6690 

  0x0000026ed14cc58c: ;   {runtime_call UncommonTrapBlob}
  0x0000026ed14cc58c: c5f8 77e8 

  0x0000026ed14cc590: ; ImmutableOopMap {[40]=Oop [48]=Oop [64]=Oop [80]=Oop }
                      ;*ifeq {reexecute=1 rethrow=0 return_oop=0}
                      ; - (reexecute) java.lang.Class::getPackageName@13
                      ; - java.lang.ClassLoader::postDefineClass@2
                      ; - java.lang.ClassLoader::defineClass@37
                      ; - java.security.SecureClassLoader::defineClass@12
  0x0000026ed14cc590: 6cb5 6bff 

  0x0000026ed14cc594: ;   {other}
  0x0000026ed14cc594: 0f1f 8400 | 041b 0028 | ba76 ffff | ff8b e944 | 8954 2424 | 48ff 7424 | 5048 8f44 | 2448 4489 
  0x0000026ed14cc5b4: 5c24 6090 

  0x0000026ed14cc5b8: ;   {runtime_call UncommonTrapBlob}
  0x0000026ed14cc5b8: c5f8 77e8 

  0x0000026ed14cc5bc: ; ImmutableOopMap {rbp=NarrowOop [40]=Oop [48]=Oop [56]=Oop [72]=Oop [96]=NarrowOop }
                      ;*iflt {reexecute=1 rethrow=0 return_oop=0}
                      ; - (reexecute) java.lang.StringLatin1::lastIndexOf@19
                      ; - java.lang.String::lastIndexOf@13
                      ; - java.lang.String::lastIndexOf@8
                      ; - java.lang.ClassLoader::checkCerts@3
                      ; - java.lang.ClassLoader::preDefineClass@113
                      ; - java.lang.ClassLoader::defineClass@4
                      ; - java.security.SecureClassLoader::defineClass@12
  0x0000026ed14cc5bc: 40b5 6bff 

  0x0000026ed14cc5c0: ;   {other}
  0x0000026ed14cc5c0: 0f1f 8400 | 301b 0029 | ba6e ffff | ff8b e944 | 8954 2424 | 48ff 7424 | 5048 8f44 | 2448 4489 
  0x0000026ed14cc5e0: 5c24 6090 

  0x0000026ed14cc5e4: ;   {runtime_call UncommonTrapBlob}
  0x0000026ed14cc5e4: c5f8 77e8 

  0x0000026ed14cc5e8: ; ImmutableOopMap {rbp=NarrowOop [40]=Oop [48]=Oop [56]=Oop [72]=Oop [96]=NarrowOop }
                      ;*iflt {reexecute=1 rethrow=0 return_oop=0}
                      ; - (reexecute) java.lang.StringLatin1::lastIndexOf@19
                      ; - java.lang.String::lastIndexOf@13
                      ; - java.lang.String::lastIndexOf@8
                      ; - java.lang.ClassLoader::checkCerts@3
                      ; - java.lang.ClassLoader::preDefineClass@113
                      ; - java.lang.ClassLoader::defineClass@4
                      ; - java.security.SecureClassLoader::defineClass@12
  0x0000026ed14cc5e8: 14b5 6bff 

  0x0000026ed14cc5ec: ;   {other}
  0x0000026ed14cc5ec: 0f1f 8400 | 5c1b 002a | bae4 ffff | ff89 4c24 | 2044 8b5c | 2440 4489 | 5c24 2490 

  0x0000026ed14cc608: ;   {runtime_call UncommonTrapBlob}
  0x0000026ed14cc608: c5f8 77e8 

  0x0000026ed14cc60c: ; ImmutableOopMap {[32]=NarrowOop [40]=Oop [48]=Oop [56]=Oop [80]=Oop }
                      ;*baload {reexecute=0 rethrow=0 return_oop=0}
                      ; - jdk.internal.util.ArraysSupport::mismatch@82
                      ; - java.lang.String::startsWith@70
                      ; - java.lang.String::startsWith@3
                      ; - java.lang.ClassLoader::preDefineClass@43
                      ; - java.lang.ClassLoader::defineClass@4
                      ; - java.security.SecureClassLoader::defineClass@12
  0x0000026ed14cc60c: f0b4 6bff 

  0x0000026ed14cc610: ;   {other}
  0x0000026ed14cc610: 0f1f 8400 | 801b 002b | bae4 ffff | ff89 4c24 | 2044 8b5c | 2440 4489 | 5c24 2490 

  0x0000026ed14cc62c: ;   {runtime_call UncommonTrapBlob}
  0x0000026ed14cc62c: c5f8 77e8 

  0x0000026ed14cc630: ; ImmutableOopMap {[32]=NarrowOop [40]=Oop [48]=Oop [56]=Oop [80]=Oop }
                      ;*invokestatic checkIndex {reexecute=0 rethrow=0 return_oop=0}
                      ; - java.lang.String::checkIndex@5
                      ; - java.lang.StringLatin1::charAt@3
                      ; - java.lang.String::charAt@12
                      ; - java.lang.ClassLoader::checkName@25
                      ; - java.lang.ClassLoader::preDefineClass@1
                      ; - java.lang.ClassLoader::defineClass@4
                      ; - java.security.SecureClassLoader::defineClass@12
  0x0000026ed14cc630: ccb4 6bff 

  0x0000026ed14cc634: ;   {other}
  0x0000026ed14cc634: 0f1f 8400 | a41b 002c | bade ffff | ff66 6690 

  0x0000026ed14cc644: ;   {runtime_call UncommonTrapBlob}
  0x0000026ed14cc644: c5f8 77e8 

  0x0000026ed14cc648: ; ImmutableOopMap {rbp=NarrowOop }
                      ;*checkcast {reexecute=0 rethrow=0 return_oop=0}
                      ; - java.lang.ClassLoader::getNamedPackage@8
                      ; - java.lang.ClassLoader::postDefineClass@9
                      ; - java.lang.ClassLoader::defineClass@37
                      ; - java.security.SecureClassLoader::defineClass@12
  0x0000026ed14cc648: b4b4 6bff 

  0x0000026ed14cc64c: ;   {other}
  0x0000026ed14cc64c: 0f1f 8400 | bc1b 002d | ba45 ffff | ff48 8b6c | 2428 48ff | 7424 5048 | 8f44 2448 | 895c 2450 
  0x0000026ed14cc66c: ;   {runtime_call UncommonTrapBlob}
  0x0000026ed14cc66c: c5f8 77e8 

  0x0000026ed14cc670: ; ImmutableOopMap {rbp=Oop [48]=Oop [56]=Oop [72]=Oop }
                      ;*if_icmpne {reexecute=1 rethrow=0 return_oop=0}
                      ; - (reexecute) java.lang.ClassLoader::checkName@20
                      ; - java.lang.ClassLoader::preDefineClass@1
                      ; - java.lang.ClassLoader::defineClass@4
                      ; - java.security.SecureClassLoader::defineClass@12
  0x0000026ed14cc670: 8cb4 6bff 

  0x0000026ed14cc674: ;   {other}
  0x0000026ed14cc674: 0f1f 8400 | e41b 002e | ba45 ffff | ff4c 896c | 2440 4489 | 4c24 4844 | 8954 244c 

  0x0000026ed14cc690: ;   {runtime_call UncommonTrapBlob}
  0x0000026ed14cc690: c5f8 77e8 

  0x0000026ed14cc694: ; ImmutableOopMap {[40]=Oop [48]=Oop [64]=Oop [72]=NarrowOop [80]=Oop }
                      ;*ifle {reexecute=1 rethrow=0 return_oop=0}
                      ; - (reexecute) java.util.concurrent.ConcurrentHashMap::get@23
                      ; - java.lang.ClassLoader::getNamedPackage@5
                      ; - java.lang.ClassLoader::postDefineClass@9
                      ; - java.lang.ClassLoader::defineClass@37
                      ; - java.security.SecureClassLoader::defineClass@12
  0x0000026ed14cc694: 68b4 6bff 

  0x0000026ed14cc698: ;   {other}
  0x0000026ed14cc698: 0f1f 8400 | 081c 002f | ba45 ffff | ff48 ff74 | 2428 488f | 4424 204c | 8944 2428 | 4c89 4c24 
  0x0000026ed14cc6b8: 3089 7c24 | 3889 7424 | 3c66 6690 

  0x0000026ed14cc6c4: ;   {runtime_call UncommonTrapBlob}
  0x0000026ed14cc6c4: c5f8 77e8 

  0x0000026ed14cc6c8: ; ImmutableOopMap {rbp=Oop [32]=Oop [40]=Oop [48]=Oop }
                      ;*ifnonnull {reexecute=1 rethrow=0 return_oop=0}
                      ; - (reexecute) java.security.SecureClassLoader::getProtectionDomain@1
                      ; - java.security.SecureClassLoader::defineClass@9
  0x0000026ed14cc6c8: 34b4 6bff 

  0x0000026ed14cc6cc: ;   {other}
  0x0000026ed14cc6cc: 0f1f 8400 | 3c1c 0030 | ba45 ffff | ff66 6690 

  0x0000026ed14cc6dc: ;   {runtime_call UncommonTrapBlob}
  0x0000026ed14cc6dc: c5f8 77e8 

  0x0000026ed14cc6e0: ; ImmutableOopMap {[40]=Oop [48]=Oop [56]=Oop [80]=Oop }
                      ;*if_icmpne {reexecute=1 rethrow=0 return_oop=0}
                      ; - (reexecute) java.lang.ClassLoader::checkName@30
                      ; - java.lang.ClassLoader::preDefineClass@1
                      ; - java.lang.ClassLoader::defineClass@4
                      ; - java.security.SecureClassLoader::defineClass@12
  0x0000026ed14cc6e0: 1cb4 6bff 

  0x0000026ed14cc6e4: ;   {other}
  0x0000026ed14cc6e4: 0f1f 8400 | 541c 0031 | ba45 ffff | ff41 8be9 | 48ff 7424 | 5048 8f44 | 2448 4489 | 5c24 5890 
  0x0000026ed14cc704: ;   {runtime_call UncommonTrapBlob}
  0x0000026ed14cc704: c5f8 77e8 

  0x0000026ed14cc708: ; ImmutableOopMap {[40]=Oop [48]=Oop [56]=Oop [72]=Oop [88]=NarrowOop }
                      ;*if_icmpne {reexecute=1 rethrow=0 return_oop=0}
                      ; - (reexecute) java.lang.ClassLoader::checkCerts@9
                      ; - java.lang.ClassLoader::preDefineClass@113
                      ; - java.lang.ClassLoader::defineClass@4
                      ; - java.security.SecureClassLoader::defineClass@12
  0x0000026ed14cc708: f4b3 6bff 

  0x0000026ed14cc70c: ;   {other}
  0x0000026ed14cc70c: 0f1f 8400 | 7c1c 0032 | ba45 ffff | ff48 ff74 | 2450 488f | 4424 4848 | 8944 2458 | 4489 5c24 
  0x0000026ed14cc72c: 6066 6690 

  0x0000026ed14cc730: ;   {runtime_call UncommonTrapBlob}
  0x0000026ed14cc730: c5f8 77e8 

  0x0000026ed14cc734: ; ImmutableOopMap {rbp=NarrowOop [40]=Oop [48]=Oop [56]=Oop [72]=Oop [88]=Oop [96]=NarrowOop }
                      ;*ifnull {reexecute=1 rethrow=0 return_oop=0}
                      ; - (reexecute) java.security.CodeSource::getCertificates@4
                      ; - java.lang.ClassLoader::checkCerts@34
                      ; - java.lang.ClassLoader::preDefineClass@113
                      ; - java.lang.ClassLoader::defineClass@4
                      ; - java.security.SecureClassLoader::defineClass@12
  0x0000026ed14cc734: c8b3 6bff 

  0x0000026ed14cc738: ;   {other}
  0x0000026ed14cc738: 0f1f 8400 | a81c 0033 | ba45 ffff | ff48 ff74 | 2450 488f | 4424 4848 | 8944 2458 | 4489 5c24 
  0x0000026ed14cc758: 6066 6690 

  0x0000026ed14cc75c: ;   {runtime_call UncommonTrapBlob}
  0x0000026ed14cc75c: c5f8 77e8 

  0x0000026ed14cc760: ; ImmutableOopMap {rbp=NarrowOop [40]=Oop [48]=Oop [56]=Oop [72]=Oop [88]=Oop [96]=NarrowOop }
                      ;*ifnull {reexecute=1 rethrow=0 return_oop=0}
                      ; - (reexecute) java.security.CodeSource::getCertificates@22
                      ; - java.lang.ClassLoader::checkCerts@34
                      ; - java.lang.ClassLoader::preDefineClass@113
                      ; - java.lang.ClassLoader::defineClass@4
                      ; - java.security.SecureClassLoader::defineClass@12
  0x0000026ed14cc760: 9cb3 6bff 

  0x0000026ed14cc764: ;   {other}
  0x0000026ed14cc764: 0f1f 8400 | d41c 0034 | ba45 ffff | ff48 ff74 | 2428 488f | 4424 2090 

  0x0000026ed14cc77c: ;   {runtime_call UncommonTrapBlob}
  0x0000026ed14cc77c: c5f8 77e8 

  0x0000026ed14cc780: ; ImmutableOopMap {[32]=Oop [48]=Oop [56]=Oop [80]=Oop }
                      ;*ifne {reexecute=1 rethrow=0 return_oop=0}
                      ; - (reexecute) java.lang.ClassLoader::compareCerts@7
                      ; - java.lang.ClassLoader::checkCerts@80
                      ; - java.lang.ClassLoader::preDefineClass@113
                      ; - java.lang.ClassLoader::defineClass@4
                      ; - java.security.SecureClassLoader::defineClass@12
  0x0000026ed14cc780: 7cb3 6bff 

  0x0000026ed14cc784: ;   {other}
  0x0000026ed14cc784: 0f1f 8400 | f41c 0035 | bae4 ffff | ff89 4c24 | 2044 8b5c | 2440 4489 | 5c24 2490 

  0x0000026ed14cc7a0: ;   {runtime_call UncommonTrapBlob}
  0x0000026ed14cc7a0: c5f8 77e8 

  0x0000026ed14cc7a4: ; ImmutableOopMap {[32]=NarrowOop [40]=Oop [48]=Oop [56]=Oop [80]=Oop }
                      ;*invokestatic checkIndex {reexecute=0 rethrow=0 return_oop=0}
                      ; - java.lang.String::checkIndex@5
                      ; - java.lang.StringUTF16::checkIndex@5
                      ; - java.lang.StringUTF16::charAt@2
                      ; - java.lang.String::charAt@21
                      ; - java.lang.ClassLoader::checkName@25
                      ; - java.lang.ClassLoader::preDefineClass@1
                      ; - java.lang.ClassLoader::defineClass@4
                      ; - java.security.SecureClassLoader::defineClass@12
  0x0000026ed14cc7a4: 58b3 6bff 

  0x0000026ed14cc7a8: ;   {other}
  0x0000026ed14cc7a8: 0f1f 8400 | 181d 0036 | baf6 ffff | ff66 6690 

  0x0000026ed14cc7b8: ;   {runtime_call UncommonTrapBlob}
  0x0000026ed14cc7b8: c5f8 77e8 

  0x0000026ed14cc7bc: ; ImmutableOopMap {}
                      ;*invokevirtual isNamed {reexecute=0 rethrow=0 return_oop=0}
                      ; - java.lang.NamedPackage::<init>@12
                      ; - java.lang.ClassLoader::getNamedPackage@22
                      ; - java.lang.ClassLoader::postDefineClass@9
                      ; - java.lang.ClassLoader::defineClass@37
                      ; - java.security.SecureClassLoader::defineClass@12
  0x0000026ed14cc7bc: 40b3 6bff 

  0x0000026ed14cc7c0: ;   {other}
  0x0000026ed14cc7c0: 0f1f 8400 | 301d 0037 | ba6e ffff | ff8b e989 | 5c24 244c | 8954 2448 | 4489 5c24 | 6066 6690 
  0x0000026ed14cc7e0: ;   {runtime_call UncommonTrapBlob}
  0x0000026ed14cc7e0: c5f8 77e8 

  0x0000026ed14cc7e4: ; ImmutableOopMap {rbp=NarrowOop [40]=Oop [48]=Oop [56]=Oop [72]=Oop [96]=NarrowOop }
                      ;*iflt {reexecute=1 rethrow=0 return_oop=0}
                      ; - (reexecute) java.lang.StringUTF16::lastIndexOf@18
                      ; - java.lang.String::lastIndexOf@25
                      ; - java.lang.String::lastIndexOf@8
                      ; - java.lang.ClassLoader::checkCerts@3
                      ; - java.lang.ClassLoader::preDefineClass@113
                      ; - java.lang.ClassLoader::defineClass@4
                      ; - java.security.SecureClassLoader::defineClass@12
  0x0000026ed14cc7e4: 18b3 6bff 

  0x0000026ed14cc7e8: ;   {other}
  0x0000026ed14cc7e8: 0f1f 8400 | 581d 0038 | baf6 ffff | ff66 6690 

  0x0000026ed14cc7f8: ;   {runtime_call UncommonTrapBlob}
  0x0000026ed14cc7f8: c5f8 77e8 

  0x0000026ed14cc7fc: ; ImmutableOopMap {[56]=NarrowOop }
                      ;*invokevirtual append {reexecute=0 rethrow=0 return_oop=0}
                      ; - java.lang.NamedPackage::<init>@35
                      ; - java.lang.ClassLoader::getNamedPackage@22
                      ; - java.lang.ClassLoader::postDefineClass@9
                      ; - java.lang.ClassLoader::defineClass@37
                      ; - java.security.SecureClassLoader::defineClass@12
  0x0000026ed14cc7fc: 00b3 6bff 

  0x0000026ed14cc800: ;   {other}
  0x0000026ed14cc800: 0f1f 8400 | 701d 0039 | baf6 ffff | ff66 6690 

  0x0000026ed14cc810: ;   {runtime_call UncommonTrapBlob}
  0x0000026ed14cc810: c5f8 77e8 

  0x0000026ed14cc814: ; ImmutableOopMap {}
                      ;*invokevirtual toString {reexecute=0 rethrow=0 return_oop=0}
                      ; - java.lang.NamedPackage::<init>@38
                      ; - java.lang.ClassLoader::getNamedPackage@22
                      ; - java.lang.ClassLoader::postDefineClass@9
                      ; - java.lang.ClassLoader::defineClass@37
                      ; - java.security.SecureClassLoader::defineClass@12
  0x0000026ed14cc814: e8b2 6bff 

  0x0000026ed14cc818: ;   {other}
  0x0000026ed14cc818: 0f1f 8400 | 881d 003a | ba76 ffff | ff8b e944 | 8944 2424 | 48ff 7424 | 5048 8f44 | 2440 4889 
  0x0000026ed14cc838: 4424 5890 

  0x0000026ed14cc83c: ;   {runtime_call UncommonTrapBlob}
  0x0000026ed14cc83c: c5f8 77e8 

  0x0000026ed14cc840: ; ImmutableOopMap {rbp=NarrowOop [40]=Oop [48]=Oop [64]=Oop [88]=Oop }
                      ;*iflt {reexecute=1 rethrow=0 return_oop=0}
                      ; - (reexecute) java.lang.StringLatin1::lastIndexOf@19
                      ; - java.lang.String::lastIndexOf@13
                      ; - java.lang.String::lastIndexOf@8
                      ; - java.lang.Class::getPackageName@47
                      ; - java.lang.ClassLoader::postDefineClass@2
                      ; - java.lang.ClassLoader::defineClass@37
                      ; - java.security.SecureClassLoader::defineClass@12
  0x0000026ed14cc840: bcb2 6bff 

  0x0000026ed14cc844: ;   {other}
  0x0000026ed14cc844: 0f1f 8400 | b41d 003b | ba6e ffff | ff8b e944 | 8944 2424 | 48ff 7424 | 5048 8f44 | 2440 4889 
  0x0000026ed14cc864: 4424 5890 

  0x0000026ed14cc868: ;   {runtime_call UncommonTrapBlob}
  0x0000026ed14cc868: c5f8 77e8 

  0x0000026ed14cc86c: ; ImmutableOopMap {rbp=NarrowOop [40]=Oop [48]=Oop [64]=Oop [88]=Oop }
                      ;*iflt {reexecute=1 rethrow=0 return_oop=0}
                      ; - (reexecute) java.lang.StringLatin1::lastIndexOf@19
                      ; - java.lang.String::lastIndexOf@13
                      ; - java.lang.String::lastIndexOf@8
                      ; - java.lang.Class::getPackageName@47
                      ; - java.lang.ClassLoader::postDefineClass@2
                      ; - java.lang.ClassLoader::defineClass@37
                      ; - java.security.SecureClassLoader::defineClass@12
  0x0000026ed14cc86c: 90b2 6bff 

  0x0000026ed14cc870: ;   {other}
  0x0000026ed14cc870: 0f1f 8400 | e01d 003c | 498b d7c5 | f877 49ba | 20a4 8262 | fc7f 0000 

  0x0000026ed14cc888: ;   {other}
  0x0000026ed14cc888: 41ff d20f | 1f84 0000 | 0000 00e9 | d2ef ffff | ba45 ffff | ff41 8be9 

  0x0000026ed14cc8a0: ;   {runtime_call UncommonTrapBlob}
  0x0000026ed14cc8a0: c5f8 77e8 

  0x0000026ed14cc8a4: ; ImmutableOopMap {[40]=Oop [48]=Oop [80]=Oop }
                      ;*if_icmpeq {reexecute=1 rethrow=0 return_oop=0}
                      ; - (reexecute) java.lang.Class::getPackageName@55
                      ; - java.lang.ClassLoader::postDefineClass@2
                      ; - java.lang.ClassLoader::defineClass@37
                      ; - java.security.SecureClassLoader::defineClass@12
  0x0000026ed14cc8a4: 58b2 6bff 

  0x0000026ed14cc8a8: ;   {other}
  0x0000026ed14cc8a8: 0f1f 8400 | 181e 003d | 458b cae9 | 82eb ffff | ba6e ffff | ff8b e944 | 8954 2424 | 48ff 7424 
  0x0000026ed14cc8c8: 5048 8f44 | 2440 4889 | 4424 5890 

  0x0000026ed14cc8d4: ;   {runtime_call UncommonTrapBlob}
  0x0000026ed14cc8d4: c5f8 77e8 

  0x0000026ed14cc8d8: ; ImmutableOopMap {rbp=NarrowOop [40]=Oop [48]=Oop [64]=Oop [88]=Oop }
                      ;*iflt {reexecute=1 rethrow=0 return_oop=0}
                      ; - (reexecute) java.lang.StringUTF16::lastIndexOf@18
                      ; - java.lang.String::lastIndexOf@25
                      ; - java.lang.String::lastIndexOf@8
                      ; - java.lang.Class::getPackageName@47
                      ; - java.lang.ClassLoader::postDefineClass@2
                      ; - java.lang.ClassLoader::defineClass@37
                      ; - java.security.SecureClassLoader::defineClass@12
  0x0000026ed14cc8d8: 24b2 6bff 

  0x0000026ed14cc8dc: ;   {other}
  0x0000026ed14cc8dc: 0f1f 8400 | 4c1e 003e | ba45 ffff | ff44 8954 | 2438 6690 

  0x0000026ed14cc8f0: ;   {runtime_call UncommonTrapBlob}
  0x0000026ed14cc8f0: c5f8 77e8 

  0x0000026ed14cc8f4: ; ImmutableOopMap {rbp=NarrowOop [40]=Oop [48]=Oop [56]=NarrowOop }
                      ;*ifnull {reexecute=1 rethrow=0 return_oop=0}
                      ; - (reexecute) java.security.CodeSource::getCertificates@4
                      ; - java.lang.ClassLoader::postDefineClass@24
                      ; - java.lang.ClassLoader::defineClass@37
                      ; - java.security.SecureClassLoader::defineClass@12
  0x0000026ed14cc8f4: 08b2 6bff 

  0x0000026ed14cc8f8: ;   {other}
  0x0000026ed14cc8f8: 0f1f 8400 | 681e 003f | ba45 ffff | ff44 8954 | 2438 6690 

  0x0000026ed14cc90c: ;   {runtime_call UncommonTrapBlob}
  0x0000026ed14cc90c: c5f8 77e8 

  0x0000026ed14cc910: ; ImmutableOopMap {rbp=NarrowOop [40]=Oop [48]=Oop [56]=NarrowOop }
                      ;*ifnull {reexecute=1 rethrow=0 return_oop=0}
                      ; - (reexecute) java.security.CodeSource::getCertificates@22
                      ; - java.lang.ClassLoader::postDefineClass@24
                      ; - java.lang.ClassLoader::defineClass@37
                      ; - java.security.SecureClassLoader::defineClass@12
  0x0000026ed14cc910: ecb1 6bff 

  0x0000026ed14cc914: ;   {other}
  0x0000026ed14cc914: 0f1f 8400 | 841e 0040 | 458b c8e9 | fcee ffff | ba45 ffff | ff48 ff74 | 2450 488f | 4424 3844 
  0x0000026ed14cc934: 894c 2450 | 4c89 6c24 | 5844 8944 | 2454 4489 | 5c24 6090 

  0x0000026ed14cc948: ;   {runtime_call UncommonTrapBlob}
  0x0000026ed14cc948: c5f8 77e8 

  0x0000026ed14cc94c: ; ImmutableOopMap {[40]=Oop [48]=Oop [56]=Oop [80]=NarrowOop [84]=NarrowOop [88]=Oop }
                      ;*ifge {reexecute=1 rethrow=0 return_oop=0}
                      ; - (reexecute) java.util.concurrent.ConcurrentHashMap::get@86
                      ; - java.lang.ClassLoader::getNamedPackage@5
                      ; - java.lang.ClassLoader::postDefineClass@9
                      ; - java.lang.ClassLoader::defineClass@37
                      ; - java.security.SecureClassLoader::defineClass@12
  0x0000026ed14cc94c: b0b1 6bff 

  0x0000026ed14cc950: ;   {other}
  0x0000026ed14cc950: 0f1f 8400 | c01e 0041 | baf6 ffff | ff48 8b6c | 2420 6690 

  0x0000026ed14cc964: ;   {runtime_call UncommonTrapBlob}
  0x0000026ed14cc964: c5f8 77e8 

  0x0000026ed14cc968: ; ImmutableOopMap {rbp=Oop [72]=Oop }
                      ;*invokevirtual putIfAbsent {reexecute=0 rethrow=0 return_oop=0}
                      ; - java.lang.ClassLoader::getNamedPackage@32
                      ; - java.lang.ClassLoader::postDefineClass@9
                      ; - java.lang.ClassLoader::defineClass@37
                      ; - java.security.SecureClassLoader::defineClass@12
  0x0000026ed14cc968: 94b1 6bff 

  0x0000026ed14cc96c: ;   {other}
  0x0000026ed14cc96c: 0f1f 8400 | dc1e 0042 | 488b e8ba | 54ff ffff 

  0x0000026ed14cc97c: ;   {runtime_call UncommonTrapBlob}
  0x0000026ed14cc97c: c5f8 77e8 

  0x0000026ed14cc980: ; ImmutableOopMap {rbp=Oop [40]=Oop [48]=Oop [72]=Oop [80]=Oop [88]=NarrowOop }
                      ;*ifnull {reexecute=1 rethrow=0 return_oop=0}
                      ; - (reexecute) java.lang.ClassLoader::getNamedPackage@42
                      ; - java.lang.ClassLoader::postDefineClass@9
                      ; - java.lang.ClassLoader::defineClass@37
                      ; - java.security.SecureClassLoader::defineClass@12
  0x0000026ed14cc980: 7cb1 6bff 

  0x0000026ed14cc984: ;   {other}
  0x0000026ed14cc984: 0f1f 8400 | f41e 0043 | ba45 ffff | ff48 ff74 | 2450 488f | 4424 3844 | 894c 2450 | 4c89 6c24 
  0x0000026ed14cc9a4: 5848 897c | 2460 4489 | 5c24 5490 

  0x0000026ed14cc9b0: ;   {runtime_call UncommonTrapBlob}
  0x0000026ed14cc9b0: c5f8 77e8 

  0x0000026ed14cc9b4: ; ImmutableOopMap {rbp=NarrowOop [40]=Oop [48]=Oop [56]=Oop [80]=NarrowOop [88]=Oop [96]=Oop }
                      ;*ifnull {reexecute=1 rethrow=0 return_oop=0}
                      ; - (reexecute) java.util.concurrent.ConcurrentHashMap::get@143
                      ; - java.lang.ClassLoader::getNamedPackage@5
                      ; - java.lang.ClassLoader::postDefineClass@9
                      ; - java.lang.ClassLoader::defineClass@37
                      ; - java.security.SecureClassLoader::defineClass@12
  0x0000026ed14cc9b4: 48b1 6bff 

  0x0000026ed14cc9b8: ;   {other}
  0x0000026ed14cc9b8: 0f1f 8400 | 281f 0044 | ba45 ffff | ff48 ff74 | 2450 488f | 4424 4089 | 4424 6090 

  0x0000026ed14cc9d4: ;   {runtime_call UncommonTrapBlob}
  0x0000026ed14cc9d4: c5f8 77e8 

  0x0000026ed14cc9d8: ; ImmutableOopMap {[32]=Oop [40]=Oop [48]=Oop [56]=NarrowOop [64]=Oop [72]=Oop }
                      ;*ifeq {reexecute=1 rethrow=0 return_oop=0}
                      ; - (reexecute) java.util.concurrent.ConcurrentHashMap::get@152
                      ; - java.lang.ClassLoader::getNamedPackage@5
                      ; - java.lang.ClassLoader::postDefineClass@9
                      ; - java.lang.ClassLoader::defineClass@37
                      ; - java.security.SecureClassLoader::defineClass@12
  0x0000026ed14cc9d8: 24b1 6bff 

  0x0000026ed14cc9dc: ;   {other}
  0x0000026ed14cc9dc: 0f1f 8400 | 4c1f 0045 | 498b d7c5 | f877 49ba | 20a4 8262 | fc7f 0000 

  0x0000026ed14cc9f4: ;   {other}
  0x0000026ed14cc9f4: 41ff d20f | 1f84 0000 | 0000 00e9 | 5af6 ffff | 498b d7c5 | f877 49ba | 20a4 8262 | fc7f 0000 
  0x0000026ed14cca14: ;   {other}
  0x0000026ed14cca14: 41ff d20f | 1f84 0000 | 0000 00e9 | 82f6 ffff | bae4 ffff | ff48 ff74 | 2450 488f | 4424 3844 
  0x0000026ed14cca34: 894c 2450 | 4489 5c24 | 544c 896c | 2458 4c89 | 6c24 6090 

  0x0000026ed14cca48: ;   {runtime_call UncommonTrapBlob}
  0x0000026ed14cca48: c5f8 77e8 

  0x0000026ed14cca4c: ; ImmutableOopMap {rbp=NarrowOop [40]=Oop [48]=Oop [56]=Oop [80]=NarrowOop [84]=NarrowOop [88]=Oop [96]=Oop }
                      ;*baload {reexecute=0 rethrow=0 return_oop=0}
                      ; - java.lang.StringLatin1::hashCode@34
                      ; - java.lang.String::hashCode@27
                      ; - java.util.concurrent.ConcurrentHashMap::get@1
                      ; - java.lang.ClassLoader::getNamedPackage@5
                      ; - java.lang.ClassLoader::postDefineClass@9
                      ; - java.lang.ClassLoader::defineClass@37
                      ; - java.security.SecureClassLoader::defineClass@12
  0x0000026ed14cca4c: b0b0 6bff 

  0x0000026ed14cca50: ;   {other}
  0x0000026ed14cca50: 0f1f 8400 | c01f 0046 | bade ffff | ff48 8b6c | 2428 4c8b | 5424 304c | 8954 2420 | 4c8b 5424 
  0x0000026ed14cca70: 384c 8954 | 2428 4889 | 4424 3890 

  0x0000026ed14cca7c: ;   {runtime_call UncommonTrapBlob}
  0x0000026ed14cca7c: c5f8 77e8 

  0x0000026ed14cca80: ; ImmutableOopMap {rbp=Oop [32]=Oop [40]=Oop [56]=Oop }
                      ;*checkcast {reexecute=0 rethrow=0 return_oop=0}
                      ; - java.security.SecureClassLoader::getProtectionDomain@33
                      ; - java.security.SecureClassLoader::defineClass@9
  0x0000026ed14cca80: 7cb0 6bff 

  0x0000026ed14cca84: ;   {other}
  0x0000026ed14cca84: 0f1f 8400 | f41f 0047 | bade ffff | ff48 ff74 | 2450 488f | 4424 4848 | 8944 2450 

  0x0000026ed14ccaa0: ;   {runtime_call UncommonTrapBlob}
  0x0000026ed14ccaa0: c5f8 77e8 

  0x0000026ed14ccaa4: ; ImmutableOopMap {[40]=Oop [48]=Oop [56]=Oop [72]=Oop [80]=Oop }
                      ;*checkcast {reexecute=0 rethrow=0 return_oop=0}
                      ; - java.lang.ClassLoader::checkCerts@65
                      ; - java.lang.ClassLoader::preDefineClass@113
                      ; - java.lang.ClassLoader::defineClass@4
                      ; - java.security.SecureClassLoader::defineClass@12
  0x0000026ed14ccaa4: 58b0 6bff 

  0x0000026ed14ccaa8: ;   {other}
  0x0000026ed14ccaa8: 0f1f 8400 | 1820 0048 | baf6 ffff | ff49 8be8 | 4c89 4c24 | 2066 6690 

  0x0000026ed14ccac0: ;   {runtime_call UncommonTrapBlob}
  0x0000026ed14ccac0: c5f8 77e8 

  0x0000026ed14ccac4: ; ImmutableOopMap {rbp=Oop [32]=Oop }
                      ;*invokeinterface computeIfAbsent {reexecute=0 rethrow=0 return_oop=0}
                      ; - java.security.SecureClassLoader::getProtectionDomain@28
                      ; - java.security.SecureClassLoader::defineClass@9
  0x0000026ed14ccac4: 38b0 6bff 

  0x0000026ed14ccac8: ;   {other}
  0x0000026ed14ccac8: 0f1f 8400 | 3820 0049 | baf4 ffff | ff48 8b6c | 2428 4c8b | 5424 304c | 8954 2420 

  0x0000026ed14ccae4: ;   {runtime_call UncommonTrapBlob}
  0x0000026ed14ccae4: c5f8 77e8 

  0x0000026ed14ccae8: ; ImmutableOopMap {rbp=Oop [32]=Oop [56]=Oop }
                      ;*checkcast {reexecute=0 rethrow=0 return_oop=0}
                      ; - java.security.SecureClassLoader::getProtectionDomain@33
                      ; - java.security.SecureClassLoader::defineClass@9
  0x0000026ed14ccae8: 14b0 6bff 

  0x0000026ed14ccaec: ;   {other}
  0x0000026ed14ccaec: 0f1f 8400 | 5c20 004a | baf6 ffff | ff66 6690 

  0x0000026ed14ccafc: ;   {runtime_call UncommonTrapBlob}
  0x0000026ed14ccafc: c5f8 77e8 

  0x0000026ed14ccb00: ; ImmutableOopMap {}
                      ;*arraylength {reexecute=0 rethrow=0 return_oop=0}
                      ; - java.lang.String::isEmpty@4
                      ; - java.lang.ClassLoader::checkName@5
                      ; - java.lang.ClassLoader::preDefineClass@1
                      ; - java.lang.ClassLoader::defineClass@4
                      ; - java.security.SecureClassLoader::defineClass@12
  0x0000026ed14ccb00: fcaf 6bff 

  0x0000026ed14ccb04: ;   {other}
  0x0000026ed14ccb04: 0f1f 8400 | 7420 004b | baf6 ffff | ff66 6690 

  0x0000026ed14ccb14: ;   {runtime_call UncommonTrapBlob}
  0x0000026ed14ccb14: c5f8 77e8 

  0x0000026ed14ccb18: ; ImmutableOopMap {}
                      ;*arraylength {reexecute=0 rethrow=0 return_oop=0}
                      ; - java.lang.String::length@4
                      ; - java.lang.String::startsWith@6
                      ; - java.lang.String::startsWith@3
                      ; - java.lang.ClassLoader::preDefineClass@43
                      ; - java.lang.ClassLoader::defineClass@4
                      ; - java.security.SecureClassLoader::defineClass@12
  0x0000026ed14ccb18: e4af 6bff 

  0x0000026ed14ccb1c: ;   {other}
  0x0000026ed14ccb1c: 0f1f 8400 | 8c20 004c | baf6 ffff | ff66 6690 

  0x0000026ed14ccb2c: ;   {runtime_call UncommonTrapBlob}
  0x0000026ed14ccb2c: c5f8 77e8 

  0x0000026ed14ccb30: ; ImmutableOopMap {}
                      ;*invokevirtual getPackageName {reexecute=0 rethrow=0 return_oop=0}
                      ; - java.lang.ClassLoader::postDefineClass@2
                      ; - java.lang.ClassLoader::defineClass@37
                      ; - java.security.SecureClassLoader::defineClass@12
  0x0000026ed14ccb30: ccaf 6bff 

  0x0000026ed14ccb34: ;   {other}
  0x0000026ed14ccb34: 0f1f 8400 | a420 004d | baf6 ffff | ff66 6690 

  0x0000026ed14ccb44: ;   {runtime_call UncommonTrapBlob}
  0x0000026ed14ccb44: c5f8 77e8 

  0x0000026ed14ccb48: ; ImmutableOopMap {}
                      ;*invokevirtual hashCode {reexecute=0 rethrow=0 return_oop=0}
                      ; - java.util.concurrent.ConcurrentHashMap::get@1
                      ; - java.lang.ClassLoader::getNamedPackage@5
                      ; - java.lang.ClassLoader::postDefineClass@9
                      ; - java.lang.ClassLoader::defineClass@37
                      ; - java.security.SecureClassLoader::defineClass@12
  0x0000026ed14ccb48: b4af 6bff 

  0x0000026ed14ccb4c: ;   {other}
  0x0000026ed14ccb4c: 0f1f 8400 | bc20 004e | 33ed 4d85 | d240 0f94 | c5ba 45ff | ffff 6690 

  0x0000026ed14ccb64: ;   {runtime_call UncommonTrapBlob}
  0x0000026ed14ccb64: c5f8 77e8 

  0x0000026ed14ccb68: ; ImmutableOopMap {[40]=Oop [48]=Oop [80]=Oop }
                      ;*ifeq {reexecute=1 rethrow=0 return_oop=0}
                      ; - (reexecute) java.lang.Class::getPackageName@29
                      ; - java.lang.ClassLoader::postDefineClass@2
                      ; - java.lang.ClassLoader::defineClass@37
                      ; - java.security.SecureClassLoader::defineClass@12
  0x0000026ed14ccb68: 94af 6bff 

  0x0000026ed14ccb6c: ;   {other}
  0x0000026ed14ccb6c: 0f1f 8400 | dc20 004f | baf6 ffff | ff66 6690 

  0x0000026ed14ccb7c: ;   {runtime_call UncommonTrapBlob}
  0x0000026ed14ccb7c: c5f8 77e8 

  0x0000026ed14ccb80: ; ImmutableOopMap {}
                      ;*arraylength {reexecute=0 rethrow=0 return_oop=0}
                      ; - java.lang.String::length@4
                      ; - java.lang.String::lastIndexOf@3
                      ; - java.lang.Class::getPackageName@47
                      ; - java.lang.ClassLoader::postDefineClass@2
                      ; - java.lang.ClassLoader::defineClass@37
                      ; - java.security.SecureClassLoader::defineClass@12
  0x0000026ed14ccb80: 7caf 6bff 

  0x0000026ed14ccb84: ;   {other}
  0x0000026ed14ccb84: 0f1f 8400 | f420 0050 | baf6 ffff | ff66 6690 

  0x0000026ed14ccb94: ;   {runtime_call UncommonTrapBlob}
  0x0000026ed14ccb94: c5f8 77e8 

  0x0000026ed14ccb98: ; ImmutableOopMap {}
                      ;*arraylength {reexecute=0 rethrow=0 return_oop=0}
                      ; - java.lang.StringLatin1::charAt@2
                      ; - java.lang.String::charAt@12
                      ; - java.lang.ClassLoader::checkName@25
                      ; - java.lang.ClassLoader::preDefineClass@1
                      ; - java.lang.ClassLoader::defineClass@4
                      ; - java.security.SecureClassLoader::defineClass@12
  0x0000026ed14ccb98: 64af 6bff 

  0x0000026ed14ccb9c: ;   {other}
  0x0000026ed14ccb9c: 0f1f 8400 | 0c21 0051 | ba45 ffff | ff48 8b6c | 2428 4c89 | 5424 2048 | 8944 2448 

  0x0000026ed14ccbb8: ;   {runtime_call UncommonTrapBlob}
  0x0000026ed14ccbb8: c5f8 77e8 

  0x0000026ed14ccbbc: ; ImmutableOopMap {rbp=Oop [32]=Oop [56]=Oop [72]=Oop }
                      ;*ifnull {reexecute=1 rethrow=0 return_oop=0}
                      ; - (reexecute) java.lang.ClassLoader::checkName@1
                      ; - java.lang.ClassLoader::preDefineClass@1
                      ; - java.lang.ClassLoader::defineClass@4
                      ; - java.security.SecureClassLoader::defineClass@12
  0x0000026ed14ccbbc: 40af 6bff 

  0x0000026ed14ccbc0: ;   {other}
  0x0000026ed14ccbc0: 0f1f 8400 | 3021 0052 | ba45 ffff | ff48 ff74 | 2450 488f | 4424 4848 | 8944 2458 | 4489 5c24 
  0x0000026ed14ccbe0: 5466 6690 

  0x0000026ed14ccbe4: ;   {runtime_call UncommonTrapBlob}
  0x0000026ed14ccbe4: c5f8 77e8 

  0x0000026ed14ccbe8: ; ImmutableOopMap {[40]=Oop [48]=Oop [56]=Oop [72]=Oop [84]=NarrowOop [88]=Oop }
                      ;*ifnull {reexecute=1 rethrow=0 return_oop=0}
                      ; - (reexecute) java.lang.ClassLoader::checkCerts@30
                      ; - java.lang.ClassLoader::preDefineClass@113
                      ; - java.lang.ClassLoader::defineClass@4
                      ; - java.security.SecureClassLoader::defineClass@12
  0x0000026ed14ccbe8: 14af 6bff 

  0x0000026ed14ccbec: ;   {other}
  0x0000026ed14ccbec: 0f1f 8400 | 5c21 0053 | ba45 ffff | ff48 8b6c | 2428 4c8b | 5c24 304c | 895c 2420 | 4c8b 5c24 
  0x0000026ed14ccc0c: 384c 895c | 2428 448b | 4424 4044 | 8944 2430 | 448b 5c24 | 4444 895c | 2434 4489 | 5424 4490 
  0x0000026ed14ccc2c: ;   {runtime_call UncommonTrapBlob}
  0x0000026ed14ccc2c: c5f8 77e8 

  0x0000026ed14ccc30: ; ImmutableOopMap {rbp=Oop [32]=Oop [40]=Oop [68]=NarrowOop [80]=Oop }
                      ;*ifnull {reexecute=1 rethrow=0 return_oop=0}
                      ; - (reexecute) java.lang.ClassLoader::defineClassSourceLocation@8
                      ; - java.lang.ClassLoader::defineClass@12
                      ; - java.security.SecureClassLoader::defineClass@12
  0x0000026ed14ccc30: ccae 6bff 

  0x0000026ed14ccc34: ;   {other}
  0x0000026ed14ccc34: 0f1f 8400 | a421 0054 | ba45 ffff | ff48 ff74 | 2428 488f | 4424 2048 | ff74 2430 | 488f 4424 
  0x0000026ed14ccc54: 2848 ff74 | 2438 488f | 4424 3048 | 8944 24f8 | 8b44 2440 | 8944 2438 | 488b 4424 | f848 8944 
  0x0000026ed14ccc74: 24f8 8b44 | 2444 8944 | 243c 488b | 4424 f890 

  0x0000026ed14ccc84: ;   {runtime_call UncommonTrapBlob}
  0x0000026ed14ccc84: c5f8 77e8 

  0x0000026ed14ccc88: ; ImmutableOopMap {rbp=NarrowOop [32]=Oop [40]=Oop [48]=Oop [80]=Oop }
                      ;*ifnull {reexecute=1 rethrow=0 return_oop=0}
                      ; - (reexecute) java.lang.ClassLoader::defineClassSourceLocation@15
                      ; - java.lang.ClassLoader::defineClass@12
                      ; - java.security.SecureClassLoader::defineClass@12
  0x0000026ed14ccc88: 74ae 6bff 

  0x0000026ed14ccc8c: ;   {other}
  0x0000026ed14ccc8c: 0f1f 8400 | fc21 0055 | baf6 ffff | ff66 6690 

  0x0000026ed14ccc9c: ;   {runtime_call UncommonTrapBlob}
  0x0000026ed14ccc9c: c5f8 77e8 

  0x0000026ed14ccca0: ; ImmutableOopMap {}
                      ;*arraylength {reexecute=0 rethrow=0 return_oop=0}
                      ; - java.lang.StringUTF16::length@1
                      ; - java.lang.StringUTF16::checkIndex@2
                      ; - java.lang.StringUTF16::charAt@2
                      ; - java.lang.String::charAt@21
                      ; - java.lang.ClassLoader::checkName@25
                      ; - java.lang.ClassLoader::preDefineClass@1
                      ; - java.lang.ClassLoader::defineClass@4
                      ; - java.security.SecureClassLoader::defineClass@12
  0x0000026ed14ccca0: 5cae 6bff 

  0x0000026ed14ccca4: ;   {other}
  0x0000026ed14ccca4: 0f1f 8400 | 1422 0056 | baf6 ffff | ff66 6690 

  0x0000026ed14cccb4: ;   {runtime_call UncommonTrapBlob}
  0x0000026ed14cccb4: c5f8 77e8 

  0x0000026ed14cccb8: ; ImmutableOopMap {}
                      ;*arraylength {reexecute=0 rethrow=0 return_oop=0}
                      ; - java.lang.StringLatin1::hashCode@1
                      ; - java.lang.String::hashCode@27
                      ; - java.util.concurrent.ConcurrentHashMap::get@1
                      ; - java.lang.ClassLoader::getNamedPackage@5
                      ; - java.lang.ClassLoader::postDefineClass@9
                      ; - java.lang.ClassLoader::defineClass@37
                      ; - java.security.SecureClassLoader::defineClass@12
  0x0000026ed14cccb8: 44ae 6bff 

  0x0000026ed14cccbc: ;   {other}
  0x0000026ed14cccbc: 0f1f 8400 | 2c22 0057 | ba45 ffff | ff44 8954 | 2420 6690 

  0x0000026ed14cccd0: ;   {runtime_call UncommonTrapBlob}
  0x0000026ed14cccd0: c5f8 77e8 

  0x0000026ed14cccd4: ; ImmutableOopMap {[32]=NarrowOop [48]=Oop }
                      ;*ifnull {reexecute=1 rethrow=0 return_oop=0}
                      ; - (reexecute) java.lang.ClassLoader::postDefineClass@17
                      ; - java.lang.ClassLoader::defineClass@37
                      ; - java.security.SecureClassLoader::defineClass@12
  0x0000026ed14cccd4: 28ae 6bff 

  0x0000026ed14cccd8: ;   {other}
  0x0000026ed14cccd8: 0f1f 8400 | 4822 0058 | ba45 ffff | ff48 ff74 | 2450 488f | 4424 3844 | 894c 2450 | 4c89 6c24 
  0x0000026ed14cccf8: 5844 8944 | 2454 4489 | 5c24 6090 

  0x0000026ed14ccd04: ;   {runtime_call UncommonTrapBlob}
  0x0000026ed14ccd04: c5f8 77e8 

  0x0000026ed14ccd08: ; ImmutableOopMap {rbp=NarrowOop [40]=Oop [48]=Oop [56]=Oop [80]=NarrowOop [84]=NarrowOop [88]=Oop }
                      ;*ifnull {reexecute=1 rethrow=0 return_oop=0}
                      ; - (reexecute) java.util.concurrent.ConcurrentHashMap::get@67
                      ; - java.lang.ClassLoader::getNamedPackage@5
                      ; - java.lang.ClassLoader::postDefineClass@9
                      ; - java.lang.ClassLoader::defineClass@37
                      ; - java.security.SecureClassLoader::defineClass@12
  0x0000026ed14ccd08: f4ad 6bff 

  0x0000026ed14ccd0c: ;   {other}
  0x0000026ed14ccd0c: 0f1f 8400 | 7c22 0059 | eb2e eb2c | eb2a eb28 | eb26 eb24 | eb22 eb20 | eb1e eb1c | eb1a eb18 
  0x0000026ed14ccd2c: eb16 eb14 | eb12 eb10 | eb0e eb0c | eb0a eb08 | eb06 eb04 | eb02 eb00 | 488b d0e9 | 9df0 ffff 
  0x0000026ed14ccd4c: ;   {internal_word}
  0x0000026ed14ccd4c: 49ba 7fbf | 4cd1 6e02 | 0000 4d89 | 9768 0400 

  0x0000026ed14ccd5c: ;   {runtime_call SafepointBlob}
  0x0000026ed14ccd5c: 00e9 1e9c 

  0x0000026ed14ccd60: ;   {runtime_call StubRoutines (final stubs)}
  0x0000026ed14ccd60: 6bff e839 | b569 ffe9 | 92e1 ffff | f4f4 f4f4 
[Stub Code]
  0x0000026ed14ccd70: ;   {no_reloc}
  0x0000026ed14ccd70: 48bb 0000 | 0000 0000 

  0x0000026ed14ccd78: ;   {runtime_call nmethod}
  0x0000026ed14ccd78: 0000 e9fb 

  0x0000026ed14ccd7c: ;   {static_stub}
  0x0000026ed14ccd7c: ffff ff48 | bb00 0000 | 0000 0000 

  0x0000026ed14ccd88: ;   {runtime_call nmethod}
  0x0000026ed14ccd88: 00e9 fbff 

  0x0000026ed14ccd8c: ;   {static_stub}
  0x0000026ed14ccd8c: ffff 48bb | 0000 0000 | 0000 0000 

  0x0000026ed14ccd98: ;   {runtime_call nmethod}
  0x0000026ed14ccd98: e9fb ffff 

  0x0000026ed14ccd9c: ;   {static_stub}
  0x0000026ed14ccd9c: ff48 bb00 | 0000 0000 

  0x0000026ed14ccda4: ;   {runtime_call nmethod}
  0x0000026ed14ccda4: 0000 00e9 | fbff ffff 

  0x0000026ed14ccdac: ;   {static_stub}
  0x0000026ed14ccdac: 48bb 0000 | 0000 0000 

  0x0000026ed14ccdb4: ;   {runtime_call nmethod}
  0x0000026ed14ccdb4: 0000 e9fb 

  0x0000026ed14ccdb8: ;   {static_stub}
  0x0000026ed14ccdb8: ffff ff48 | bb00 0000 | 0000 0000 

  0x0000026ed14ccdc4: ;   {runtime_call nmethod}
  0x0000026ed14ccdc4: 00e9 fbff 

  0x0000026ed14ccdc8: ;   {static_stub}
  0x0000026ed14ccdc8: ffff 48bb | 0000 0000 | 0000 0000 

  0x0000026ed14ccdd4: ;   {runtime_call nmethod}
  0x0000026ed14ccdd4: e9fb ffff 

  0x0000026ed14ccdd8: ;   {static_stub}
  0x0000026ed14ccdd8: ff48 bb00 | 0000 0000 

  0x0000026ed14ccde0: ;   {runtime_call nmethod}
  0x0000026ed14ccde0: 0000 00e9 | fbff ffff 

  0x0000026ed14ccde8: ;   {static_stub}
  0x0000026ed14ccde8: 48bb 0000 | 0000 0000 

  0x0000026ed14ccdf0: ;   {runtime_call nmethod}
  0x0000026ed14ccdf0: 0000 e9fb 

  0x0000026ed14ccdf4: ;   {static_stub}
  0x0000026ed14ccdf4: ffff ff48 | bb00 0000 | 0000 0000 

  0x0000026ed14cce00: ;   {runtime_call nmethod}
  0x0000026ed14cce00: 00e9 fbff 

  0x0000026ed14cce04: ;   {static_stub}
  0x0000026ed14cce04: ffff 48bb | 0000 0000 | 0000 0000 

  0x0000026ed14cce10: ;   {runtime_call nmethod}
  0x0000026ed14cce10: e9fb ffff 

  0x0000026ed14cce14: ;   {static_stub}
  0x0000026ed14cce14: ff48 bb00 | 0000 0000 

  0x0000026ed14cce1c: ;   {runtime_call nmethod}
  0x0000026ed14cce1c: 0000 00e9 | fbff ffff 

  0x0000026ed14cce24: ;   {static_stub}
  0x0000026ed14cce24: 48bb 0000 | 0000 0000 

  0x0000026ed14cce2c: ;   {runtime_call nmethod}
  0x0000026ed14cce2c: 0000 e9fb 

  0x0000026ed14cce30: ;   {static_stub}
  0x0000026ed14cce30: ffff ff48 | bb00 0000 | 0000 0000 

  0x0000026ed14cce3c: ;   {runtime_call nmethod}
  0x0000026ed14cce3c: 00e9 fbff 

  0x0000026ed14cce40: ;   {static_stub}
  0x0000026ed14cce40: ffff 48bb | 0000 0000 | 0000 0000 

  0x0000026ed14cce4c: ;   {runtime_call nmethod}
  0x0000026ed14cce4c: e9fb ffff 

  0x0000026ed14cce50: ;   {static_stub}
  0x0000026ed14cce50: ff48 bb00 | 0000 0000 

  0x0000026ed14cce58: ;   {runtime_call nmethod}
  0x0000026ed14cce58: 0000 00e9 | fbff ffff 

  0x0000026ed14cce60: ;   {static_stub}
  0x0000026ed14cce60: 48bb 0000 | 0000 0000 

  0x0000026ed14cce68: ;   {runtime_call nmethod}
  0x0000026ed14cce68: 0000 e9fb 

  0x0000026ed14cce6c: ;   {static_stub}
  0x0000026ed14cce6c: ffff ff48 | bb00 0000 | 0000 0000 

  0x0000026ed14cce78: ;   {runtime_call nmethod}
  0x0000026ed14cce78: 00e9 fbff 

  0x0000026ed14cce7c: ;   {runtime_call ExceptionBlob}
  0x0000026ed14cce7c: ffff e97d | aa78 ffe8 | 0000 0000 | 4883 2c24 

  0x0000026ed14cce8c: ;   {runtime_call DeoptimizationBlob}
  0x0000026ed14cce8c: 05e9 8eaf | 6bff f4f4 | f4f4 f4f4 
[/MachCode]


Compiled method (c2) 204733 3260   !   4       java.net.URLClassLoader::findClass (47 bytes)
 total in heap  [0x0000026ed1411b10,0x0000026ed14246b0] = 76704
 relocation     [0x0000026ed1411c70,0x0000026ed14126a8] = 2616
 constants      [0x0000026ed14126c0,0x0000026ed14126e0] = 32
 main code      [0x0000026ed14126e0,0x0000026ed141b8f8] = 37400
 stub code      [0x0000026ed141b8f8,0x0000026ed141bc68] = 880
 oops           [0x0000026ed141bc68,0x0000026ed141bcd8] = 112
 metadata       [0x0000026ed141bcd8,0x0000026ed141c188] = 1200
 scopes data    [0x0000026ed141c188,0x0000026ed1422760] = 26072
 scopes pcs     [0x0000026ed1422760,0x0000026ed14238a0] = 4416
 dependencies   [0x0000026ed14238a0,0x0000026ed1423950] = 176
 handler table  [0x0000026ed1423950,0x0000026ed1424578] = 3112
 nul chk table  [0x0000026ed1424578,0x0000026ed14246b0] = 312


[Constant Pool]
             Address          hex4                    hex8      
  0x0000026ed14126c0:   0x3f400000      0xf4f4f4f43f400000      
  0x0000026ed14126c4:   0xf4f4f4f4                              
  0x0000026ed14126c8:   0xf4f4f4f4      0xf4f4f4f4f4f4f4f4      
  0x0000026ed14126cc:   0xf4f4f4f4                              
  0x0000026ed14126d0:   0xf4f4f4f4      0xf4f4f4f4f4f4f4f4      
  0x0000026ed14126d4:   0xf4f4f4f4                              
  0x0000026ed14126d8:   0xf4f4f4f4      0xf4f4f4f4f4f4f4f4      
  0x0000026ed14126dc:   0xf4f4f4f4                              

[MachCode]
[Entry Point]
  # {method} {0x0000026ef306a2f8} 'findClass' '(Ljava/lang/String;)Ljava/lang/Class;' in 'java/net/URLClassLoader'
  # this:     rdx:rdx   = 'java/net/URLClassLoader'
  # parm0:    r8:r8     = 'java/lang/String'
  #           [sp+0x130]  (sp of caller)
  0x0000026ed14126e0: ;   {no_reloc}
  0x0000026ed14126e0: 448b 5208 | 49bb 0000 | 00de 6e02 | 0000 4d03 | d349 3bc2 

  0x0000026ed14126f4: ;   {runtime_call ic_miss_stub}
  0x0000026ed14126f4: 0f85 86c2 | 76ff 6690 | 0f1f 4000 
[Verified Entry Point]
  0x0000026ed1412700: 8984 2400 | 80ff ff55 | 4881 ec20 | 0100 0090 | 4181 7f20 | 0300 0000 | 0f85 ca91 | 0000 4c89 
  0x0000026ed1412720: 4424 484c | 8bda 448b | 5258 4585 | d20f 84a8 | 3200 0048 | 8954 2420 | 498b ea48 | 8bd5 4c89 
  0x0000026ed1412740: 4424 2890 

  0x0000026ed1412744: ;   {static_call}
  0x0000026ed1412744: c5f8 77e8 

  0x0000026ed1412748: ; ImmutableOopMap {rbp=Oop [32]=Oop [40]=Oop [72]=Oop }
                      ;*invokestatic ensureMaterializedForStackWalk {reexecute=0 rethrow=0 return_oop=0}
                      ; - java.security.AccessController::executePrivileged@5
                      ; - java.security.AccessController::doPrivileged@13
                      ; - java.net.URLClassLoader::findClass@13
  0x0000026ed1412748: 1469 ebff 

  0x0000026ed141274c: ;   {other}
  0x0000026ed141274c: 0f1f 8400 | 3c0c 0000 | 4c8b c54c | 8b5c 2420 | 4c8b 5424 | 484d 85d2 | 0f84 864d | 0000 4c89 
  0x0000026ed141276c: 4424 584c | 895c 2430 | 498b d241 | b82e 0000 | 0041 b92f | 0000 0090 

  0x0000026ed1412784: ;   {optimized virtual_call}
  0x0000026ed1412784: c5f8 77e8 

  0x0000026ed1412788: ; ImmutableOopMap {[48]=Oop [72]=Oop [88]=Oop }
                      ;*invokevirtual replace {reexecute=0 rethrow=0 return_oop=1}
                      ; - java.net.URLClassLoader$1::run@8
                      ; - java.net.URLClassLoader$1::run@1
                      ; - java.security.AccessController::executePrivileged@29
                      ; - java.security.AccessController::doPrivileged@13
                      ; - java.net.URLClassLoader::findClass@13
  0x0000026ed1412788: 14a0 f2ff 

  0x0000026ed141278c: ;   {other}
  0x0000026ed141278c: 0f1f 8400 | 7c0c 0001 

  0x0000026ed1412794: ; implicit exception: dispatches to 0x0000026ed1419f6c
  0x0000026ed1412794: 448b 5014 

  0x0000026ed1412798: ; implicit exception: dispatches to 0x0000026ed1419f90
  0x0000026ed1412798: 458b 5a0c | 4585 db0f | 86e7 2800 | 0044 0fbe | 5010 c442 | 2af7 c34d | 63c8 4183 | fa01 0f84 
  0x0000026ed14127b8: ea34 0000 | 4585 c00f | 8cdf 5200 | 004d 8d59 | 0641 8beb | 85ed 0f8c | 0053 0000 | 4c89 4c24 
  0x0000026ed14127d8: 2044 8944 | 2440 4889 | 4424 384d | 8bd3 49c1 | fa20 458b | c245 0fbe | d0c4 6229 | f7d5 4585 
  0x0000026ed14127f8: d20f 8cf9 | 5200 0041 | 81fa 0000 | 1000 0f87 | 6c4d 0000 | 4d63 c241 | 81fa 0000 | 1000 0f87 
  0x0000026ed1412818: 013d 0000 | 418b ea49 | 8b87 b801 | 0000 4983 | c017 4983 | e0f8 4c8b | d04d 03d0 | 4d3b 97c8 
  0x0000026ed1412838: 0100 000f | 83df 3c00 | 004d 8997 | b801 0000 | 410f 0d8a | c000 0000 | 48c7 0001 | 0000 0041 
  0x0000026ed1412858: 0f0d 8a00 

  0x0000026ed141285c: ;   {metadata({type array byte})}
  0x0000026ed141285c: 0100 00c7 | 4008 1823 | 0000 8968 | 0c41 0f0d | 8a40 0100 | 0041 0f0d | 8a80 0100 | 004c 8bd8 
  0x0000026ed141287c: 4c8b 4c24 | 2049 ba00 | 0000 0001 | 0000 004d | 3bca 0f8d | a930 0000 | 448b 4424 | 4041 83c0 
  0x0000026ed141289c: 0641 3be8 | 0f82 da4c | 0000 4c63 | 5424 408b | 4c24 4085 | c90f 8fd3 | 0100 0043 | c644 1310 
  0x0000026ed14128bc: 2e43 c644 | 1311 6343 | c644 1312 | 6c43 c644 | 1313 6143 | c644 1314 | 7343 c644 | 1315 7348 
  0x0000026ed14128dc: 8b54 2438 | 8b4a 1444 | 8b51 0c44 | 0fbe 4210 | c4c2 3af7 | da48 63db | 4c2b cb41 | 8bd9 48bf 
  0x0000026ed14128fc: 0000 0000 | 0100 0000 | 4c3b cf0f | 8d7a 3000 | 0048 8bf9 | 488d 4110 | 4585 c00f | 85db 2700 
  0x0000026ed141291c: 0085 db0f | 8c93 4c00 | 0046 8d04 | 1341 3be8 | 0f82 864c | 0000 4585 | d276 3249 | 8d54 1b10 
  0x0000026ed141293c: 4d63 c249 | 83f8 200f | 8711 0100 | 0049 baff | ffff ffff | ffff ffc4 | 42b8 f5d2 | c4c1 fb92 
  0x0000026ed141295c: ;   {no_reloc}
  0x0000026ed141295c: fa62 f17f | af6f 0062 | f17f 2f7f | 0249 8beb | 4d85 c90f | 8587 3100 | 0049 8b87 | b801 0000 
  0x0000026ed141297c: 4c8b d049 | 83c2 184d | 3b97 c801 | 0000 0f83 | b93b 0000 | 4d89 97b8 | 0100 0041 | 0f0d 8ac0 
  0x0000026ed141299c: 0000 0048 | c700 0100 | 0000 4c8b | d049 83c2 

  0x0000026ed14129ac: ;   {metadata('java/lang/String')}
  0x0000026ed14129ac: 10c7 4008 | 78e8 0000 | 4489 600c | c5fd efc0 | c4c1 79d6 | 0289 6814 | 4889 4424 | 604c 8b54 
  0x0000026ed14129cc: 2430 458b | 5a54 4585 | db0f 8439 | 4b00 004c | 8954 2450 | 4d8b d34c | 8954 2428 | 4489 5c24 
  0x0000026ed14129ec: 4049 8bd2 | 4533 c090 

  0x0000026ed14129f4: ;   {optimized virtual_call}
  0x0000026ed14129f4: c5f8 77e8 

  0x0000026ed14129f8: ; ImmutableOopMap {[40]=Oop [48]=Oop [64]=NarrowOop [72]=Oop [80]=Oop [88]=Oop [96]=Oop }
                      ;*invokevirtual getLoader {reexecute=0 rethrow=0 return_oop=1}
                      ; - jdk.internal.loader.URLClassPath::getResource@42
                      ; - java.net.URLClassLoader$1::run@26
                      ; - java.net.URLClassLoader$1::run@1
                      ; - java.security.AccessController::executePrivileged@29
                      ; - java.security.AccessController::doPrivileged@13
                      ; - java.net.URLClassLoader::findClass@13
  0x0000026ed14129f8: 442b 0c00 

  0x0000026ed14129fc: ;   {other}
  0x0000026ed14129fc: 0f1f 8400 | ec0e 0002 | 4885 c00f | 84d8 1400 | 004c 8b54 | 2448 4d8b | da44 895c | 2430 4c8b 
  0x0000026ed1412a1c: 5424 5044 | 8954 2434 | 4c8b 5424 | 504c 8954 | 2470 4c8b | 5424 484c | 8954 2468 | 448b 5424 
  0x0000026ed1412a3c: 3444 8994 | 2480 0000 | 0044 899c | 2484 0000 | 0045 33db | 4489 5c24 | 44e9 e700 | 0000 8beb 
  0x0000026ed1412a5c: 498b fb49 | 8bd9 488b | c8c5 f877 | 49ba 6026 | b6d0 6e02 | 0000 41ff 

  0x0000026ed1412a74: ;   {other}
  0x0000026ed1412a74: d20f 1f84 | 0000 0000 | 004c 8bcb | 4c8b df8b | dde9 dffe | ffff 43c6 | 4413 1573 | 43c6 4413 
  0x0000026ed1412a94: 1473 43c6 | 4413 1361 | 43c6 4413 | 126c 43c6 | 4413 1163 | 43c6 4413 | 102e e928 | feff ff48 
  0x0000026ed1412ab4: 8b54 2420 | 4c8b 4424 | 6066 6690 

  0x0000026ed1412ac0: ;   {optimized virtual_call}
  0x0000026ed1412ac0: c5f8 77e8 

  0x0000026ed1412ac4: ; ImmutableOopMap {[40]=Oop [48]=NarrowOop [52]=NarrowOop [56]=Oop [64]=NarrowOop [72]=Oop [80]=Oop [88]=Oop [96]=Oop [104]=Oop [112]=Oop [128]=NarrowOop [132]=NarrowOop }
                      ;*invokespecial getEntry {reexecute=0 rethrow=0 return_oop=1}
                      ; - java.util.jar.JarFile::getEntry@31
                      ; - java.util.jar.JarFile::getJarEntry@2
                      ; - jdk.internal.loader.URLClassPath$JarLoader::getResource@22
                      ; - jdk.internal.loader.URLClassPath::getResource@53
                      ; - java.net.URLClassLoader$1::run@26
                      ; - java.net.URLClassLoader$1::run@1
                      ; - java.security.AccessController::executePrivileged@29
                      ; - java.security.AccessController::doPrivileged@13
                      ; - java.net.URLClassLoader::findClass@13
  0x0000026ed1412ac4: d85f edff 

  0x0000026ed1412ac8: ;   {other}
  0x0000026ed1412ac8: 0f1f 8400 | b80f 0003 | 4885 c074 | 4144 8b50 

  0x0000026ed1412ad8: ;   {metadata('java/util/jar/JarFile$JarFileEntry')}
  0x0000026ed1412ad8: 0841 81fa | d032 3100 | 0f85 ea71 | 0000 488b | f848 8b54 | 2438 4c8b | 4424 6045 | 33c9 6690 
  0x0000026ed1412af8: ;   {optimized virtual_call}
  0x0000026ed1412af8: c5f8 77e8 

  0x0000026ed1412afc: ; ImmutableOopMap {[40]=Oop [48]=NarrowOop [52]=NarrowOop [64]=NarrowOop [72]=Oop [80]=Oop [88]=Oop [96]=Oop [104]=Oop [112]=Oop [128]=NarrowOop [132]=NarrowOop }
                      ;*invokevirtual checkResource {reexecute=0 rethrow=0 return_oop=1}
                      ; - jdk.internal.loader.URLClassPath$JarLoader::getResource@34
                      ; - jdk.internal.loader.URLClassPath::getResource@53
                      ; - java.net.URLClassLoader$1::run@26
                      ; - java.net.URLClassLoader$1::run@1
                      ; - java.security.AccessController::executePrivileged@29
                      ; - java.security.AccessController::doPrivileged@13
                      ; - java.net.URLClassLoader::findClass@13
  0x0000026ed1412afc: 60a1 0900 

  0x0000026ed1412b00: ;   {other}
  0x0000026ed1412b00: 0f1f 8400 | f00f 0004 | 4889 4424 | 7848 85c0 | 0f85 d301 | 0000 8b6c | 2444 ffc5 | 488b 5424 
  0x0000026ed1412b20: 2844 8bc5 

  0x0000026ed1412b24: ;   {optimized virtual_call}
  0x0000026ed1412b24: c5f8 77e8 

  0x0000026ed1412b28: ; ImmutableOopMap {[40]=Oop [48]=NarrowOop [52]=NarrowOop [64]=NarrowOop [72]=Oop [80]=Oop [88]=Oop [96]=Oop [104]=Oop [112]=Oop [128]=NarrowOop [132]=NarrowOop }
                      ;*invokevirtual getLoader {reexecute=0 rethrow=0 return_oop=1}
                      ; - jdk.internal.loader.URLClassPath::getResource@42
                      ; - java.net.URLClassLoader$1::run@26
                      ; - java.net.URLClassLoader$1::run@1
                      ; - java.security.AccessController::executePrivileged@29
                      ; - java.security.AccessController::doPrivileged@13
                      ; - java.net.URLClassLoader::findClass@13
  0x0000026ed1412b28: 142a 0c00 

  0x0000026ed1412b2c: ;   {other}
  0x0000026ed1412b2c: 0f1f 8400 | 1c10 0005 | 4885 c00f | 84a8 1300 | 0089 6c24 | 4444 8b50 

  0x0000026ed1412b44: ;   {metadata('jdk/internal/loader/URLClassPath$JarLoader')}
  0x0000026ed1412b44: 0841 81fa | 700c 2100 | 0f85 1744 | 0000 4889 | 4424 3844 | 8b50 1845 | 85d2 0f84 | b300 0000 
  0x0000026ed1412b64: 448b 9c24 | 8400 0000 | 4c89 5c24 | 6844 8b84 | 2480 0000 | 004d 8bd8 | 4c89 5c24 | 7045 8b5a 
  0x0000026ed1412b84: ;   {metadata('java/util/jar/JarFile')}
  0x0000026ed1412b84: 0841 81fb | 0814 1900 | 0f85 0a44 | 0000 4c89 | 5424 2049 | 8bd2 6690 

  0x0000026ed1412b9c: ;   {optimized virtual_call}
  0x0000026ed1412b9c: c5f8 77e8 

  0x0000026ed1412ba0: ; ImmutableOopMap {[32]=Oop [40]=Oop [48]=NarrowOop [52]=NarrowOop [56]=Oop [64]=NarrowOop [72]=Oop [80]=Oop [88]=Oop [96]=Oop [104]=Oop [112]=Oop [128]=NarrowOop [132]=NarrowOop }
                      ;*invokevirtual isMultiRelease {reexecute=0 rethrow=0 return_oop=0}
                      ; - java.util.jar.JarFile::getEntry@1
                      ; - java.util.jar.JarFile::getJarEntry@2
                      ; - jdk.internal.loader.URLClassPath$JarLoader::getResource@22
                      ; - jdk.internal.loader.URLClassPath::getResource@53
                      ; - java.net.URLClassLoader$1::run@26
                      ; - java.net.URLClassLoader$1::run@1
                      ; - java.security.AccessController::executePrivileged@29
                      ; - java.security.AccessController::doPrivileged@13
                      ; - java.net.URLClassLoader::findClass@13
  0x0000026ed1412ba0: dc76 edff 

  0x0000026ed1412ba4: ;   {other}
  0x0000026ed1412ba4: 0f1f 8400 | 9410 0006 | 85c0 0f84 | fffe ffff | 488b 5424 | 204c 8b44 | 2460 4533 | c966 6690 
  0x0000026ed1412bc4: ;   {optimized virtual_call}
  0x0000026ed1412bc4: c5f8 77e8 

  0x0000026ed1412bc8: ; ImmutableOopMap {[32]=Oop [40]=Oop [48]=NarrowOop [52]=NarrowOop [56]=Oop [64]=NarrowOop [72]=Oop [80]=Oop [88]=Oop [96]=Oop [104]=Oop [112]=Oop [128]=NarrowOop [132]=NarrowOop }
                      ;*invokevirtual getVersionedEntry {reexecute=0 rethrow=0 return_oop=1}
                      ; - java.util.jar.JarFile::getEntry@10
                      ; - java.util.jar.JarFile::getJarEntry@2
                      ; - jdk.internal.loader.URLClassPath$JarLoader::getResource@22
                      ; - jdk.internal.loader.URLClassPath::getResource@53
                      ; - java.net.URLClassLoader$1::run@26
                      ; - java.net.URLClassLoader$1::run@1
                      ; - java.security.AccessController::executePrivileged@29
                      ; - java.security.AccessController::doPrivileged@13
                      ; - java.net.URLClassLoader::findClass@13
  0x0000026ed1412bc8: 740d f3ff 

  0x0000026ed1412bcc: ;   {other}
  0x0000026ed1412bcc: 0f1f 8400 | bc10 0007 | 4885 c00f | 85cb 4800 | 0048 8b54 | 2420 4c8b | 4424 6090 

  0x0000026ed1412be8: ;   {optimized virtual_call}
  0x0000026ed1412be8: c5f8 77e8 

  0x0000026ed1412bec: ; ImmutableOopMap {[40]=Oop [48]=NarrowOop [52]=NarrowOop [56]=Oop [64]=NarrowOop [72]=Oop [80]=Oop [88]=Oop [96]=Oop [104]=Oop [112]=Oop [128]=NarrowOop [132]=NarrowOop }
                      ;*invokespecial getEntry {reexecute=0 rethrow=0 return_oop=1}
                      ; - java.util.jar.JarFile::getEntry@20
                      ; - java.util.jar.JarFile::getJarEntry@2
                      ; - jdk.internal.loader.URLClassPath$JarLoader::getResource@22
                      ; - jdk.internal.loader.URLClassPath::getResource@53
                      ; - java.net.URLClassLoader$1::run@26
                      ; - java.net.URLClassLoader$1::run@1
                      ; - java.security.AccessController::executePrivileged@29
                      ; - java.security.AccessController::doPrivileged@13
                      ; - java.net.URLClassLoader::findClass@13
  0x0000026ed1412bec: b05e edff 

  0x0000026ed1412bf0: ;   {other}
  0x0000026ed1412bf0: 0f1f 8400 | e010 0008 | 4885 c00f | 84f0 2e00 | 0044 8b58 

  0x0000026ed1412c04: ;   {metadata('java/util/jar/JarFile$JarFileEntry')}
  0x0000026ed1412c04: 0841 81fb | d032 3100 | 0f85 da72 | 0000 e9b9 | feff ff49 | 8b87 b801 | 0000 4c8b | d049 83c2 
  0x0000026ed1412c24: 104d 3b97 | c801 0000 | 0f83 ba38 | 0000 4d89 | 97b8 0100 | 0041 0f0d | 8ac0 0000 | 0048 c700 
  0x0000026ed1412c44: 0100 0000 

  0x0000026ed1412c48: ;   {metadata('jdk/internal/loader/URLClassPath$JarLoader$1')}
  0x0000026ed1412c48: c740 0840 | 2e21 0044 | 8960 0c48 | 8944 2420 | 4c8b 5424 | 3845 8b52 | 284c 8b5c | 2438 4d8b 
  0x0000026ed1412c68: c344 8940 | 0c45 85d2 | 0f84 dc2d | 0000 498b | ea48 8bd5 

  0x0000026ed1412c7c: ;   {static_call}
  0x0000026ed1412c7c: c5f8 77e8 

  0x0000026ed1412c80: ; ImmutableOopMap {rbp=Oop [32]=Oop [40]=Oop [48]=NarrowOop [52]=NarrowOop [56]=Oop [64]=NarrowOop [72]=Oop [80]=Oop [88]=Oop [96]=Oop }
                      ;*invokestatic ensureMaterializedForStackWalk {reexecute=0 rethrow=0 return_oop=0}
                      ; - java.security.AccessController::executePrivileged@5
                      ; - java.security.AccessController::doPrivileged@13
                      ; - jdk.internal.loader.URLClassPath$JarLoader::ensureOpen@19
                      ; - jdk.internal.loader.URLClassPath$JarLoader::getResource@1
                      ; - jdk.internal.loader.URLClassPath::getResource@53
                      ; - java.net.URLClassLoader$1::run@26
                      ; - java.net.URLClassLoader$1::run@1
                      ; - java.security.AccessController::executePrivileged@29
                      ; - java.security.AccessController::doPrivileged@13
                      ; - java.net.URLClassLoader::findClass@13
  0x0000026ed1412c80: fccb 76ff 

  0x0000026ed1412c84: ;   {other}
  0x0000026ed1412c84: 0f1f 8400 | 7411 0009 | 488b 5424 | 2066 6690 

  0x0000026ed1412c94: ;   {optimized virtual_call}
  0x0000026ed1412c94: c5f8 77e8 

  0x0000026ed1412c98: ; ImmutableOopMap {rbp=Oop [40]=Oop [48]=NarrowOop [52]=NarrowOop [56]=Oop [64]=NarrowOop [72]=Oop [80]=Oop [88]=Oop [96]=Oop }
                      ;*invokevirtual run {reexecute=0 rethrow=0 return_oop=1}
                      ; - jdk.internal.loader.URLClassPath$JarLoader$1::run@1
                      ; - java.security.AccessController::executePrivileged@29
                      ; - java.security.AccessController::doPrivileged@13
                      ; - jdk.internal.loader.URLClassPath$JarLoader::ensureOpen@19
                      ; - jdk.internal.loader.URLClassPath$JarLoader::getResource@1
                      ; - jdk.internal.loader.URLClassPath::getResource@53
                      ; - java.net.URLClassLoader$1::run@26
                      ; - java.net.URLClassLoader$1::run@1
                      ; - java.security.AccessController::executePrivileged@29
                      ; - java.security.AccessController::doPrivileged@13
                      ; - java.net.URLClassLoader::findClass@13
  0x0000026ed1412c98: e4c1 76ff 

  0x0000026ed1412c9c: ;   {other}
  0x0000026ed1412c9c: 0f1f 8400 | 8c11 000a | 4c8b 5424 | 3845 8b52 | 1845 85d2 | 0f84 7e48 | 0000 448b | 4424 3444 
  0x0000026ed1412cbc: 8984 2480 | 0000 004c | 8b5c 2450 | 4c89 5c24 | 7044 8b5c | 2430 4489 | 9c24 8400 | 0000 4c8b 
  0x0000026ed1412cdc: 5c24 484c | 895c 2468 | e998 feff | ffc5 f877 | 49ba d030 | bd62 fc7f | 0000 41ff 

  0x0000026ed1412cf8: ;   {other}
  0x0000026ed1412cf8: d20f 1f84 | 0000 0000 | 0048 8944 | 2460 4c8b | 5424 4845 | 8b52 1441 | 8b5a 0c4c | 8b5c 2448 
  0x0000026ed1412d18: 450f be43 | 10c4 623a | f7db 4d8b | ca41 ffcb | 4585 c00f | 8447 0100 | 00d1 fbff | cb41 3bdb 
  0x0000026ed1412d38: 410f 4fdb | 448b db85 | db0f 8c26 | 0100 0085 | db0f 8eb9 | 5300 0044 | 8bc3 41ff | c843 0fb7 
  0x0000026ed1412d58: 4c5a 1083 | f92e 0f84 | 3a2f 0000 | 41ff cb45 | 3bd8 7fe9 | 4183 fb06 | 0f8e cf00 | 0000 ba40 
  0x0000026ed1412d78: 1f00 0041 | 8d4b fa45 | 33c0 4183 | fb06 410f | 4cc8 81f9 | 401f 0000 | 0f47 ca41 | 8bfb 2bf9 
  0x0000026ed1412d98: 0f1f 8400 | 0000 0000 | 430f b74c | 5a10 83f9 | 2e0f 845a | 0200 0043 | 0fb7 4c5a | 0e83 f92e 
  0x0000026ed1412db8: 0f84 5302 | 0000 458d | 43fe 430f | b74c 4210 | 83f9 2e0f | 843b 0200 | 0043 0fb7 | 4c42 0e83 
  0x0000026ed1412dd8: f92e 0f84 | 3402 0000 | 458d 43fc | 430f b75c | 4210 83fb | 2e0f 8419 | 0200 0043 | 0fb7 5c42 
  0x0000026ed1412df8: ;   {no_reloc}
  0x0000026ed1412df8: 0e83 fb2e | 0f84 1202 | 0000 458d | 43fa 430f | b74c 4210 | 83f9 2e0f | 84f7 0100 | 0043 0fb7 
  0x0000026ed1412e18: 4c42 0e83 | f92e 0f84 | f001 0000 | 4183 c3f8 | 443b df0f | 8f6f ffff | ff4d 8b87 

  0x0000026ed1412e34: ; ImmutableOopMap {r10=NarrowOop r9=Oop [52]=NarrowOop [72]=Oop [80]=Oop [88]=Oop [104]=Oop [112]=Oop [120]=Oop }
                      ;*goto {reexecute=1 rethrow=0 return_oop=0}
                      ; - (reexecute) java.lang.StringUTF16::lastIndexOf@35
                      ; - java.lang.String::lastIndexOf@25
                      ; - java.lang.String::lastIndexOf@8
                      ; - java.net.URLClassLoader::defineClass@7
                      ; - java.net.URLClassLoader$1::run@43
                      ; - java.net.URLClassLoader$1::run@1
                      ; - java.security.AccessController::executePrivileged@29
                      ; - java.security.AccessController::doPrivileged@13
                      ; - java.net.URLClassLoader::findClass@13
  0x0000026ed1412e34: 5804 0000 

  0x0000026ed1412e38: ;   {poll}
  0x0000026ed1412e38: 4185 0041 | 83fb 060f | 8f36 ffff | ff41 83fb | ff7e 2245 | 8bc3 458b | d866 6690 | 470f b744 
  0x0000026ed1412e58: 5a10 4183 | f82e 0f84 | 9c47 0000 | 41ff cb41 | 83fb ff7f | e741 baff | ffff ffe9 | a201 0000 
  0x0000026ed1412e78: 8beb ffcd | 413b eb41 | 0f4f eb85 | ed0f 8ce4 | 0000 0085 | db0f 86fa | 4c00 003b | eb0f 83f2 
  0x0000026ed1412e98: 4c00 0085 | ed0f 8e39 | 4d00 0044 | 8bdd 41ff | cb45 0fbe | 442a 1041 | 83f8 2e0f | 841b 2b00 
  0x0000026ed1412eb8: 00ff cd41 | 3beb 7fe9 | 83fd 020f | 8e89 0000 | 00bf a00f | 0000 448d | 45fe 4533 | db83 fd02 
  0x0000026ed1412ed8: 450f 4cc3 | 4181 f8a0 | 0f00 0044 | 0f47 c78b | dd41 2bd8 | 0f1f 4000 | 4c63 dd43 | 0fbe 4c1a 
  0x0000026ed1412ef8: 1083 f92e | 0f84 fa00 | 0000 470f | be44 1a0f | 4183 f82e | 0f84 ee00 | 0000 8d4d | fe45 0fbe 
  0x0000026ed1412f18: 5c0a 1041 | 83fb 2e0f | 84df 0000 | 008d 4dfd | 450f be44 | 0a10 4183 | f82e 0f84 

  0x0000026ed1412f34: ;   {no_reloc}
  0x0000026ed1412f34: cc00 0000 | 83c5 fc3b | eb7f b14d | 8b9f 5804 

  0x0000026ed1412f44: ; ImmutableOopMap {r10=NarrowOop r9=Oop [52]=NarrowOop [72]=Oop [80]=Oop [88]=Oop [104]=Oop [112]=Oop [120]=Oop }
                      ;*goto {reexecute=1 rethrow=0 return_oop=0}
                      ; - (reexecute) java.lang.StringLatin1::lastIndexOf@35
                      ; - java.lang.String::lastIndexOf@13
                      ; - java.lang.String::lastIndexOf@8
                      ; - java.net.URLClassLoader::defineClass@7
                      ; - java.net.URLClassLoader$1::run@43
                      ; - java.net.URLClassLoader$1::run@1
                      ; - java.security.AccessController::executePrivileged@29
                      ; - java.security.AccessController::doPrivileged@13
                      ; - java.net.URLClassLoader::findClass@13
                      ;   {poll}
  0x0000026ed1412f44: 0000 4185 | 0383 fd02 | 0f8f 7cff | ffff 83fd | ff7e 1890 | 450f be44 | 2a10 4183 | f82e 0f84 
  0x0000026ed1412f64: 4052 0000 | ffcd 83fd | ff7f e9b9 | ffff ffff | e98b 0000 | 0049 baff | ffff ffff | ffff ffc4 
  0x0000026ed1412f84: 42b8 f5d2 | c4c1 fb92 | fa62 d17f | af6f 0362 | f17f 2f7f | 02e9 d51a | 0000 418b | 6814 85ed 
  0x0000026ed1412fa4: 0f84 5317 | 0000 448b 

  0x0000026ed1412fac: ;   {metadata('java/lang/Package')}
  0x0000026ed1412fac: 5508 4181 | fae8 bd01 | 000f 8505 | 6f00 004c | 8bd5 4c89 | 5424 68e9 | fe17 0000 | 418b 6b14 
  0x0000026ed1412fcc: 85ed 0f84 | 9b33 0000 | 4c8b 9424 | 8800 0000 | 418b 5a0c | 450f b642 | 1149 ba00 | 000b d96e 
  0x0000026ed1412fec: 0200 004c | 8994 24e0 | 0000 00e9 | ee11 0000 | 8bcd eb04 | 8bcd ffc9 | 448b d1eb | 1145 8bc3 
  0x0000026ed141300c: 458b d0eb | 0945 8bc3 | 458b d041 | ffca 4c8b | 5c24 7845 | 8b5b 2045 | 8b43 1c44 | 8984 2480 
  0x0000026ed141302c: 0000 0041 | 83fa ff0f | 8487 5000 | 0048 8b54 | 2448 4533 | c045 8bca | 488b 6c24 | 7866 6690 
  0x0000026ed141304c: ;   {optimized virtual_call}
  0x0000026ed141304c: c5f8 77e8 

  0x0000026ed1413050: ; ImmutableOopMap {rbp=Oop [52]=NarrowOop [72]=Oop [80]=Oop [88]=Oop [104]=Oop [112]=Oop [120]=Oop [128]=NarrowOop }
                      ;*invokevirtual substring {reexecute=0 rethrow=0 return_oop=1}
                      ; - java.net.URLClassLoader::defineClass@28
                      ; - java.net.URLClassLoader$1::run@43
                      ; - java.net.URLClassLoader$1::run@1
                      ; - java.security.AccessController::executePrivileged@29
                      ; - java.security.AccessController::doPrivileged@13
                      ; - java.net.URLClassLoader::findClass@13
  0x0000026ed1413050: 6c06 eeff 

  0x0000026ed1413054: ;   {other}
  0x0000026ed1413054: 0f1f 8400 | 4415 000d | 4889 8424 | 8800 0000 

  0x0000026ed1413064: ;   {oop(a 'java/lang/Class'{0x00000000e0a378d8} = 'jdk/internal/access/SharedSecrets')}
  0x0000026ed1413064: 49ba d878 | a3e0 0000 | 0000 458b | 8ad4 0000 | 0045 8b51 | 0844 8b5d | 2041 8b6b 

  0x0000026ed1413080: ;   {metadata('java/util/jar/JavaUtilJarAccessImpl')}
  0x0000026ed1413080: 1841 81fa | a05b 3100 | 0f85 6e48 | 0000 85ed | 0f84 9147 | 0000 4c8b | d54c 8954 | 2438 4c8b 
  0x0000026ed14130a0: 5c24 3848 | 8d9c 24f0 | 0000 0049 | 8b03 a802 | 0f85 2300 | 0000 4883 | c801 4889 | 03f0 490f 
  0x0000026ed14130c0: b11b 0f84 | 3700 0000 | 482b c448 | 2507 f0ff | ff48 8903 | e924 0000 | 004c 8bd0 | 4833 c0f0 
  0x0000026ed14130e0: 4d0f b17a | 3e48 c703 | 0300 0000 | 7411 4c3b | f875 1549 | ff82 8600 | 0000 4833 | c075 0949 
  0x0000026ed1413100: ff87 5005 | 0000 33c0 | 0f85 4648 | 0000 443b | 6530 0f85 | d332 0000 | 440f b655 | 1245 85d2 
  0x0000026ed1413120: 0f85 c727 | 0000 4c8b | 5c24 3848 | 8d84 24f0 | 0000 0048 | 8338 000f | 8479 0000 | 004d 8b13 
  0x0000026ed1413140: 41f6 c202 | 0f84 6200 | 0000 4983 | ba86 0000 | 0000 7409 | 49ff 8a86 | 0000 00eb | 4b49 8b82 
  0x0000026ed1413160: 9600 0000 | 490b 828e | 0000 0075 | 0a49 c742 | 3e00 0000 | 00eb 3d49 | 83ba 9e00 | 0000 0074 
  0x0000026ed1413180: ;   {no_reloc}
  0x0000026ed1413180: 2248 33c0 | 49c7 423e | 0000 0000 | f083 0424 | 0049 83ba | 9e00 0000 | 0075 0df0 | 4d0f b17a 
  0x0000026ed14131a0: 3e75 0583 | c801 eb0c | a800 eb08 | 4c8b 10f0 | 4d0f b113 | 750a 49ff | 8f50 0500 | 0045 33d2 
  0x0000026ed14131c0: 0f85 cf47 | 0000 4c8b | 5424 7845 | 8b52 2041 | 8b6a 1844 

  0x0000026ed14131d4: ;   {metadata('java/util/jar/JarFile')}
  0x0000026ed14131d4: 8b5d 0841 | 81fb 0814 | 1900 0f85 | dc47 0000 | 4c8b d54c | 8954 2468 | 418b 7a28 | 85ff 0f84 
  0x0000026ed14131f4: ab21 0000 | 8b6f 0c41 | 807f 4000 | 0f85 8130 | 0000 448b | 5d08 4c8b 

  0x0000026ed141320c: ;   {oop(a 'java/lang/Class'{0x00000000e0746df0} = 'java/lang/ref/SoftReference')}
  0x0000026ed141320c: 5720 49b8 | f06d 74e0 | 0000 0000 | 4d8b 4070 | 4d3b d00f | 85a6 2700 

  0x0000026ed1413224: ;   {metadata('java/util/jar/Manifest')}
  0x0000026ed1413224: 0041 81fb | a0e1 0400 | 0f85 fa6c | 0000 4c8b | d54c 8994 | 2490 0000 | 004c 8b94 | 2488 0000 
  0x0000026ed1413244: 0041 8b5a | 0c4c 8b54 | 2450 458b | 5238 4489 | 5424 6845 | 85d2 0f84 | 1446 0000 | 85db 0f85 
  0x0000026ed1413264: 7302 0000 | 4c8b 9424 | 8800 0000 | 450f b652 | 1145 85d2 | 0f85 3d2a | 0000 4c8b | 9424 8800 
  0x0000026ed1413284: 0000 418b | 6a14 4180 | 7a10 0074 | 5a48 8bd5 | 448b 5c24 | 6849 8beb | 4c8b 5424 | 484c 8954 
  0x0000026ed14132a4: 2420 4c8b | 5424 784c | 8954 2428 | 4c8b 5424 | 504c 8954 | 2438 4c8b | 9424 8800 | 0000 4c89 
  0x0000026ed14132c4: 5424 4044 | 8b9c 2480 | 0000 0044 | 895c 2430 

  0x0000026ed14132d4: ;   {static_call}
  0x0000026ed14132d4: c5f8 77e8 

  0x0000026ed14132d8: ; ImmutableOopMap {rbp=Oop [32]=Oop [40]=Oop [48]=NarrowOop [52]=NarrowOop [56]=Oop [64]=Oop [72]=Oop [80]=Oop [88]=Oop [104]=NarrowOop [120]=Oop [128]=NarrowOop [136]=Oop [144]=Oop }
                      ;*invokestatic hashCode {reexecute=0 rethrow=0 return_oop=0}
                      ; - java.lang.String::hashCode@37
                      ; - java.util.concurrent.ConcurrentHashMap::get@1
                      ; - java.lang.ClassLoader::getDefinedPackage@13
                      ; - java.net.URLClassLoader::getAndVerifyPackage@2
                      ; - java.net.URLClassLoader::defineClass@46
                      ; - java.net.URLClassLoader$1::run@43
                      ; - java.net.URLClassLoader$1::run@1
                      ; - java.security.AccessController::executePrivileged@29
                      ; - java.security.AccessController::doPrivileged@13
                      ; - java.net.URLClassLoader::findClass@13
  0x0000026ed14132d8: a4c5 76ff 

  0x0000026ed14132dc: ;   {other}
  0x0000026ed14132dc: 0f1f 8400 | cc17 000e | 8bd8 e9dc | 0100 008b | 550c 4c8b | d548 8d7d | 1083 fa02 | 0f8c 4530 
  0x0000026ed14132fc: 0000 33db | 83fa 200f | 8c6d 0100 | 0045 33d2 | c5ed efd2 | c5d5 efed | c5cd eff6 | c5c5 efff 
  0x0000026ed141331c: ;   {external_word}
  0x0000026ed141331c: 49bb 2058 | fb62 fc7f | 0000 458b | 03c4 4179 | 6ed0 c442 | 7d58 d244 | 8bda 4183 | e3e0 410f 
  0x0000026ed141333c: afd8 c4a1 | 7a7e 0c17 | c4a1 7a7e | 5c17 08c4 | a17a 7e64 | 1710 c421 | 7a7e 4417 | 18c4 c26d 
  0x0000026ed141335c: 40d2 c4e2 | 7d31 c9c5 | edfe d1c4 | c255 40ea | c4e2 7d31 | dbc5 d5fe | ebc4 c24d | 40f2 c4e2 
  0x0000026ed141337c: 7d31 e4c5 | cdfe f4c4 | c245 40fa | c442 7d31 | c0c4 c145 | fef8 4183 | c220 453b | d37c 9f4a 
  0x0000026ed141339c: 8d3c 1f41 

  0x0000026ed14133a0: ;   {external_word}
  0x0000026ed14133a0: 2bd3 49bb | 2458 fb62 | fc7f 0000 | c441 7e6f | 0bc4 c26d 

  0x0000026ed14133b4: ;   {external_word}
  0x0000026ed14133b4: 40d1 49bb | 4458 fb62 | fc7f 0000 | c4c1 7e6f | 03c4 e255 

  0x0000026ed14133c8: ;   {external_word}
  0x0000026ed14133c8: 40e8 49bb | 6458 fb62 | fc7f 0000 | c441 7e6f | 23c4 c24d 

  0x0000026ed14133dc: ;   {external_word}
  0x0000026ed14133dc: 40f4 49bb | 8458 fb62 | fc7f 0000 | c441 7e6f | 1bc4 c245 | 40fb c4e2 | 6d02 cac4 | e37d 39cb 
  0x0000026ed14133fc: 01c5 f1fe | cbc4 e271 | 02c9 c5f9 | 6edb c5f1 | fecb c5f9 | 7ecb c4e2 | 5502 e5c4 | c37d 39e0 
  0x0000026ed141341c: 01c4 c159 | fee0 c4e2 | 5902 e4c5 | 796e c3c4 | c159 fee0 | c5f9 7ee3 | c4e2 4d02 | cec4 e37d 
  0x0000026ed141343c: 39cb 01c5 | f1fe cbc4 | e271 02c9 | c5f9 6edb | c5f1 fecb | c5f9 7ecb | c4e2 4502 | e7c4 c37d 
  0x0000026ed141345c: 39e0 01c4 | c159 fee0 | c4e2 5902 | e4c5 796e | c3c4 c159 | fee0 c5f9 | 7ee3 41ba | 0100 0000 
  0x0000026ed141347c: 443b d20f | 8d2e 0000 | 0041 b8c1 | 0300 0041 | 0faf d846 | 0fb6 5c17 | ff45 8bc3 | 41c1 e005 
  0x0000026ed141349c: 452b c341 | 03d8 460f | b604 1741 | 03d8 4183 | c202 443b | d27c d27f | 1244 8bdb | c1e3 0541 
  0x0000026ed14134bc: 2bdb 460f | b644 17ff | 4103 d885 | db0f 8486 | 3a00 004c | 8b94 2488 | 0000 0041 | 895a 0c44 
  0x0000026ed14134dc: ;   {no_reloc}
  0x0000026ed14134dc: 8b54 2468 | 458b 4228 | 448b 9c24 | 8000 0000 | 4d8b d34c | 8954 2420 | 4585 c00f | 84e1 2300 
  0x0000026ed14134fc: 0045 8b58 | 0c45 85db | 0f86 3a4b | 0000 448b | d341 c1ea | 1044 33d3 | 41ff cb41 | 81e2 ffff 
  0x0000026ed141351c: ff7f 4489 | 5424 6845 | 23da 4d63 | d347 8b5c | 9010 4585 | db0f 854d | 0a00 0049 | bb00 000b 
  0x0000026ed141353c: d96e 0200 

  0x0000026ed1413540: ;   {metadata('java/lang/IllegalArgumentException')}
  0x0000026ed1413540: 0048 bdc0 | 9a06 de6e | 0200 004c | 8b94 2490 | 0000 004d | 85d2 0f84 | 5729 0000 | 4c89 9c24 
  0x0000026ed1413560: e000 0000 | 488b 5424 | 504c 8b84 | 2488 0000 | 004c 8b8c | 2490 0000 | 0048 8b7c | 2420 4c8b 
  0x0000026ed1413580: 5424 484c | 8954 2430 | 4c8b 5424 | 784c 8954 | 2438 6690 

  0x0000026ed1413594: ;   {optimized virtual_call}
  0x0000026ed1413594: c5f8 77e8 

  0x0000026ed1413598: ; ImmutableOopMap {[32]=Oop [48]=Oop [56]=Oop [72]=Oop [80]=Oop [88]=Oop [120]=Oop [128]=NarrowOop [136]=Oop [144]=Oop }
                      ;*invokevirtual definePackage {reexecute=0 rethrow=0 return_oop=1}
                      ; - java.net.URLClassLoader::defineClass@64
                      ; - java.net.URLClassLoader$1::run@43
                      ; - java.net.URLClassLoader$1::run@1
                      ; - java.security.AccessController::executePrivileged@29
                      ; - java.security.AccessController::doPrivileged@13
                      ; - java.net.URLClassLoader::findClass@13
  0x0000026ed1413598: 04af 80f8 

  0x0000026ed141359c: ;   {other}
  0x0000026ed141359c: 0f1f 8400 | 8c1a 000f | 4c8b 6c24 | 7848 8d9c | 24f0 0000 | 0049 8b45 | 00a8 020f | 8524 0000 
  0x0000026ed14135bc: 0048 83c8 | 0148 8903 | f049 0fb1 | 5d00 0f84 | 3700 0000 | 482b c448 | 2507 f0ff | ff48 8903 
  0x0000026ed14135dc: e924 0000 | 004c 8bd0 | 4833 c0f0 | 4d0f b17a | 3e48 c703 | 0300 0000 | 7411 4c3b | f875 1549 
  0x0000026ed14135fc: ff82 8600 | 0000 4833 | c075 0949 | ff87 5005 | 0000 33c0 | 0f85 ea43 | 0000 418b | 6d0c 85ed 
  0x0000026ed141361c: 0f85 8706 | 0000 458b | 5d20 458b | 4318 458b | 551c 4585 | c00f 848d | 4600 0049 | 8bf8 488d 
  0x0000026ed141363c: 9c24 f800 | 0000 488b | 07a8 020f | 8523 0000 | 0048 83c8 | 0148 8903 | f048 0fb1 | 1f0f 8437 
  0x0000026ed141365c: 0000 0048 | 2bc4 4825 | 07f0 ffff | 4889 03e9 | 2400 0000 | 4c8b d848 | 33c0 f04d | 0fb1 7b3e 
  0x0000026ed141367c: 48c7 0303 | 0000 0074 | 114c 3bf8 | 7515 49ff | 8386 0000 | 0048 33c0 | 7509 49ff 

  0x0000026ed1413698: ;   {no_reloc}
  0x0000026ed1413698: 8750 0500 | 0033 c00f | 8573 4700 | 0045 85d2 | 0f84 ca4d | 0000 418b | 6830 85ed | 0f85 b747 
  0x0000026ed14136b8: 0000 450f | b648 1245 | 85c9 0f85 | 1b23 0000 | 458b 5818 

  0x0000026ed14136cc: ; implicit exception: dispatches to 0x0000026ed141a3fc
  0x0000026ed14136cc: 418b 5b18 | 418b 4b0c | 410f b668 | 1085 ed0f | 85ff 4d00 | 0045 8b58 | 1841 8b6b | 1885 ed0f 
  0x0000026ed14136ec: 845f 4e00 | 0089 4c24 | 7889 5c24 | 7448 897c | 2428 4489 | 4424 704c | 896c 2468 | 458b 5a3c 
  0x0000026ed141370c: 458b c244 | 8b54 2470 | 418b 6a1c | 413b eb0f | 843d 0100 | 0044 0fbe | 4d10 413b | eb0f 842f 
  0x0000026ed141372c: 0100 0045 | 85db 0f84 | ef00 0000 | 450f be53 | 1045 3bca | 0f85 e100 | 0000 458b | 5314 448b 
  0x0000026ed141374c: 4d14 458b | 420c 418b | 490c 413b | c80f 85c8 | 0000 004d | 8bc2 498d | 7210 4d8b | d149 8d79 
  0x0000026ed141376c: 1085 c90f | 849d 0000 | 008b c183 | e01f 83e1 | e00f 844b | 0000 0048 | 8d3c 0f48 | 8d34 0e48 
  0x0000026ed141378c: f7d9 c5fe | 6f0c 0fc5 | fe6f 040e 

  0x0000026ed1413798: ;   {no_reloc}
  0x0000026ed1413798: c5f5 efc8 | c4e2 7d17 | c90f 8572 | 0000 0048 | 83c1 2075 | e185 c00f | 845d 0000 | 00c5 fe6f 
  0x0000026ed14137b8: 4c07 e0c5 | fe6f 4406 | e0c5 f5ef | c8c4 e27d | 17c9 754d | eb44 8bc8 | 83e1 fc74 | 1948 8d3c 
  0x0000026ed14137d8: 0f48 8d34 | 0e48 f7d9 | 8b1c 0f3b | 1c0e 7531 | 4883 c104 | 75f2 a802 | 7412 0fb7 | 1f0f b70e 
  0x0000026ed14137f8: 3bd9 751d | 488d 7f02 | 488d 7602 | a801 740a | 0fb6 1f0f | b60e 3bd9 | 7507 b801 | 0000 00eb 
  0x0000026ed1413818: 0233 c0c5 | f5ef c9c5 | fdef c085 | c075 3744 | 8b4c 2474 | 4585 c90f | 8427 5000 | 004d 8bc3 
  0x0000026ed1413838: 498b d145 | 33c9 488b | 6c24 4890 

  0x0000026ed1413844: ;   {optimized virtual_call}
  0x0000026ed1413844: c5f8 77e8 

  0x0000026ed1413848: ; ImmutableOopMap {rbp=Oop [32]=Oop [40]=Oop [72]=Oop [80]=Oop [88]=Oop [104]=Oop [112]=NarrowOop [116]=NarrowOop [120]=NarrowOop [128]=NarrowOop }
                      ;*invokevirtual getEntryPos {reexecute=0 rethrow=0 return_oop=0}
                      ; - java.util.zip.ZipFile::getInputStream@63
                      ; - java.util.jar.JarFile::getInputStream@21
                      ; - jdk.internal.loader.URLClassPath$JarLoader$2::getInputStream@11
                      ; - jdk.internal.loader.Resource::cachedInputStream@9
                      ; - jdk.internal.loader.Resource::getByteBuffer@1
                      ; - java.net.URLClassLoader::defineClass@132
                      ; - java.net.URLClassLoader$1::run@43
                      ; - java.net.URLClassLoader$1::run@1
                      ; - java.security.AccessController::executePrivileged@29
                      ; - java.security.AccessController::doPrivileged@13
                      ; - java.net.URLClassLoader::findClass@13
  0x0000026ed1413848: 34b6 76ff 

  0x0000026ed141384c: ;   {other}
  0x0000026ed141384c: 0f1f 8400 | 3c1d 0010 | 448b c044 | 8b54 2470 | eb09 448b | 5424 7045 | 8b42 0c41 | 83f8 ff0f 
  0x0000026ed141386c: 844f 4d00 | 0049 8b87 | b801 0000 | 4c8b d849 | 83c3 384d | 3b9f c801 | 0000 0f83 | ad37 0000 
  0x0000026ed141388c: 4489 4424 | 4044 8954 | 2470 4d89 | 9fb8 0100 | 0041 0f0d | 8bc0 0000 | 0048 c700 | 0100 0000 
  0x0000026ed14138ac: 4c8b d049 

  0x0000026ed14138b0: ;   {metadata('java/util/zip/ZipFile$ZipFileInputStream')}
  0x0000026ed14138b0: 83c2 10c7 | 4008 a099 | 3100 4489 | 600c c5fd | efc0 62d1 | fe28 7f02 | c4c1 79d6 | 4220 448b 
  0x0000026ed14138d0: 5c24 7445 | 8b53 3848 | 8984 2488 | 0000 0044 | 895c 2444 | 4d8b ca49 | 8beb 488b | d04c 8b44 
  0x0000026ed14138f0: 2428 8b7c | 2440 4c8b | 5424 484c | 8954 2430 | 4c8b 5424 | 684c 8954 | 2438 6690 

  0x0000026ed141390c: ;   {optimized virtual_call}
  0x0000026ed141390c: c5f8 77e8 

  0x0000026ed1413910: ; ImmutableOopMap {rbp=Oop [32]=Oop [40]=Oop [48]=Oop [56]=Oop [68]=NarrowOop [72]=Oop [80]=Oop [88]=Oop [104]=Oop [112]=NarrowOop [120]=NarrowOop [128]=NarrowOop [136]=Oop }
                      ;*invokespecial <init> {reexecute=0 rethrow=0 return_oop=0}
                      ; - java.util.zip.ZipFile::getInputStream@88
                      ; - java.util.jar.JarFile::getInputStream@21
                      ; - jdk.internal.loader.URLClassPath$JarLoader$2::getInputStream@11
                      ; - jdk.internal.loader.Resource::cachedInputStream@9
                      ; - jdk.internal.loader.Resource::getByteBuffer@1
                      ; - java.net.URLClassLoader::defineClass@132
                      ; - java.net.URLClassLoader$1::run@43
                      ; - java.net.URLClassLoader$1::run@1
                      ; - java.security.AccessController::executePrivileged@29
                      ; - java.security.AccessController::doPrivileged@13
                      ; - java.net.URLClassLoader::findClass@13
  0x0000026ed1413910: 4c16 0700 

  0x0000026ed1413914: ;   {other}
  0x0000026ed1413914: 0f1f 8400 | 041e 0011 | 448b 5c24 | 4445 8b5b | 3849 8bd3 | 448b 4424 | 4066 6690 

  0x0000026ed1413930: ;   {static_call}
  0x0000026ed1413930: c5f8 77e8 

  0x0000026ed1413934: ; ImmutableOopMap {rbp=Oop [32]=Oop [40]=Oop [48]=Oop [56]=Oop [68]=NarrowOop [72]=Oop [80]=Oop [88]=Oop [104]=Oop [112]=NarrowOop [120]=NarrowOop [128]=NarrowOop [136]=Oop }
                      ;*invokestatic CENHOW {reexecute=0 rethrow=0 return_oop=0}
                      ; - java.util.zip.ZipFile::getInputStream@98
                      ; - java.util.jar.JarFile::getInputStream@21
                      ; - jdk.internal.loader.URLClassPath$JarLoader$2::getInputStream@11
                      ; - jdk.internal.loader.Resource::cachedInputStream@9
                      ; - jdk.internal.loader.Resource::getByteBuffer@1
                      ; - java.net.URLClassLoader::defineClass@132
                      ; - java.net.URLClassLoader$1::run@43
                      ; - java.net.URLClassLoader$1::run@1
                      ; - java.security.AccessController::executePrivileged@29
                      ; - java.security.AccessController::doPrivileged@13
                      ; - java.net.URLClassLoader::findClass@13
  0x0000026ed1413934: 68d1 0200 

  0x0000026ed1413938: ;   {other}
  0x0000026ed1413938: 0f1f 8400 | 281e 0012 | 83f8 080f | 8583 4500 | 0044 8b54 | 2444 458b | 5238 498b | d244 8b44 
  0x0000026ed1413958: 2440 4c8b | 5424 384c | 8954 2430 | 488b 6c24 | 5066 6690 

  0x0000026ed141396c: ;   {static_call}
  0x0000026ed141396c: c5f8 77e8 

  0x0000026ed1413970: ; ImmutableOopMap {rbp=Oop [32]=Oop [40]=Oop [48]=Oop [56]=Oop [72]=Oop [80]=Oop [88]=Oop [104]=Oop [112]=NarrowOop [120]=NarrowOop [128]=NarrowOop [136]=Oop }
                      ;*invokestatic CENLEN {reexecute=0 rethrow=0 return_oop=0}
                      ; - java.util.zip.ZipFile::getInputStream@168
                      ; - java.util.jar.JarFile::getInputStream@21
                      ; - jdk.internal.loader.URLClassPath$JarLoader$2::getInputStream@11
                      ; - jdk.internal.loader.Resource::cachedInputStream@9
                      ; - jdk.internal.loader.Resource::getByteBuffer@1
                      ; - java.net.URLClassLoader::defineClass@132
                      ; - java.net.URLClassLoader$1::run@43
                      ; - java.net.URLClassLoader$1::run@1
                      ; - java.security.AccessController::executePrivileged@29
                      ; - java.security.AccessController::doPrivileged@13
                      ; - java.net.URLClassLoader::findClass@13
  0x0000026ed1413970: ac70 0600 

  0x0000026ed1413974: ;   {other}
  0x0000026ed1413974: 0f1f 8400 | 641e 0013 | 488d 6802 | 4881 fd00 | 0001 000f | 8f74 2900 | 0048 85ed | 0f8e 924c 
  0x0000026ed1413994: 0000 498b | 87b8 0100 | 004c 8bd0 | 4983 c230 | 4d3b 97c8 | 0100 000f | 83b8 3600 | 004d 8997 
  0x0000026ed14139b4: b801 0000 | 410f 0d8a | c000 0000 | 48c7 0001 | 0000 004c | 8bd0 4983 

  0x0000026ed14139cc: ;   {metadata('java/util/zip/ZipFile$ZipFileInflaterInputStream')}
  0x0000026ed14139cc: c210 c740 | 08c0 a431 | 0044 8960 | 0cc5 fdef | c062 d1fe | 287f 0248 | 8944 2440 | 448b 5c24 
  0x0000026ed14139ec: 7045 8b53 | 188b f549 | 8bfa 488b | d04c 8b44 | 2428 4c8b | 8c24 8800 | 0000 4c8b | 5424 684c 
  0x0000026ed1413a0c: 8954 2430 | 4c89 5424 | 3848 8b6c | 2450 6690 

  0x0000026ed1413a1c: ;   {optimized virtual_call}
  0x0000026ed1413a1c: c5f8 77e8 

  0x0000026ed1413a20: ; ImmutableOopMap {rbp=Oop [32]=Oop [40]=Oop [48]=Oop [56]=Oop [64]=Oop [72]=Oop [80]=Oop [88]=Oop [104]=Oop [112]=NarrowOop [120]=NarrowOop [128]=NarrowOop }
                      ;*invokespecial <init> {reexecute=0 rethrow=0 return_oop=0}
                      ; - java.util.zip.ZipFile::getInputStream@216
                      ; - java.util.jar.JarFile::getInputStream@21
                      ; - jdk.internal.loader.URLClassPath$JarLoader$2::getInputStream@11
                      ; - jdk.internal.loader.Resource::cachedInputStream@9
                      ; - jdk.internal.loader.Resource::getByteBuffer@1
                      ; - java.net.URLClassLoader::defineClass@132
                      ; - java.net.URLClassLoader$1::run@43
                      ; - java.net.URLClassLoader$1::run@1
                      ; - java.security.AccessController::executePrivileged@29
                      ; - java.security.AccessController::doPrivileged@13
                      ; - java.net.URLClassLoader::findClass@13
  0x0000026ed1413a20: dc1d 0700 

  0x0000026ed1413a24: ;   {other}
  0x0000026ed1413a24: 0f1f 8400 | 141f 0014 | 448b 5424 | 7841 8b6a | 084d 8bc2 | 488d 9c24 | 0801 0000 | 498b 00a8 
  0x0000026ed1413a44: 020f 8523 | 0000 0048 | 83c8 0148 | 8903 f049 | 0fb1 180f | 8437 0000 | 0048 2bc4 | 4825 07f0 
  0x0000026ed1413a64: ffff 4889 | 03e9 2400 | 0000 4c8b | d848 33c0 | f04d 0fb1 | 7b3e 48c7 | 0303 0000 | 0074 114c 
  0x0000026ed1413a84: 3bf8 7515 | 49ff 8386 | 0000 0048 | 33c0 7509 | 49ff 8750 | 0500 0033 | c00f 85cd 

  0x0000026ed1413aa0: ;   {metadata('java/util/Collections$SetFromMap')}
  0x0000026ed1413aa0: 4400 0081 | fd80 241d | 000f 8569 | 4400 004c | 8944 2430 | 498b d04c | 8b44 2440 | 4c8b 5424 
  0x0000026ed1413ac0: 484c 8954 | 2438 488b | 6c24 5090 

  0x0000026ed1413acc: ;   {optimized virtual_call}
  0x0000026ed1413acc: c5f8 77e8 

  0x0000026ed1413ad0: ; ImmutableOopMap {rbp=Oop [32]=Oop [40]=Oop [48]=Oop [56]=Oop [64]=Oop [72]=Oop [80]=Oop [88]=Oop [104]=Oop [128]=NarrowOop }
                      ;*invokeinterface add {reexecute=0 rethrow=0 return_oop=0}
                      ; - java.util.zip.ZipFile::getInputStream@231
                      ; - java.util.jar.JarFile::getInputStream@21
                      ; - jdk.internal.loader.URLClassPath$JarLoader$2::getInputStream@11
                      ; - jdk.internal.loader.Resource::cachedInputStream@9
                      ; - jdk.internal.loader.Resource::getByteBuffer@1
                      ; - java.net.URLClassLoader::defineClass@132
                      ; - java.net.URLClassLoader$1::run@43
                      ; - java.net.URLClassLoader$1::run@1
                      ; - java.security.AccessController::executePrivileged@29
                      ; - java.security.AccessController::doPrivileged@13
                      ; - java.net.URLClassLoader::findClass@13
  0x0000026ed1413ad0: ec03 0700 

  0x0000026ed1413ad4: ;   {other}
  0x0000026ed1413ad4: 0f1f 8400 | c41f 0015 | 4c8b 5c24 | 3048 8d84 | 2408 0100 | 0048 8338 | 000f 8479 | 0000 004d 
  0x0000026ed1413af4: 8b13 41f6 | c202 0f84 | 6200 0000 | 4983 ba86 | 0000 0000 | 7409 49ff | 8a86 0000 | 00eb 4b49 
  0x0000026ed1413b14: 8b82 9600 | 0000 490b | 828e 0000 | 0075 0a49 | c742 3e00 | 0000 00eb | 3d49 83ba | 9e00 0000 
  0x0000026ed1413b34: 0074 2248 | 33c0 49c7 | 423e 0000 | 0000 f083 | 0424 0049 | 83ba 9e00 | 0000 0075 | 0df0 4d0f 
  0x0000026ed1413b54: b17a 3e75 | 0583 c801 | eb0c a800 | eb08 4c8b | 10f0 4d0f | b113 750a | 49ff 8f50 | 0500 0045 
  0x0000026ed1413b74: 33d2 0f85 | 2b44 0000 | 4c8b 5c24 | 2848 8d84 | 24f8 0000 | 0048 8338 | 000f 8479 | 0000 004d 
  0x0000026ed1413b94: 8b13 41f6 | c202 0f84 | 6200 0000 | 4983 ba86 | 0000 0000 | 7409 49ff | 8a86 0000 | 00eb 4b49 
  0x0000026ed1413bb4: 8b82 9600 | 0000 490b | 828e 0000 | 0075 0a49 | c742 3e00 | 0000 00eb | 3d49 83ba 

  0x0000026ed1413bd0: ;   {no_reloc}
  0x0000026ed1413bd0: 9e00 0000 | 0074 2248 | 33c0 49c7 | 423e 0000 | 0000 f083 | 0424 0049 | 83ba 9e00 | 0000 0075 
  0x0000026ed1413bf0: 0df0 4d0f | b17a 3e75 | 0583 c801 | eb0c a800 | eb08 4c8b | 10f0 4d0f | b113 750a | 49ff 8f50 
  0x0000026ed1413c10: 0500 0045 | 33d2 0f85 | b643 0000 | 4180 7f40 | 000f 85e4 | 2600 004c | 8b6c 2468 | 4d8b d54c 
  0x0000026ed1413c30: 8b5c 2440 | 498b eb41 | 896d 0c4d | 33da 49c1 | eb14 4d85 | db74 6249 | c1ea 094c | 8b84 24e0 
  0x0000026ed1413c50: 0000 004d | 03c2 4180 | 3802 744d | 4d8b 5748 | 4d8b 5f58 | f083 4424 | c000 4180 | 3800 7435 
  0x0000026ed1413c70: 4588 204d | 85d2 740f | 4f89 4413 | f849 83c2 | f84d 8957 | 48eb 1e49 | 8bc8 498b | d7c5 f877 
  0x0000026ed1413c90: 49ba 00a4 | 8262 fc7f | 0000 41ff 

  0x0000026ed1413c9c: ;   {other}
  0x0000026ed1413c9c: d20f 1f84 | 0000 0000 | 0041 8b6d | 0c48 8d84 | 24f0 0000 | 0048 8338 | 000f 847b | 0000 004d 
  0x0000026ed1413cbc: 8b55 0041 | f6c2 020f | 8462 0000 | 0049 83ba | 8600 0000 | 0074 0949 | ff8a 8600 | 0000 eb4b 
  0x0000026ed1413cdc: 498b 8296 | 0000 0049 | 0b82 8e00 | 0000 750a | 49c7 423e | 0000 0000 | eb3e 4983 | ba9e 0000 
  0x0000026ed1413cfc: 0000 7422 | 4833 c049 | c742 3e00 | 0000 00f0 | 8304 2400 | 4983 ba9e | 0000 0000 | 750d f04d 
  0x0000026ed1413d1c: 0fb1 7a3e | 7505 83c8 | 01eb 0da8 | 00eb 094c | 8b10 f04d | 0fb1 5500 | 750a 49ff | 8f50 0500 
  0x0000026ed1413d3c: 0045 33d2 | 0f85 ea3c | 0000 448b 

  0x0000026ed1413d48: ;   {metadata('sun/nio/ByteBuffered')}
  0x0000026ed1413d48: 5508 48b8 | 7833 36de | 6e02 0000 | 48be 0000 | 00de 6e02 | 0000 4903 | f24c 8b56 | 204c 3bd0 
  0x0000026ed1413d68: 0f84 563b | 0000 4833 | ff4c 8b9e | a000 0000 | 498b d348 | c1e2 300f | 8921 0000 | 00f3 480f 
  0x0000026ed1413d88: b8d2 488b | 5e28 483b | 04d3 7415 | 490f bae3 | 1073 0b49 

  0x0000026ed1413d9c: ;   {runtime_call StubRoutines (compiler stubs)}
  0x0000026ed1413d9c: c1cb 0fe8 | 504a 7aff | eb03 48ff | c748 85ff | 0f84 123b | 0000 4c89 | 6c24 4049 | 8bd5 4c89 
  0x0000026ed1413dbc: 6c24 284c | 8b54 2448 | 4c89 5424 | 3048 8b6c | 2450 6690 

  0x0000026ed1413dd0: ;   {optimized virtual_call}
  0x0000026ed1413dd0: c5f8 77e8 

  0x0000026ed1413dd4: ; ImmutableOopMap {rbp=Oop [32]=Oop [40]=Oop [48]=Oop [64]=Oop [72]=Oop [80]=Oop [88]=Oop [128]=NarrowOop }
                      ;*invokevirtual getBytes {reexecute=0 rethrow=0 return_oop=1}
                      ; - java.net.URLClassLoader::defineClass@179
                      ; - java.net.URLClassLoader$1::run@43
                      ; - java.net.URLClassLoader$1::run@1
                      ; - java.security.AccessController::executePrivileged@29
                      ; - java.security.AccessController::doPrivileged@13
                      ; - java.net.URLClassLoader::findClass@13
  0x0000026ed1413dd4: 28ac 0b00 

  0x0000026ed1413dd8: ;   {other}
  0x0000026ed1413dd8: 0f1f 8400 | c822 0016 | 4889 4424 | 6848 8b54 | 2428 4c8b | 5424 304c | 8954 2428 

  0x0000026ed1413df4: ;   {optimized virtual_call}
  0x0000026ed1413df4: c5f8 77e8 

  0x0000026ed1413df8: ; ImmutableOopMap {rbp=Oop [32]=Oop [40]=Oop [48]=Oop [64]=Oop [72]=Oop [80]=Oop [88]=Oop [104]=Oop [128]=NarrowOop }
                      ;*invokevirtual getCodeSigners {reexecute=0 rethrow=0 return_oop=1}
                      ; - java.net.URLClassLoader::defineClass@185
                      ; - java.net.URLClassLoader$1::run@43
                      ; - java.net.URLClassLoader$1::run@1
                      ; - java.security.AccessController::executePrivileged@29
                      ; - java.security.AccessController::doPrivileged@13
                      ; - java.net.URLClassLoader::findClass@13
  0x0000026ed1413df8: 6451 90f8 

  0x0000026ed1413dfc: ;   {other}
  0x0000026ed1413dfc: 0f1f 8400 | ec22 0017 | 4885 c00f | 854e 3c00 | 0049 8b87 | b801 0000 | 4c8b d049 | 83c2 284d 
  0x0000026ed1413e1c: 3b97 c801 | 0000 0f83 | 0931 0000 | 4d89 97b8 | 0100 0041 | 0f0d 8ac0 | 0000 0048 | c700 0100 
  0x0000026ed1413e3c: ;   {metadata('java/security/CodeSource')}
  0x0000026ed1413e3c: 0000 c740 | 0828 5c00 | 0044 8960 | 0c4c 8bd0 | 4983 c210 | c5fd efc0 | 41b8 0700 | 0000 c4c1 
  0x0000026ed1413e5c: 7892 f862 | d1fe 2f7f | 0248 8944 | 2470 488b | d04c 8b44 | 2420 4533 | c94c 8b54 | 2448 4c89 
  0x0000026ed1413e7c: 5424 2048 | 8b6c 2450 

  0x0000026ed1413e84: ;   {optimized virtual_call}
  0x0000026ed1413e84: c5f8 77e8 

  0x0000026ed1413e88: ; ImmutableOopMap {rbp=Oop [32]=Oop [64]=Oop [72]=Oop [80]=Oop [88]=Oop [104]=Oop [112]=Oop }
                      ;*invokespecial <init> {reexecute=0 rethrow=0 return_oop=0}
                      ; - java.net.URLClassLoader::defineClass@198
                      ; - java.net.URLClassLoader$1::run@43
                      ; - java.net.URLClassLoader$1::run@1
                      ; - java.security.AccessController::executePrivileged@29
                      ; - java.security.AccessController::doPrivileged@13
                      ; - java.net.URLClassLoader::findClass@13
  0x0000026ed1413e88: d4d6 0a00 

  0x0000026ed1413e8c: ;   {other}
  0x0000026ed1413e8c: 0f1f 8400 | 7c23 0018 

  0x0000026ed1413e94: ;   {oop(a 'jdk/internal/perf/PerfCounter'{0x00000000e0a1a488})}
  0x0000026ed1413e94: 48ba 88a4 | a1e0 0000 | 0000 4c8b | 4424 6090 

  0x0000026ed1413ea4: ;   {optimized virtual_call}
  0x0000026ed1413ea4: c5f8 77e8 

  0x0000026ed1413ea8: ; ImmutableOopMap {rbp=Oop [32]=Oop [64]=Oop [72]=Oop [80]=Oop [88]=Oop [104]=Oop [112]=Oop }
                      ;*invokevirtual addElapsedTimeFrom {reexecute=0 rethrow=0 return_oop=0}
                      ; - java.net.URLClassLoader::defineClass@207
                      ; - java.net.URLClassLoader$1::run@43
                      ; - java.net.URLClassLoader$1::run@1
                      ; - java.security.AccessController::executePrivileged@29
                      ; - java.security.AccessController::doPrivileged@13
                      ; - java.net.URLClassLoader::findClass@13
  0x0000026ed1413ea8: 94d7 fdff 

  0x0000026ed1413eac: ;   {other}
  0x0000026ed1413eac: 0f1f 8400 | 9c23 0019 | 4c8b 4c24 | 6841 8b71 | 0c48 8bd5 | 4c8b 4424 | 2033 ff48 | 8b4c 2470 
  0x0000026ed1413ecc: ;   {optimized virtual_call}
  0x0000026ed1413ecc: c5f8 77e8 

  0x0000026ed1413ed0: ; ImmutableOopMap {rbp=Oop [32]=Oop [64]=Oop [72]=Oop [80]=Oop [88]=Oop }
                      ;*invokevirtual defineClass {reexecute=0 rethrow=0 return_oop=1}
                      ; - java.net.URLClassLoader::defineClass@220
                      ; - java.net.URLClassLoader$1::run@43
                      ; - java.net.URLClassLoader$1::run@1
                      ; - java.security.AccessController::executePrivileged@29
                      ; - java.security.AccessController::doPrivileged@13
                      ; - java.net.URLClassLoader::findClass@13
  0x0000026ed1413ed0: 0c70 0b00 

  0x0000026ed1413ed4: ;   {other}
  0x0000026ed1413ed4: 0f1f 8400 | c423 001a | 4885 c00f | 8586 0000 | 0049 8b87 | b801 0000 | 4c8b d049 | 83c2 284d 
  0x0000026ed1413ef4: 3b97 c801 | 0000 0f83 | 7d26 0000 | 4d89 97b8 | 0100 0041 | 0f0d 8ac0 | 0000 0048 | c700 0100 
  0x0000026ed1413f14: 0000 4c8b | d049 83c2 

  0x0000026ed1413f1c: ;   {metadata('java/lang/ClassNotFoundException')}
  0x0000026ed1413f1c: 10c7 4008 | 8893 0600 | 4489 600c | c5fd efc0 | 41b8 0700 | 0000 c4c1 | 7892 f862 | d1fe 2f7f 
  0x0000026ed1413f3c: 0248 8be8 | 488b d54c | 8b44 2448 

  0x0000026ed1413f48: ;   {optimized virtual_call}
  0x0000026ed1413f48: c5f8 77e8 

  0x0000026ed1413f4c: ; ImmutableOopMap {rbp=Oop }
                      ;*invokespecial <init> {reexecute=0 rethrow=0 return_oop=0}
                      ; - java.net.URLClassLoader::findClass@41
  0x0000026ed1413f4c: 304c 0200 

  0x0000026ed1413f50: ;   {other}
  0x0000026ed1413f50: 0f1f 8400 | 4024 001b | 488b d5c5 | f877 4881 | c420 0100 

  0x0000026ed1413f64: ;   {runtime_call _rethrow_Java}
  0x0000026ed1413f64: 005d e995 | 9684 ffc5 | f877 4881 | c420 0100 

  0x0000026ed1413f74: ;   {poll_return}
  0x0000026ed1413f74: 005d 493b | a750 0400 | 000f 874f | 7900 00c3 | 418b 6b0c | 3b6c 2468 | 743a 85ed | 0f8d 6601 
  0x0000026ed1413f94: 0000 ba45 | ffff ff4c | 8b54 2448 | 4c89 5424 | 204c 8b54 | 2450 4c89 | 5424 2844 | 899c 2484 
  0x0000026ed1413fb4: 0000 0090 

  0x0000026ed1413fb8: ;   {runtime_call UncommonTrapBlob}
  0x0000026ed1413fb8: c5f8 77e8 

  0x0000026ed1413fbc: ; ImmutableOopMap {[32]=Oop [40]=Oop [88]=Oop [120]=Oop [128]=NarrowOop [132]=NarrowOop [136]=Oop [144]=Oop }
                      ;*ifge {reexecute=1 rethrow=0 return_oop=0}
                      ; - (reexecute) java.util.concurrent.ConcurrentHashMap::get@86
                      ; - java.lang.ClassLoader::getDefinedPackage@13
                      ; - java.net.URLClassLoader::getAndVerifyPackage@2
                      ; - java.net.URLClassLoader::defineClass@46
                      ; - java.net.URLClassLoader$1::run@43
                      ; - java.net.URLClassLoader$1::run@1
                      ; - java.security.AccessController::executePrivileged@29
                      ; - java.security.AccessController::doPrivileged@13
                      ; - java.net.URLClassLoader::findClass@13
  0x0000026ed1413fbc: 403b 77ff 

  0x0000026ed1413fc0: ;   {other}
  0x0000026ed1413fc0: 0f1f 8400 | b024 001c | 418b 6b10 | 4c8b d54c | 8b84 2488 | 0000 004d | 3bd0 0f84 | e8ef ffff 
  0x0000026ed1413fe0: ; implicit exception: dispatches to 0x0000026ed141a7a8
  0x0000026ed1413fe0: 448b 5508 | 4c8b c54c | 8b8c 2488 | 0000 004d | 3bc8 0f84 | d0ef ffff 

  0x0000026ed1413ff8: ;   {metadata('java/lang/String')}
  0x0000026ed1413ff8: 4181 fa78 | e800 000f | 8553 5e00 | 0045 0fbe | 5110 410f | be48 1044 | 3bd1 0f85 | e400 0000 
  0x0000026ed1414018: 458b 4014 | 458b 5114 | 418b 580c | 418b 4a0c | 3bcb 0f85 | cc00 0000 | 4d8b c849 | 8d70 104d 
  0x0000026ed1414038: 8bc2 498d | 7a10 85c9 | 0f84 9d00 | 0000 8bc1 | 83e0 1f83 | e1e0 0f84 | 4b00 0000 | 488d 3c0f 
  0x0000026ed1414058: 488d 340e | 48f7 d9c5 | fe6f 040f | c5fe 6f0c | 0ec5 fdef | c1c4 e27d | 17c0 0f85 | 7200 0000 
  0x0000026ed1414078: 4883 c120 | 75e1 85c0 | 0f84 5d00 | 0000 c5fe | 6f44 07e0 | c5fe 6f4c | 06e0 c5fd | efc1 c4e2 
  0x0000026ed1414098: 7d17 c075 | 4deb 448b | c883 e1fc | 7419 488d | 3c0f 488d | 340e 48f7 | d98b 1c0f | 3b1c 0e75 
  0x0000026ed14140b8: 3148 83c1 | 0475 f2a8 | 0274 120f | b71f 0fb7 | 0e3b d975 | 1d48 8d7f | 0248 8d76 | 02a8 0174 
  0x0000026ed14140d8: 0a0f b61f | 0fb6 0e3b | d975 07b8 | 0100 0000 | eb02 33c0 | c5fd efc0 | c5f5 efc9 

  0x0000026ed14140f4: ;   {no_reloc}
  0x0000026ed14140f4: 85c0 0f85 | ccee ffff | 458b 5b18 | 4585 db75 | 0f49 bb00 | 000b d96e | 0200 00e9 | 2df4 ffff 
  0x0000026ed1414114: 4d8b d34c | 8954 2470 | 49ba 0000 | 0bd9 6e02 | 0000 4c89 | 9424 e000 | 0000 4c8b | 5424 7045 
  0x0000026ed1414134: 8b52 0c4d | 8b9f 5804 

  0x0000026ed141413c: ; ImmutableOopMap {[32]=Oop [52]=NarrowOop [72]=Oop [80]=Oop [88]=Oop [112]=Oop [120]=Oop [128]=NarrowOop [136]=Oop [144]=Oop }
                      ;*if_icmpne {reexecute=1 rethrow=0 return_oop=0}
                      ; - (reexecute) java.util.concurrent.ConcurrentHashMap::get@127
                      ; - java.lang.ClassLoader::getDefinedPackage@13
                      ; - java.net.URLClassLoader::getAndVerifyPackage@2
                      ; - java.net.URLClassLoader::defineClass@46
                      ; - java.net.URLClassLoader$1::run@43
                      ; - java.net.URLClassLoader$1::run@1
                      ; - java.security.AccessController::executePrivileged@29
                      ; - java.security.AccessController::doPrivileged@13
                      ; - java.net.URLClassLoader::findClass@13
                      ;   {poll}
  0x0000026ed141413c: 0000 4185 | 0344 3b54 | 2468 7422 | 4c8b 5424 | 7045 8b52 | 1845 85d2 | 750d 4c8b | 9c24 e000 
  0x0000026ed141415c: 0000 e9de | f3ff ff4c | 8954 2470 | ebc4 4c8b | 5424 7041 | 8b6a 104c | 8bd5 4c8b | 9c24 8800 
  0x0000026ed141417c: 0000 4d3b | d374 4585 | ed0f 84ae | 4800 004c | 8bc5 498b | d348 8b6c | 2448 4c8b | 5424 504c 
  0x0000026ed141419c: 8954 2440 | 448b 9424 | 8000 0000 | 4489 5424 | 3066 6690 

  0x0000026ed14141b0: ;   {optimized virtual_call}
  0x0000026ed14141b0: c5f8 77e8 

  0x0000026ed14141b4: ; ImmutableOopMap {rbp=Oop [32]=Oop [48]=NarrowOop [52]=NarrowOop [64]=Oop [72]=Oop [80]=Oop [88]=Oop [112]=Oop [120]=Oop [128]=NarrowOop [136]=Oop [144]=Oop }
                      ;*invokevirtual equals {reexecute=0 rethrow=0 return_oop=0}
                      ; - java.util.concurrent.ConcurrentHashMap::get@149
                      ; - java.lang.ClassLoader::getDefinedPackage@13
                      ; - java.net.URLClassLoader::getAndVerifyPackage@2
                      ; - java.net.URLClassLoader::defineClass@46
                      ; - java.net.URLClassLoader$1::run@43
                      ; - java.net.URLClassLoader$1::run@1
                      ; - java.security.AccessController::executePrivileged@29
                      ; - java.security.AccessController::doPrivileged@13
                      ; - java.net.URLClassLoader::findClass@13
  0x0000026ed14141b4: 8847 eeff 

  0x0000026ed14141b8: ;   {other}
  0x0000026ed14141b8: 0f1f 8400 | a826 001e | 85c0 0f84 | 9c48 0000 | 4c8b 5424 | 7041 8b6a | 1485 ed0f | 84f1 2100 
  0x0000026ed14141d8: 004c 8b94 | 2488 0000 | 0045 0fb6 | 4211 418b | 5a0c 448b 

  0x0000026ed14141ec: ;   {metadata('java/lang/Package')}
  0x0000026ed14141ec: 5d08 4181 | fbe8 bd01 | 000f 8515 | 5b00 004c | 8b94 2488 | 0000 0045 | 8b5a 1441 | 8b53 0c4c 
  0x0000026ed141420c: 8bd5 458b | 5210 4489 | 5424 6885 | d20f 865d | 3a00 004c | 8b54 2450 | 458b 4a38 | 4489 4c24 
  0x0000026ed141422c: 2845 85c9 | 0f84 f239 | 0000 85db | 0f85 4e02 | 0000 4585 | c00f 8531 | 1c00 004c | 8b94 2488 
  0x0000026ed141424c: 0000 0045 | 0fbe 4210 | 4585 c074 | 3e49 8bd3 | 498b e94c | 8b54 2448 | 4c89 5424 | 384c 8b54 
  0x0000026ed141426c: 2478 4c89 | 5424 4044 | 8b94 2480 | 0000 0044 | 8954 242c 

  0x0000026ed1414280: ;   {static_call}
  0x0000026ed1414280: c5f8 77e8 

  0x0000026ed1414284: ; ImmutableOopMap {rbp=Oop [32]=Oop [40]=NarrowOop [44]=NarrowOop [52]=NarrowOop [56]=Oop [64]=Oop [72]=Oop [80]=Oop [88]=Oop [104]=NarrowOop [120]=Oop [128]=NarrowOop [136]=Oop [144]=Oop }
                      ;*invokestatic hashCode {reexecute=0 rethrow=0 return_oop=0}
                      ; - java.lang.String::hashCode@37
                      ; - java.util.concurrent.ConcurrentHashMap::get@1
                      ; - java.lang.ClassLoader::definePackage@47
                      ; - java.lang.ClassLoader::getDefinedPackage@32
                      ; - java.net.URLClassLoader::getAndVerifyPackage@2
                      ; - java.net.URLClassLoader::defineClass@46
                      ; - java.net.URLClassLoader$1::run@43
                      ; - java.net.URLClassLoader$1::run@1
                      ; - java.security.AccessController::executePrivileged@29
                      ; - java.security.AccessController::doPrivileged@13
                      ; - java.net.URLClassLoader::findClass@13
  0x0000026ed1414284: f8b5 76ff 

  0x0000026ed1414288: ;   {other}
  0x0000026ed1414288: 0f1f 8400 | 7827 001f | 8bd8 e9e1 | 0100 004d | 8bd3 498d | 7b10 83fa | 020f 8c30 | 2100 0033 
  0x0000026ed14142a8: db83 fa20 | 0f8c 7501 | 0000 4533 | d2c5 f5ef | c9c5 edef | d2c5 fdef | c0c4 411d 

  0x0000026ed14142c4: ;   {external_word}
  0x0000026ed14142c4: efe4 49bb | 2058 fb62 | fc7f 0000 | 458b 0bc4 | c179 6ed9 | c4e2 7d58 | db44 8bda | 4183 e3e0 
  0x0000026ed14142e4: 410f afd9 | c421 7a7e | 1c17 c421 | 7a7e 5417 | 08c4 217a | 7e4c 1710 | c421 7a7e | 4417 18c4 
  0x0000026ed1414304: e275 40cb | c442 7d31 | dbc4 c175 | fecb c4e2 | 6d40 d3c4 | 427d 31d2 | c4c1 6dfe | d2c4 e27d 
  0x0000026ed1414324: 40c3 c442 | 7d31 c9c4 | c17d fec1 | c462 1d40 | e3c4 427d | 31c0 c441 | 1dfe e041 | 83c2 2045 
  0x0000026ed1414344: 3bd3 7c9c | 4a8d 3c1f 

  0x0000026ed141434c: ;   {external_word}
  0x0000026ed141434c: 412b d349 | bb24 58fb | 62fc 7f00 | 00c4 c17e | 6f23 c4e2 

  0x0000026ed1414360: ;   {external_word}
  0x0000026ed1414360: 7540 cc49 | bb44 58fb | 62fc 7f00 | 00c4 c17e | 6f2b c4e2 

  0x0000026ed1414374: ;   {external_word}
  0x0000026ed1414374: 6d40 d549 | bb64 58fb | 62fc 7f00 | 00c4 c17e | 6f3b c4e2 

  0x0000026ed1414388: ;   {external_word}
  0x0000026ed1414388: 7d40 c749 | bb84 58fb | 62fc 7f00 | 00c4 c17e | 6f33 c462 | 1d40 e6c4 | 6275 02d9 | c443 7d39 
  0x0000026ed14143a8: da01 c441 | 21fe dac4 | 4221 02db | c579 6ed3 | c441 21fe | dac5 797e | dbc4 626d | 02ca c443 
  0x0000026ed14143c8: 7d39 c801 | c441 31fe | c8c4 4231 | 02c9 c579 | 6ec3 c441 | 31fe c8c5 | 797e cbc4 | 627d 02d8 
  0x0000026ed14143e8: c443 7d39 | da01 c441 | 21fe dac4 | 4221 02db | c579 6ed3 | c441 21fe | dac5 797e | dbc4 421d 
  0x0000026ed1414408: 02cc c443 | 7d39 c801 | c441 31fe | c8c4 4231 | 02c9 c579 | 6ec3 c441 | 31fe c8c5 | 797e cb41 
  0x0000026ed1414428: ba01 0000 | 0044 3bd2 | 0f8d 2e00 | 0000 41b9 | c103 0000 | 410f afd9 | 460f b65c | 17ff 458b 
  0x0000026ed1414448: cb41 c1e1 | 0545 2bcb | 4103 d946 | 0fb6 0c17 | 4103 d941 | 83c2 0244 | 3bd2 7cd2 | 7f12 448b 
  0x0000026ed1414468: dbc1 e305 | 412b db46 | 0fb6 4c17 | ff41 03d9 | 85db 0f84 | f32e 0000 | 4c8b 9424 | 8800 0000 
  0x0000026ed1414488: ;   {no_reloc}
  0x0000026ed1414488: 4189 5a0c | 448b 5c24 | 2845 8b43 | 2845 85c0 | 0f84 5f02 | 0000 458b | 580c 4585 | db0f 8671 
  0x0000026ed14144a8: 3e00 0044 | 8bd3 41c1 | ea10 4433 | d341 ffcb | 4181 e2ff | ffff 7f44 | 8954 246c | 4523 da4d 
  0x0000026ed14144c8: 63d3 478b | 4490 1045 | 85c0 0f84 | 2502 0000 | 418b 680c | 3b6c 246c | 743a 85ed | 0f8d 6f01 
  0x0000026ed14144e8: 0000 ba45 | ffff ff4c | 8b54 2448 | 4c89 5424 | 204c 8b54 | 2450 4c89 | 5424 2844 | 8984 24b8 
  0x0000026ed1414508: 0000 0090 

  0x0000026ed141450c: ;   {runtime_call UncommonTrapBlob}
  0x0000026ed141450c: c5f8 77e8 

  0x0000026ed1414510: ; ImmutableOopMap {[32]=Oop [40]=Oop [88]=Oop [104]=NarrowOop [120]=Oop [128]=NarrowOop [136]=Oop [144]=Oop [184]=NarrowOop }
                      ;*ifge {reexecute=1 rethrow=0 return_oop=0}
                      ; - (reexecute) java.util.concurrent.ConcurrentHashMap::get@86
                      ; - java.lang.ClassLoader::definePackage@47
                      ; - java.lang.ClassLoader::getDefinedPackage@32
                      ; - java.net.URLClassLoader::getAndVerifyPackage@2
                      ; - java.net.URLClassLoader::defineClass@46
                      ; - java.net.URLClassLoader$1::run@43
                      ; - java.net.URLClassLoader$1::run@1
                      ; - java.security.AccessController::executePrivileged@29
                      ; - java.security.AccessController::doPrivileged@13
                      ; - java.net.URLClassLoader::findClass@13
  0x0000026ed1414510: ec35 77ff 

  0x0000026ed1414514: ;   {other}
  0x0000026ed1414514: 0f1f 8400 | 042a 0020 | 418b 6810 | 4c8b d54c | 8b9c 2488 | 0000 004d | 3bd3 0f84 | 6aea ffff 
  0x0000026ed1414534: ; implicit exception: dispatches to 0x0000026ed141a870
  0x0000026ed1414534: 448b 5d08 | 4c8b d54c | 8b8c 2488 | 0000 004d | 3bca 0f84 | 52ea ffff 

  0x0000026ed141454c: ;   {metadata('java/lang/String')}
  0x0000026ed141454c: 4181 fb78 | e800 000f | 8533 5900 | 0045 0fbe | 4910 450f | be5a 1045 | 3bcb 0f85 | ed00 0000 
  0x0000026ed141456c: 458b 5214 | 4c8b 9c24 | 8800 0000 | 458b 4b14 | 458b 5a0c | 418b 490c | 413b cb0f | 85cc 0000 
  0x0000026ed141458c: 004d 8bda | 498d 7210 | 4d8b d149 | 8d79 1085 | c90f 849d | 0000 008b | c183 e01f | 83e1 e00f 
  0x0000026ed14145ac: 844b 0000 | 0048 8d3c | 0f48 8d34 | 0e48 f7d9 | c5fe 6f04 | 0fc5 fe6f | 0c0e c5fd | efc1 c4e2 
  0x0000026ed14145cc: 7d17 c00f | 8572 0000 | 0048 83c1 | 2075 e185 | c00f 845d | 0000 00c5 | fe6f 4407 | e0c5 fe6f 
  0x0000026ed14145ec: 4c06 e0c5 | fdef c1c4 | e27d 17c0 | 754d eb44 | 8bc8 83e1 | fc74 1948 | 8d3c 0f48 | 8d34 0e48 
  0x0000026ed141460c: f7d9 8b1c | 0f3b 1c0e | 7531 4883 | c104 75f2 | a802 7412 | 0fb7 1f0f | b70e 3bd9 | 751d 488d 
  0x0000026ed141462c: 7f02 488d | 7602 a801 | 740a 0fb6 | 1f0f b60e | 3bd9 7507 | b801 0000 | 00eb 0233 

  0x0000026ed1414648: ;   {no_reloc}
  0x0000026ed1414648: c0c5 fdef | c0c5 f5ef | c985 c00f | 8545 e9ff | ff45 8b50 | 1845 85d2 | 0f84 9700 | 0000 4c89 
  0x0000026ed1414668: 5424 704c | 8b54 2470 | 458b 5a0c | 4d8b 9758 

  0x0000026ed1414678: ; ImmutableOopMap {[32]=Oop [52]=NarrowOop [72]=Oop [80]=Oop [88]=Oop [104]=NarrowOop [112]=Oop [120]=Oop [128]=NarrowOop [136]=Oop [144]=Oop }
                      ;*if_icmpne {reexecute=1 rethrow=0 return_oop=0}
                      ; - (reexecute) java.util.concurrent.ConcurrentHashMap::get@127
                      ; - java.lang.ClassLoader::definePackage@47
                      ; - java.lang.ClassLoader::getDefinedPackage@32
                      ; - java.net.URLClassLoader::getAndVerifyPackage@2
                      ; - java.net.URLClassLoader::defineClass@46
                      ; - java.net.URLClassLoader$1::run@43
                      ; - java.net.URLClassLoader$1::run@1
                      ; - java.security.AccessController::executePrivileged@29
                      ; - java.security.AccessController::doPrivileged@13
                      ; - java.net.URLClassLoader::findClass@13
                      ;   {poll}
  0x0000026ed1414678: 0400 0041 | 8502 443b | 5c24 6c74 | 184c 8b54 | 2470 458b | 5a18 4585 | db74 6a4d | 8bd3 4c89 
  0x0000026ed1414698: 5424 70eb | ce4c 8b54 | 2470 418b | 6a10 4c8b | d54c 8b9c | 2488 0000 | 004d 3bd3 | 7436 85ed 
  0x0000026ed14146b8: 0f84 6644 | 0000 4c8b | c549 8bd3 | 488b 6c24 | 484c 8b54 | 2450 4c89 | 5424 4090 

  0x0000026ed14146d4: ;   {optimized virtual_call}
  0x0000026ed14146d4: c5f8 77e8 

  0x0000026ed14146d8: ; ImmutableOopMap {rbp=Oop [32]=Oop [52]=NarrowOop [64]=Oop [72]=Oop [80]=Oop [88]=Oop [104]=NarrowOop [112]=Oop [120]=Oop [128]=NarrowOop [136]=Oop [144]=Oop }
                      ;*invokevirtual equals {reexecute=0 rethrow=0 return_oop=0}
                      ; - java.util.concurrent.ConcurrentHashMap::get@149
                      ; - java.lang.ClassLoader::definePackage@47
                      ; - java.lang.ClassLoader::getDefinedPackage@32
                      ; - java.net.URLClassLoader::getAndVerifyPackage@2
                      ; - java.net.URLClassLoader::defineClass@46
                      ; - java.net.URLClassLoader$1::run@43
                      ; - java.net.URLClassLoader$1::run@1
                      ; - java.security.AccessController::executePrivileged@29
                      ; - java.security.AccessController::doPrivileged@13
                      ; - java.net.URLClassLoader::findClass@13
  0x0000026ed14146d8: 6442 eeff 

  0x0000026ed14146dc: ;   {other}
  0x0000026ed14146dc: 0f1f 8400 | cc2b 0022 | 85c0 0f84 | 6444 0000 | 4c8b 5424 | 7041 8b6a | 1485 ed0f | 85ad e8ff 
  0x0000026ed14146fc: ff4c 8b54 | 2450 418b | 6a38 4d8b | 8fb8 0100 | 004d 8bd1 | 4983 c218 | 4d3b 97c8 | 0100 000f 
  0x0000026ed141471c: 839a 2c00 | 004d 8997 | b801 0000 | 410f 0d8a | c000 0000 | 49c7 0101 | 0000 004d | 8bd1 4983 
  0x0000026ed141473c: ;   {metadata('java/lang/ClassLoader$$Lambda+0x0000026edf06b638')}
  0x0000026ed141473c: c210 41c7 | 4108 38b6 | 0601 c5fd | efc0 c4c1 | 79d6 0244 | 8b54 2434 | 4589 510c | 448b 5c24 
  0x0000026ed141475c: 6845 8959 | 1085 ed0f | 8446 3a00 | 0048 8bd5 | 4c8b 8424 | 8800 0000 | 4c8b 5424 | 784c 8954 
  0x0000026ed141477c: 2428 4c8b | 5424 504c | 8954 2430 | 4c89 4424 | 3844 8b9c | 2480 0000 | 0044 895c | 2468 488b 
  0x0000026ed141479c: 6c24 3090 

  0x0000026ed14147a0: ;   {optimized virtual_call}
  0x0000026ed14147a0: c5f8 77e8 

  0x0000026ed14147a4: ; ImmutableOopMap {rbp=Oop [32]=Oop [40]=Oop [48]=Oop [56]=Oop [72]=Oop [80]=Oop [88]=Oop [104]=NarrowOop [120]=Oop [128]=NarrowOop [136]=Oop [144]=Oop }
                      ;*invokevirtual compute {reexecute=0 rethrow=0 return_oop=1}
                      ; - java.lang.ClassLoader::definePackage@78
                      ; - java.lang.ClassLoader::getDefinedPackage@32
                      ; - java.net.URLClassLoader::getAndVerifyPackage@2
                      ; - java.net.URLClassLoader::defineClass@46
                      ; - java.net.URLClassLoader$1::run@43
                      ; - java.net.URLClassLoader$1::run@1
                      ; - java.security.AccessController::executePrivileged@29
                      ; - java.security.AccessController::doPrivileged@13
                      ; - java.net.URLClassLoader::findClass@13
  0x0000026ed14147a4: d8a6 76ff 

  0x0000026ed14147a8: ;   {other}
  0x0000026ed14147a8: 0f1f 8400 | 982c 0023 

  0x0000026ed14147b0: ; implicit exception: dispatches to 0x0000026ed141a660
  0x0000026ed14147b0: 448b 5808 

  0x0000026ed14147b4: ;   {metadata('java/lang/Package')}
  0x0000026ed14147b4: 4181 fbe8 | bd01 000f | 859f 5500 | 0048 8944 | 2468 4c8b | 5424 6845 | 8b5a 1045 | 8b53 1c45 
  0x0000026ed14147d4: 85d2 0f85 | 383a 0000 | 4c8b 5424 | 6845 8b52 | 1441 8b6a | 2485 ed0f | 857b 3b00 | 004c 8b94 
  0x0000026ed14147f4: 2490 0000 | 004d 85d2 | 0f84 b63b 

  0x0000026ed1414800: ;   {oop(a 'java/lang/Class'{0x00000000e0a378d8} = 'jdk/internal/access/SharedSecrets')}
  0x0000026ed1414800: 0000 49ba | d878 a3e0 | 0000 0000 | 458b 9ad4 | 0000 0044 | 895c 2470 

  0x0000026ed1414818: ; implicit exception: dispatches to 0x0000026ed141a698
  0x0000026ed1414818: 458b 5308 | 4489 5424 | 284d 8bd3 | 4c89 5424 | 3048 8b94 | 2488 0000 | 0041 b82e | 0000 0041 
  0x0000026ed1414838: b92f 0000 | 004c 8b54 | 2478 4c89 | 5424 3848 | 8954 2440 | 488b 6c24 | 5066 6690 

  0x0000026ed1414854: ;   {optimized virtual_call}
  0x0000026ed1414854: c5f8 77e8 

  0x0000026ed1414858: ; ImmutableOopMap {rbp=Oop [32]=Oop [48]=Oop [56]=Oop [64]=Oop [72]=Oop [80]=Oop [88]=Oop [104]=Oop [112]=NarrowOop [120]=Oop [128]=NarrowOop [136]=Oop [144]=Oop }
                      ;*invokevirtual replace {reexecute=0 rethrow=0 return_oop=1}
                      ; - java.net.URLClassLoader::isSealed@9
                      ; - java.net.URLClassLoader::getAndVerifyPackage@68
                      ; - java.net.URLClassLoader::defineClass@46
                      ; - java.net.URLClassLoader$1::run@43
                      ; - java.net.URLClassLoader$1::run@1
                      ; - java.security.AccessController::executePrivileged@29
                      ; - java.security.AccessController::doPrivileged@13
                      ; - java.net.URLClassLoader::findClass@13
  0x0000026ed1414858: 447f f2ff 

  0x0000026ed141485c: ;   {other}
  0x0000026ed141485c: 0f1f 8400 | 4c2d 0024 | 4889 8424 | 9800 0000 

  0x0000026ed141486c: ; implicit exception: dispatches to 0x0000026ed141a2a0
  0x0000026ed141486c: 448b 5814 | 4489 5c24 | 4045 8b53 | 0c45 85d2 | 0f86 e71b | 0000 440f | be58 1044 | 895c 242c 
  0x0000026ed141488c: c442 22f7 | da44 895c | 2444 4d63 | d34c 8994 | 24a0 0000 | 0044 8b54 | 242c 4183 | fa01 0f84 
  0x0000026ed14148ac: cf15 0000 | 448b 5c24 | 4445 85db | 0f8c aa39 | 0000 4c8b | 8c24 a000 | 0000 4983 | c101 418b 
  0x0000026ed14148cc: e985 ed0f | 8cdb 3900 | 004d 8bd1 | 49c1 fa20 | 458b d245 | 0fbe dac4 | 6221 f7dd | 4489 5c24 
  0x0000026ed14148ec: 7445 85db | 0f8c 1e3b | 0000 4181 | fb00 0010 | 000f 8771 | 3300 004d | 63d3 4181 | fb00 0010 
  0x0000026ed141490c: 000f 87c9 | 2600 0049 | 8b87 b801 | 0000 4983 | c217 4983 | e2f8 4c8b | d84d 03da | 4d3b 9fc8 
  0x0000026ed141492c: 0100 000f | 83a7 2600 | 004d 899f | b801 0000 | 410f 0d8b | c000 0000 | 48c7 0001 | 0000 0041 
  0x0000026ed141494c: 0f0d 8b00 

  0x0000026ed1414950: ;   {metadata({type array byte})}
  0x0000026ed1414950: 0100 00c7 | 4008 1823 | 0000 448b | 4424 7444 | 8940 0c41 | 0f0d 8b40 | 0100 0041 | 0f0d 8b80 
  0x0000026ed1414970: 0100 0048 | 8984 24a8 | 0000 0044 | 8b54 2474 | 418b ea4c | 8b94 24a0 | 0000 0049 | bb00 0000 
  0x0000026ed1414990: 0001 0000 | 004d 3bd3 | 0f8d bb10 | 0000 448b | 5424 4441 | ffc2 413b | ea0f 824e | 3600 0044 
  0x0000026ed14149b0: 8b44 2444 | 42c6 4400 | 102f 448b | 5c24 4045 | 8b53 0c44 | 8b5c 242c | c442 22f7 | da4d 63db 
  0x0000026ed14149d0: 4c8b 8424 | a000 0000 | 4d2b c34c | 8984 24a0 | 0000 0045 | 8bd8 4489 | 5c24 444d | 8bd8 49b8 
  0x0000026ed14149f0: 0000 0000 | 0100 0000 | 4d3b d80f | 8dbc 1000 | 0044 8b44 | 2440 4d8b | d84d 8d58 | 1044 8b4c 
  0x0000026ed1414a10: 242c 4585 | c90f 8585 | 0d00 0044 | 8b44 2444 | 4585 c00f | 8c2f 3700 | 0045 03c2 | 413b e80f 
  0x0000026ed1414a30: 8223 3700 | 0045 85d2 | 7639 4c8b | 8424 a800 | 0000 8b4c | 2444 498d | 5408 104d | 63c2 4983 
  0x0000026ed1414a50: ;   {no_reloc}
  0x0000026ed1414a50: f820 0f86 | 21e5 ffff | 498b cbc5 | f877 49ba | 6026 b6d0 | 6e02 0000 

  0x0000026ed1414a68: ;   {other}
  0x0000026ed1414a68: 41ff d20f | 1f84 0000 | 0000 004c | 8b94 24a8 | 0000 0049 | 8bea 4c8b | 9424 a000 | 0000 4d85 
  0x0000026ed1414a88: d20f 8533 | 1200 0049 | 8b87 b801 | 0000 4c8b | d049 83c2 | 184d 3b97 | c801 0000 | 0f83 6325 
  0x0000026ed1414aa8: 0000 4d89 | 97b8 0100 | 0041 0f0d | 8ac0 0000 | 0048 c700 | 0100 0000 | 4c8b d049 

  0x0000026ed1414ac4: ;   {metadata('java/lang/String')}
  0x0000026ed1414ac4: 83c2 10c7 | 4008 78e8 | 0000 4489 | 600c c5fd | efc0 c4c1 | 79d6 0289 | 6814 448b 

  0x0000026ed1414ae0: ;   {metadata('java/util/jar/JavaUtilJarAccessImpl')}
  0x0000026ed1414ae0: 5c24 2841 | 81fb a05b | 3100 0f85 | 1c32 0000 | 4c8b 8c24 | 9000 0000 | 418b 6910 

  0x0000026ed1414afc: ; implicit exception: dispatches to 0x0000026ed141a328
  0x0000026ed1414afc: 448b 5508 

  0x0000026ed1414b00: ;   {metadata('java/util/HashMap')}
  0x0000026ed1414b00: 4181 fa68 | a908 000f | 8563 3200 | 004c 8bd5 | 458b 5224 | 4585 d20f | 84ad 0300 | 0041 8b72 
  0x0000026ed1414b20: 0c85 f60f | 86c4 3b00 | 0048 8bc8 | 8b58 0cff | ce85 db0f | 8560 0200 | 0044 0fb6 | 4011 4585 
  0x0000026ed1414b40: c00f 8562 | 1300 0044 | 8b58 1480 | 7810 0074 | 5589 7424 | 3c48 8944 | 2430 48ff | b424 9000 
  0x0000026ed1414b60: 0000 488f | 4424 2849 | 8bea 4489 | 5424 3849 | 8bd3 4c8b | 5424 484c | 8954 2440 

  0x0000026ed1414b7c: ;   {static_call}
  0x0000026ed1414b7c: c5f8 77e8 

  0x0000026ed1414b80: ; ImmutableOopMap {rbp=Oop [32]=Oop [40]=Oop [48]=Oop [56]=NarrowOop [64]=Oop [72]=Oop [80]=Oop [88]=Oop [104]=Oop [120]=Oop [128]=NarrowOop [136]=Oop }
                      ;*invokestatic hashCode {reexecute=0 rethrow=0 return_oop=0}
                      ; - java.lang.String::hashCode@37
                      ; - java.util.HashMap::hash@9
                      ; - java.util.HashMap::getNode@23
                      ; - java.util.HashMap::get@2
                      ; - java.util.jar.Manifest::getAttributes@5
                      ; - java.util.jar.Manifest::getTrustedAttributes@2
                      ; - java.util.jar.JavaUtilJarAccessImpl::getTrustedAttributes@2
                      ; - java.net.URLClassLoader::isSealed@18
                      ; - java.net.URLClassLoader::getAndVerifyPackage@68
                      ; - java.net.URLClassLoader::defineClass@46
                      ; - java.net.URLClassLoader$1::run@43
                      ; - java.net.URLClassLoader$1::run@1
                      ; - java.security.AccessController::executePrivileged@29
                      ; - java.security.AccessController::doPrivileged@13
                      ; - java.net.URLClassLoader::findClass@13
  0x0000026ed1414b80: fcac 76ff 

  0x0000026ed1414b84: ;   {other}
  0x0000026ed1414b84: 0f1f 8400 | 7430 0025 | 8bd8 4c8b | 4c24 2848 | 8b4c 2430 | 448b 5424 | 388b 7424 | 3ce9 d901 
  0x0000026ed1414ba4: 0000 418b | 530c 4d8b | c349 8d7b | 1083 fa02 | 0f8c 1619 | 0000 458b | c24c 8bd9 | 33db 83fa 
  0x0000026ed1414bc4: 200f 8c61 | 0100 0033 | edc4 413d | efc0 c5d5 | efed c5dd | efe4 c5c5 

  0x0000026ed1414bdc: ;   {external_word}
  0x0000026ed1414bdc: efff 49b9 | 2058 fb62 | fc7f 0000 | 418b 09c5 | f96e c1c4 | e27d 58c0 | 448b ca41 | 83e1 e00f 
  0x0000026ed1414bfc: afd9 c5fa | 7e34 2fc5 | fa7e 5c2f | 08c5 fa7e | 542f 10c5 | fa7e 4c2f | 18c4 623d | 40c0 c4e2 
  0x0000026ed1414c1c: 7d31 f6c5 | 3dfe c6c4 | e255 40e8 | c4e2 7d31 | dbc5 d5fe | ebc4 e25d | 40e0 c4e2 | 7d31 d2c5 
  0x0000026ed1414c3c: ddfe e2c4 | e245 40f8 | c4e2 7d31 | c9c5 c5fe | f983 c520 | 413b e97c | a64a 8d3c | 0f41 2bd1 
  0x0000026ed1414c5c: ;   {external_word}
  0x0000026ed1414c5c: 49b9 2458 | fb62 fc7f | 0000 c441 | 7e6f 21c4 | 423d 40c4 

  0x0000026ed1414c70: ;   {external_word}
  0x0000026ed1414c70: 49b9 4458 | fb62 fc7f | 0000 c441 | 7e6f 19c4 | c255 40eb 

  0x0000026ed1414c84: ;   {external_word}
  0x0000026ed1414c84: 49b9 6458 | fb62 fc7f | 0000 c441 | 7e6f 11c4 | c25d 40e2 

  0x0000026ed1414c98: ;   {external_word}
  0x0000026ed1414c98: 49b9 8458 | fb62 fc7f | 0000 c441 | 7e6f 09c4 | c245 40f9 | c4c2 3d02 | f0c4 e37d | 39f3 01c5 
  0x0000026ed1414cb8: c9fe f3c4 | e249 02f6 | c5f9 6edb | c5c9 fef3 | c5f9 7ef3 | c4e2 5502 | d5c4 e37d | 39d1 01c5 
  0x0000026ed1414cd8: e9fe d1c4 | e269 02d2 | c5f9 6ecb | c5e9 fed1 | c5f9 7ed3 | c4e2 5d02 | f4c4 e37d | 39f3 01c5 
  0x0000026ed1414cf8: c9fe f3c4 | e249 02f6 | c5f9 6edb | c5c9 fef3 | c5f9 7ef3 | c4e2 4502 | d7c4 e37d | 39d1 01c5 
  0x0000026ed1414d18: e9fe d1c4 | e269 02d2 | c5f9 6ecb | c5e9 fed1 | c5f9 7ed3 | bd01 0000 | 003b ea0f | 8d26 0000 
  0x0000026ed1414d38: 00b9 c103 | 0000 0faf | d944 0fb6 | 4c2f ff41 | 8bc9 c1e1 | 0541 2bc9 | 03d9 0fb6 | 0c2f 03d9 
  0x0000026ed1414d58: 83c5 023b | ea7c da7f | 1044 8bcb | c1e3 0541 | 2bd9 0fb6 | 4c2f ff03 | d94c 8b8c | 2490 0000 
  0x0000026ed1414d78: 0049 8bcb | 458b d085 | db0f 8426 | 2600 0089 | 590c 448b | db41 c1eb | 1044 33db 

  0x0000026ed1414d94: ;   {no_reloc}
  0x0000026ed1414d94: 4123 f3eb | 0d44 8bdb | 41c1 eb10 | 4433 db41 | 23f3 418b | 5cb2 1085 | db0f 8417 | 0100 0044 
  0x0000026ed1414db4: 8b43 0c45 | 3bc3 0f85 | 8404 0000 | 448b 5310 | 488b eb4d | 8bc2 4c3b | c174 4389 | 5c24 3c44 
  0x0000026ed1414dd4: 895c 2438 | 4889 4c24 | 304c 894c | 2428 488b | d14c 8b54 | 2448 4c89 | 5424 4090 

  0x0000026ed1414df0: ;   {optimized virtual_call}
  0x0000026ed1414df0: c5f8 77e8 

  0x0000026ed1414df4: ; ImmutableOopMap {rbp=Oop [32]=Oop [40]=Oop [48]=Oop [60]=NarrowOop [64]=Oop [72]=Oop [80]=Oop [88]=Oop [104]=Oop [120]=Oop [128]=NarrowOop [136]=Oop }
                      ;*invokevirtual equals {reexecute=0 rethrow=0 return_oop=0}
                      ; - java.util.HashMap::getNode@63
                      ; - java.util.HashMap::get@2
                      ; - java.util.jar.Manifest::getAttributes@5
                      ; - java.util.jar.Manifest::getTrustedAttributes@2
                      ; - java.util.jar.JavaUtilJarAccessImpl::getTrustedAttributes@2
                      ; - java.net.URLClassLoader::isSealed@18
                      ; - java.net.URLClassLoader::getAndVerifyPackage@68
                      ; - java.net.URLClassLoader::defineClass@46
                      ; - java.net.URLClassLoader$1::run@43
                      ; - java.net.URLClassLoader$1::run@1
                      ; - java.security.AccessController::executePrivileged@29
                      ; - java.security.AccessController::doPrivileged@13
                      ; - java.net.URLClassLoader::findClass@13
  0x0000026ed1414df4: 88a0 76ff 

  0x0000026ed1414df8: ;   {other}
  0x0000026ed1414df8: 0f1f 8400 | e832 0026 | 85c0 0f84 | 2904 0000 | 4c8b 4c24 | 2848 8b4c | 2430 8b6d | 1485 ed0f 
  0x0000026ed1414e18: 84ad 0000 | 0044 8b55 

  0x0000026ed1414e20: ;   {metadata('java/util/jar/Attributes')}
  0x0000026ed1414e20: 0841 81fa | 4088 1600 | 0f85 c64f | 0000 458b | 5114 4c8b | dd45 85d2 | 7450 4c89 | 5c24 2848 
  0x0000026ed1414e40: 894c 2470 | 4c89 4c24 | 4049 8bd2 | 4c8b c14c | 8b54 2448 | 4c89 5424 | 304c 8b54 | 2478 4c89 
  0x0000026ed1414e60: 5424 3848 | 8b6c 2450 

  0x0000026ed1414e68: ;   {optimized virtual_call}
  0x0000026ed1414e68: c5f8 77e8 

  0x0000026ed1414e6c: ; ImmutableOopMap {rbp=Oop [32]=Oop [40]=Oop [48]=Oop [56]=Oop [64]=Oop [72]=Oop [80]=Oop [88]=Oop [104]=Oop [112]=Oop [120]=Oop [128]=NarrowOop [136]=Oop }
                      ;*invokevirtual isTrustedManifestEntry {reexecute=0 rethrow=0 return_oop=0}
                      ; - java.util.jar.Manifest::getTrustedAttributes@22
                      ; - java.util.jar.JavaUtilJarAccessImpl::getTrustedAttributes@2
                      ; - java.net.URLClassLoader::isSealed@18
                      ; - java.net.URLClassLoader::getAndVerifyPackage@68
                      ; - java.net.URLClassLoader::defineClass@46
                      ; - java.net.URLClassLoader$1::run@43
                      ; - java.net.URLClassLoader$1::run@1
                      ; - java.security.AccessController::executePrivileged@29
                      ; - java.security.AccessController::doPrivileged@13
                      ; - java.net.URLClassLoader::findClass@13
  0x0000026ed1414e6c: 10a0 76ff 

  0x0000026ed1414e70: ;   {other}
  0x0000026ed1414e70: 0f1f 8400 | 6033 0027 | 85c0 0f84 | 4839 0000 | 4c8b 4c24 | 404c 8b5c | 2428 4c89 | 4c24 4049 
  0x0000026ed1414e90: ;   {oop(a 'java/util/jar/Attributes$Name'{0x00000000e09df1b8})}
  0x0000026ed1414e90: 8bd3 49b8 | b8f1 9de0 | 0000 0000 | 488b 6c24 | 484c 8b54 | 2478 4c89 | 5424 3090 

  0x0000026ed1414eac: ;   {optimized virtual_call}
  0x0000026ed1414eac: c5f8 77e8 

  0x0000026ed1414eb0: ; ImmutableOopMap {rbp=Oop [32]=Oop [48]=Oop [64]=Oop [72]=Oop [80]=Oop [88]=Oop [104]=Oop [120]=Oop [128]=NarrowOop [136]=Oop }
                      ;*invokevirtual getValue {reexecute=0 rethrow=0 return_oop=1}
                      ; - java.net.URLClassLoader::isSealed@35
                      ; - java.net.URLClassLoader::getAndVerifyPackage@68
                      ; - java.net.URLClassLoader::defineClass@46
                      ; - java.net.URLClassLoader$1::run@43
                      ; - java.net.URLClassLoader$1::run@1
                      ; - java.security.AccessController::executePrivileged@29
                      ; - java.security.AccessController::doPrivileged@13
                      ; - java.net.URLClassLoader::findClass@13
  0x0000026ed1414eb0: cc9f 76ff 

  0x0000026ed1414eb4: ;   {other}
  0x0000026ed1414eb4: 0f1f 8400 | a433 0028 | 4885 c00f | 8587 3a00 | 004c 8b4c | 2440 458b | 590c 418b | 6b0c 448b 
  0x0000026ed1414ed4: ;   {metadata('java/util/LinkedHashMap')}
  0x0000026ed1414ed4: 5508 4181 | fae8 a10f | 000f 85e1 | 2e00 004c | 8bc5 418b | 5824 85db | 0f84 b2e6 | ffff 448b 
  0x0000026ed1414ef4: 5b0c 4585 | db0f 8659 

  0x0000026ed1414efc: ;   {oop(a 'java/util/jar/Attributes$Name'{0x00000000e09df1b8})}
  0x0000026ed1414efc: 3800 0049 | bab8 f19d | e000 0000 | 0041 8b4a | 0c41 ffcb | 448b d141 | c1ea 1044 | 33d1 4523 
  0x0000026ed1414f1c: da46 8b5c | 9b10 4585 | db0f 8479 | e6ff ff41 | 8b4b 0c41 | 3bca 0f85 | bc03 0000 | 418b 5b10 
  0x0000026ed1414f3c: ;   {oop(a 'java/util/jar/Attributes$Name'{0x00000000e09df1b8})}
  0x0000026ed1414f3c: 498b fb81 | fbb8 f19d | e074 5648 | 897c 2438 | 4489 5c24 | 3444 8954 | 2430 4c89 | 4424 2849 
  0x0000026ed1414f5c: 8be9 4c8b 

  0x0000026ed1414f60: ;   {oop(a 'java/util/jar/Attributes$Name'{0x00000000e09df1b8})}
  0x0000026ed1414f60: c348 bab8 | f19d e000 | 0000 004c | 8b54 2448 | 4c89 5424 | 4066 6690 

  0x0000026ed1414f78: ;   {optimized virtual_call}
  0x0000026ed1414f78: c5f8 77e8 

  0x0000026ed1414f7c: ; ImmutableOopMap {rbp=Oop [32]=Oop [40]=Oop [52]=NarrowOop [56]=Oop [64]=Oop [72]=Oop [80]=Oop [88]=Oop [104]=Oop [120]=Oop [128]=NarrowOop [136]=Oop }
                      ;*invokevirtual equals {reexecute=0 rethrow=0 return_oop=0}
                      ; - java.util.HashMap::getNode@63
                      ; - java.util.LinkedHashMap::get@2
                      ; - java.util.jar.Attributes::get@5
                      ; - java.util.jar.Attributes::getValue@2
                      ; - java.net.URLClassLoader::isSealed@58
                      ; - java.net.URLClassLoader::getAndVerifyPackage@68
                      ; - java.net.URLClassLoader::defineClass@46
                      ; - java.net.URLClassLoader$1::run@43
                      ; - java.net.URLClassLoader$1::run@1
                      ; - java.security.AccessController::executePrivileged@29
                      ; - java.security.AccessController::doPrivileged@13
                      ; - java.net.URLClassLoader::findClass@13
  0x0000026ed1414f7c: 009f 76ff 

  0x0000026ed1414f80: ;   {other}
  0x0000026ed1414f80: 0f1f 8400 | 7034 0029 | 85c0 0f84 | 5203 0000 | 4c8b cd4c | 8b44 2428 | 488b 7c24 | 3841 0fb6 
  0x0000026ed1414fa0: 6830 85ed | 0f85 fa39 | 0000 8b6f | 1485 ed0f | 84ef e5ff | ff44 8b5d 

  0x0000026ed1414fb8: ;   {metadata('java/lang/String')}
  0x0000026ed1414fb8: 0841 81fb | 78e8 0000 | 0f85 da4d | 0000 488b 

  0x0000026ed1414fc8: ;   {oop("true"{0x00000000e0830ed8})}
  0x0000026ed1414fc8: fd48 bad8 | 0e83 e000 | 0000 0048 | 3bfa 745f | 448b 5f14 

  0x0000026ed1414fdc: ; implicit exception: dispatches to 0x0000026ed141a760
  0x0000026ed1414fdc: 458b 530c | 440f be47 | 10c4 423a | f7d2 4183 | fa04 0f85 | b0e5 ffff | 498b e9b9 | 0400 0000 
  0x0000026ed1414ffc: 41b8 0100 | 0000 4533 | c933 f64c | 8b54 2448 | 4c89 5424 | 284c 8b54 | 2478 4c89 | 5424 3890 
  0x0000026ed141501c: ;   {optimized virtual_call}
  0x0000026ed141501c: c5f8 77e8 

  0x0000026ed1415020: ; ImmutableOopMap {rbp=Oop [32]=Oop [40]=Oop [56]=Oop [72]=Oop [80]=Oop [88]=Oop [104]=Oop [120]=Oop [128]=NarrowOop [136]=Oop }
                      ;*invokevirtual regionMatches {reexecute=0 rethrow=0 return_oop=0}
                      ; - java.lang.String::equalsIgnoreCase@33
                      ; - java.net.URLClassLoader::isSealed@68
                      ; - java.net.URLClassLoader::getAndVerifyPackage@68
                      ; - java.net.URLClassLoader::defineClass@46
                      ; - java.net.URLClassLoader$1::run@43
                      ; - java.net.URLClassLoader$1::run@1
                      ; - java.security.AccessController::executePrivileged@29
                      ; - java.security.AccessController::doPrivileged@13
                      ; - java.net.URLClassLoader::findClass@13
  0x0000026ed1415020: 5c9e 76ff 

  0x0000026ed1415024: ;   {other}
  0x0000026ed1415024: 0f1f 8400 | 1435 002a | 85c0 0f84 | 70e5 ffff | 4c8b cdba | 45ff ffff | 488b 6c24 | 484c 8b54 
  0x0000026ed1415044: 2450 4c89 | 5424 204c | 8b54 2458 | 4c89 5424 | 404c 8b54 | 2478 4c89 | 5424 504c | 8b54 2460 
  0x0000026ed1415064: 4c89 5424 | 584c 8b94 | 2488 0000 | 004c 894c | 2470 4c89 | 5424 7890 

  0x0000026ed141507c: ;   {runtime_call UncommonTrapBlob}
  0x0000026ed141507c: c5f8 77e8 

  0x0000026ed1415080: ; ImmutableOopMap {rbp=Oop [32]=Oop [64]=Oop [80]=Oop [112]=Oop [120]=Oop [128]=NarrowOop [136]=Oop }
                      ;*ifeq {reexecute=1 rethrow=0 return_oop=0}
                      ; - (reexecute) java.net.URLClassLoader::getAndVerifyPackage@71
                      ; - java.net.URLClassLoader::defineClass@46
                      ; - java.net.URLClassLoader$1::run@43
                      ; - java.net.URLClassLoader$1::run@1
                      ; - java.security.AccessController::executePrivileged@29
                      ; - java.security.AccessController::doPrivileged@13
                      ; - java.net.URLClassLoader::findClass@13
  0x0000026ed1415080: 7c2a 77ff 

  0x0000026ed1415084: ;   {other}
  0x0000026ed1415084: 0f1f 8400 | 7435 002b | 498b 87b8 | 0100 004c | 8bd0 4983 | c218 4d3b | 97c8 0100 | 000f 83e0 
  0x0000026ed14150a4: 2200 004d | 8997 b801 | 0000 410f | 0d8a c000 | 0000 48c7 | 0001 0000 

  0x0000026ed14150bc: ;   {metadata('java/lang/String')}
  0x0000026ed14150bc: 00c7 4008 | 78e8 0000 | 4489 600c | 4489 6010 

  0x0000026ed14150cc: ;   {oop([B{0x00000000e088f0b0})}
  0x0000026ed14150cc: c740 14b0 

  0x0000026ed14150d0: ;   {oop(".class"{0x00000000e088f098})}
  0x0000026ed14150d0: f088 e049 | ba98 f088 | e000 0000 | 0045 0fb6 | 5a11 4488 | 5811 458b | 520c 4489 | 500c 4889 
  0x0000026ed14150f0: 4424 60e9 | d1d8 ffff | 8d3c 1b85 | ff0f 8c13 | 3700 0043 | 8d34 1285 | f60f 8c07 | 3700 0041 
  0x0000026ed1415110: 8bd2 4d8b | d144 8d0c | 3741 3be9 | 0f82 ee36 | 0000 498d | 7c3b 1048 | 8bf0 8bca | f7c2 f0ff 
  0x0000026ed1415130: ffff 0f84 | 8400 0000 | f7c2 00f0 | ffff 0f84 | 5400 0000 | 83e1 1f83 | e2e0 741f | 488d 3416 
  0x0000026ed1415150: 488d 3c57 | 48f7 da62 | f27d 4830 | 0416 62f1 | ff48 7f04 | 5748 83c2 | 2075 ecf7 | c1ff ffff 
  0x0000026ed1415170: ff0f 84b2 | 0000 00ba | ffff ffff | c4e2 71f7 | d2f7 d2c5 | fb92 fa62 | f27d cf30 | 0662 f1ff 
  0x0000026ed1415190: 4f7f 07e9 | 9100 0000 | 83e1 0f83 | e2f0 741c | 488d 3416 | 488d 3c57 | 48f7 dac4 | e27d 3004 
  0x0000026ed14151b0: 16c5 fe7f | 0457 4883 | c210 75ef | 8bd1 83e1 | 0783 e2f8 | 7427 c4e2 | 7930 06c5 | fa7f 0748 
  0x0000026ed14151d0: ;   {no_reloc}
  0x0000026ed14151d0: 83c6 0848 | 83c7 10e9 | 1100 0000 | c4e2 7930 | 0416 c5fa | 7f04 5748 | 83c2 0875 | ef8b d183 
  0x0000026ed14151f0: fa04 7c19 | c5f9 6e06 | c4e2 7930 | c0c5 f9d6 | 0748 83ea | 0448 83c6 | 0448 83c7 | 0885 d274 
  0x0000026ed1415210: 1848 8d34 | 1648 8d3c | 5748 f7da | 0fb6 0c16 | 6689 0c57 | 48ff c275 | f34d 8bca | e938 d7ff 
  0x0000026ed1415230: ff4c 8b4c | 2428 488b | 4c24 3044 | 8b5c 2438 | 8b5c 243c | 448b 5318 | 4585 d20f | 8479 fcff 
  0x0000026ed1415250: ff44 8b43 

  0x0000026ed1415254: ;   {metadata('java/util/HashMap$TreeNode')}
  0x0000026ed1415254: 0841 81f8 | 2001 1a00 | 0f84 1e39 | 0000 498b | ea8b 5d0c | 413b db74 | 1b44 8b55 | 1849 8b97 
  0x0000026ed1415274: ; ImmutableOopMap {r10=NarrowOop r9=Oop rcx=Oop [32]=Oop [72]=Oop [80]=Oop [88]=Oop [104]=Oop [120]=Oop [128]=NarrowOop [136]=Oop }
                      ;*ifnonnull {reexecute=1 rethrow=0 return_oop=0}
                      ; - (reexecute) java.util.HashMap::getNode@145
                      ; - java.util.HashMap::get@2
                      ; - java.util.jar.Manifest::getAttributes@5
                      ; - java.util.jar.Manifest::getTrustedAttributes@2
                      ; - java.util.jar.JavaUtilJarAccessImpl::getTrustedAttributes@2
                      ; - java.net.URLClassLoader::isSealed@18
                      ; - java.net.URLClassLoader::getAndVerifyPackage@68
                      ; - java.net.URLClassLoader::defineClass@46
                      ; - java.net.URLClassLoader$1::run@43
                      ; - java.net.URLClassLoader$1::run@1
                      ; - java.security.AccessController::executePrivileged@29
                      ; - java.security.AccessController::doPrivileged@13
                      ; - java.net.URLClassLoader::findClass@13
  0x0000026ed1415274: 5804 0000 

  0x0000026ed1415278: ;   {poll}
  0x0000026ed1415278: 8502 4585 | d20f 8447 | fcff ff49 | 8bea ebdd | 448b 4510 | 4c3b c10f | 847d fbff | ff44 899c 
  0x0000026ed1415298: 2484 0000 | 0048 898c | 2490 0000 | 004c 894c | 2470 488b | d14c 8b54 | 2448 4c89 | 5424 2890 
  0x0000026ed14152b8: ;   {optimized virtual_call}
  0x0000026ed14152b8: c5f8 77e8 

  0x0000026ed14152bc: ; ImmutableOopMap {rbp=Oop [32]=Oop [40]=Oop [72]=Oop [80]=Oop [88]=Oop [104]=Oop [112]=Oop [120]=Oop [128]=NarrowOop [136]=Oop [144]=Oop }
                      ;*invokevirtual equals {reexecute=0 rethrow=0 return_oop=0}
                      ; - java.util.HashMap::getNode@128
                      ; - java.util.HashMap::get@2
                      ; - java.util.jar.Manifest::getAttributes@5
                      ; - java.util.jar.Manifest::getTrustedAttributes@2
                      ; - java.util.jar.JavaUtilJarAccessImpl::getTrustedAttributes@2
                      ; - java.net.URLClassLoader::isSealed@18
                      ; - java.net.URLClassLoader::getAndVerifyPackage@68
                      ; - java.net.URLClassLoader::defineClass@46
                      ; - java.net.URLClassLoader$1::run@43
                      ; - java.net.URLClassLoader$1::run@1
                      ; - java.security.AccessController::executePrivileged@29
                      ; - java.security.AccessController::doPrivileged@13
                      ; - java.net.URLClassLoader::findClass@13
  0x0000026ed14152bc: c09b 76ff 

  0x0000026ed14152c0: ;   {other}
  0x0000026ed14152c0: 0f1f 8400 | b037 002d | 85c0 0f84 | 7443 0000 | 4c8b 4c24 | 7048 8b8c | 2490 0000 | 00e9 30fb 
  0x0000026ed14152e0: ffff 4c8b | cd4c 8b44 | 2428 448b | 5424 3044 | 8b5c 2434 | 418b 5b18 | 85db 0f84 | a4e2 ffff 
  0x0000026ed1415300: 418b 7b08 

  0x0000026ed1415304: ;   {metadata('java/util/HashMap$TreeNode')}
  0x0000026ed1415304: 81ff 2001 | 1a00 0f84 | f438 0000 | 488b fb8b | 4f0c 413b | ca74 198b | 4f18 498b | 9f58 0400 
  0x0000026ed1415324: ; ImmutableOopMap {r8=Oop r9=Oop rcx=NarrowOop [32]=Oop [72]=Oop [80]=Oop [88]=Oop [104]=Oop [120]=Oop [128]=NarrowOop [136]=Oop }
                      ;*ifnonnull {reexecute=1 rethrow=0 return_oop=0}
                      ; - (reexecute) java.util.HashMap::getNode@145
                      ; - java.util.LinkedHashMap::get@2
                      ; - java.util.jar.Attributes::get@5
                      ; - java.util.jar.Attributes::getValue@2
                      ; - java.net.URLClassLoader::isSealed@58
                      ; - java.net.URLClassLoader::getAndVerifyPackage@68
                      ; - java.net.URLClassLoader::defineClass@46
                      ; - java.net.URLClassLoader$1::run@43
                      ; - java.net.URLClassLoader$1::run@1
                      ; - java.security.AccessController::executePrivileged@29
                      ; - java.security.AccessController::doPrivileged@13
                      ; - java.net.URLClassLoader::findClass@13
                      ;   {poll}
  0x0000026ed1415324: 0085 0385 | c90f 8475 | e2ff ff48 | 8bf9 ebdf | 448b 5f10 

  0x0000026ed1415338: ;   {oop(a 'java/util/jar/Attributes$Name'{0x00000000e09df1b8})}
  0x0000026ed1415338: 4181 fbb8 | f19d e00f | 8458 fcff | ff48 89bc | 2490 0000 | 0044 8994 | 2484 0000 | 004c 8944 
  0x0000026ed1415358: 2470 4c89 | 4c24 404d 

  0x0000026ed1415360: ;   {oop(a 'java/util/jar/Attributes$Name'{0x00000000e09df1b8})}
  0x0000026ed1415360: 8bc3 48ba | b8f1 9de0 | 0000 0000 | 488b 6c24 | 4866 6690 

  0x0000026ed1415374: ;   {optimized virtual_call}
  0x0000026ed1415374: c5f8 77e8 

  0x0000026ed1415378: ; ImmutableOopMap {rbp=Oop [32]=Oop [64]=Oop [72]=Oop [80]=Oop [88]=Oop [104]=Oop [112]=Oop [120]=Oop [128]=NarrowOop [136]=Oop [144]=Oop }
                      ;*invokevirtual equals {reexecute=0 rethrow=0 return_oop=0}
                      ; - java.util.HashMap::getNode@128
                      ; - java.util.LinkedHashMap::get@2
                      ; - java.util.jar.Attributes::get@5
                      ; - java.util.jar.Attributes::getValue@2
                      ; - java.net.URLClassLoader::isSealed@58
                      ; - java.net.URLClassLoader::getAndVerifyPackage@68
                      ; - java.net.URLClassLoader::defineClass@46
                      ; - java.net.URLClassLoader$1::run@43
                      ; - java.net.URLClassLoader$1::run@1
                      ; - java.security.AccessController::executePrivileged@29
                      ; - java.security.AccessController::doPrivileged@13
                      ; - java.net.URLClassLoader::findClass@13
  0x0000026ed1415378: 049b 76ff 

  0x0000026ed141537c: ;   {other}
  0x0000026ed141537c: 0f1f 8400 | 6c38 002f | 85c0 0f84 | 0c43 0000 | 4c8b 4c24 | 404c 8b44 | 2470 488b | bc24 9000 
  0x0000026ed141539c: 0000 e9fa | fbff ff49 | 8bd2 4c8b | 5424 484c | 8954 2420 | 4c8b 5424 | 784c 8954 | 2438 8bac 
  0x0000026ed14153bc: 2480 0000 | 0066 6690 

  0x0000026ed14153c4: ;   {optimized virtual_call}
  0x0000026ed14153c4: c5f8 77e8 

  0x0000026ed14153c8: ; ImmutableOopMap {rbp=NarrowOop [32]=Oop [52]=NarrowOop [56]=Oop [72]=Oop [80]=Oop [88]=Oop [104]=Oop [120]=Oop [128]=NarrowOop [136]=Oop }
                      ;*invokevirtual getManEntry {reexecute=0 rethrow=0 return_oop=1}
                      ; - java.util.jar.JarFile::getManifestFromReference@27
                      ; - java.util.jar.JarFile::getManifest@1
                      ; - jdk.internal.loader.URLClassPath$JarLoader$2::getManifest@22
                      ; - java.net.URLClassLoader::defineClass@34
                      ; - java.net.URLClassLoader$1::run@43
                      ; - java.net.URLClassLoader$1::run@1
                      ; - java.security.AccessController::executePrivileged@29
                      ; - java.security.AccessController::doPrivileged@13
                      ; - java.net.URLClassLoader::findClass@13
  0x0000026ed14153c8: b499 4ff8 

  0x0000026ed14153cc: ;   {other}
  0x0000026ed14153cc: 0f1f 8400 | bc38 0030 | 4889 4424 | 4048 85c0 | 0f84 7d0f | 0000 4c8b | 5424 6845 | 0fb6 5212 
  0x0000026ed14153ec: 4585 d20f | 8518 0b00 | 0048 8b54 | 2468 4c8b | c048 8b6c | 2420 4c8b | 5424 384c | 8954 2428 
  0x0000026ed141540c: ;   {optimized virtual_call}
  0x0000026ed141540c: c5f8 77e8 

  0x0000026ed1415410: ; ImmutableOopMap {rbp=Oop [40]=Oop [52]=NarrowOop [72]=Oop [80]=Oop [88]=Oop [104]=Oop [120]=Oop [128]=NarrowOop [136]=Oop }
                      ;*invokespecial getInputStream {reexecute=0 rethrow=0 return_oop=1}
                      ; - java.util.jar.JarFile::getManifestFromReference@130
                      ; - java.util.jar.JarFile::getManifest@1
                      ; - jdk.internal.loader.URLClassPath$JarLoader$2::getManifest@22
                      ; - java.net.URLClassLoader::defineClass@34
                      ; - java.net.URLClassLoader$1::run@43
                      ; - java.net.URLClassLoader$1::run@1
                      ; - java.security.AccessController::executePrivileged@29
                      ; - java.security.AccessController::doPrivileged@13
                      ; - java.net.URLClassLoader::findClass@13
  0x0000026ed1415410: ac59 43f8 

  0x0000026ed1415414: ;   {other}
  0x0000026ed1415414: 0f1f 8400 | 0439 0031 | 4889 4424 | 4049 8b87 | b801 0000 | 4c8b d049 | 83c2 184d | 3b97 c801 
  0x0000026ed1415434: 0000 0f83 | fc1f 0000 | 4d89 97b8 | 0100 0041 | 0f0d 8ac0 | 0000 0048 | c700 0100 | 0000 4c8b 
  0x0000026ed1415454: d049 83c2 

  0x0000026ed1415458: ;   {metadata('java/util/jar/Manifest')}
  0x0000026ed1415458: 10c7 4008 | a0e1 0400 | 4489 600c | c5fd efc0 | c4c1 79d6 | 024c 8bd0 | 4c89 5424 | 704c 8b54 
  0x0000026ed1415478: 2468 458b | 5214 4489 | 5424 2049 | 8baf b801 | 0000 4c8b | d549 83c2 | 104d 3b97 | c801 0000 
  0x0000026ed1415498: 0f83 bb1f | 0000 4d89 | 97b8 0100 | 0041 0f0d | 8ac0 0000 | 0048 c745 | 0001 0000 

  0x0000026ed14154b4: ;   {metadata('java/util/jar/Attributes')}
  0x0000026ed14154b4: 00c7 4508 | 4088 1600 | 4489 650c | ba10 0000 | 004c 8b54 | 2448 4c89 | 5424 2890 

  0x0000026ed14154d0: ;   {static_call}
  0x0000026ed14154d0: c5f8 77e8 

  0x0000026ed14154d4: ; ImmutableOopMap {rbp=Oop [32]=NarrowOop [40]=Oop [52]=NarrowOop [64]=Oop [72]=Oop [80]=Oop [88]=Oop [104]=Oop [112]=Oop [120]=Oop [128]=NarrowOop [136]=Oop }
                      ;*invokestatic newLinkedHashMap {reexecute=0 rethrow=0 return_oop=1}
                      ; - java.util.jar.Attributes::<init>@6
                      ; - java.util.jar.Attributes::<init>@3
                      ; - java.util.jar.Manifest::<init>@9
                      ; - java.util.jar.Manifest::<init>@4
                      ; - java.util.jar.JarFile::getManifestFromReference@143
                      ; - java.util.jar.JarFile::getManifest@1
                      ; - jdk.internal.loader.URLClassPath$JarLoader$2::getManifest@22
                      ; - java.net.URLClassLoader::defineClass@34
                      ; - java.net.URLClassLoader$1::run@43
                      ; - java.net.URLClassLoader$1::run@1
                      ; - java.security.AccessController::executePrivileged@29
                      ; - java.security.AccessController::doPrivileged@13
                      ; - java.net.URLClassLoader::findClass@13
  0x0000026ed14154d4: 0e67 0000 

  0x0000026ed14154d8: ;   {other}
  0x0000026ed14154d8: 0f1f 8400 | c839 0032 | 488b d841 | 807f 4000 | 0f85 ef1c | 0000 4c8b | db44 895d | 0c4c 8bd3 
  0x0000026ed14154f8: 4c8b dd4d | 33d3 488b | fd49 c1ea | 1444 8b44 | 2420 4c89 | 4424 284d | 85d2 741f | 4885 db74 
  0x0000026ed1415518: 1a49 c1eb | 0948 b900 | 000b d96e | 0200 0049 | 03cb 8039 | 020f 85ef | 1d00 0041 | 807f 4000 
  0x0000026ed1415538: 0f85 671c | 0000 4c8b | 5424 7041 | 897a 0c4c | 8bd5 4c8b | 5c24 704d | 33d3 49c1 | ea14 4d85 
  0x0000026ed1415558: d274 1a49 | c1eb 0948 | b900 000b | d96e 0200 | 0049 03cb | 8039 020f | 855c 1d00 | 004d 8b97 
  0x0000026ed1415578: b801 0000 | 4d8b da49 | 83c3 304d | 3b9f c801 | 0000 0f83 | f01e 0000 | 4d89 9fb8 | 0100 0041 
  0x0000026ed1415598: 0f0d 8bc0 | 0000 0049 | c702 0100 | 0000 4d8b | da49 83c3 

  0x0000026ed14155ac: ;   {metadata('java/util/HashMap')}
  0x0000026ed14155ac: 2841 c742 | 0868 a908 | 004d 8bc2 | 4983 c010 | 4589 620c | c5f5 efc9 | 62d1 fe08 | 7f08 c5fd 
  0x0000026ed14155cc: efc0 c4c1 | 79d6 0349 | c742 2000 | 0040 3f49 | 8bda 4180 | 7f40 000f | 8527 1c00 | 004c 8bd3 
  0x0000026ed14155ec: 4c8b 5c24 | 7045 8953 | 104d 8bd3 | 4c8b db4d | 33da 49c1 | eb14 4d85 | db74 1a49 | c1ea 0948 
  0x0000026ed141560c: b900 000b | d96e 0200 | 0049 03ca | 8039 020f | 855f 1c00 | 0048 8b54 | 2470 4c8b | 4424 404c 
  0x0000026ed141562c: 8b4c 2428 | 488b 6c24 | 4866 6690 

  0x0000026ed1415638: ;   {optimized virtual_call}
  0x0000026ed1415638: c5f8 77e8 

  0x0000026ed141563c: ; ImmutableOopMap {rbp=Oop [52]=NarrowOop [64]=Oop [72]=Oop [80]=Oop [88]=Oop [104]=Oop [112]=Oop [120]=Oop [128]=NarrowOop [136]=Oop }
                      ;*invokevirtual read {reexecute=0 rethrow=0 return_oop=0}
                      ; - java.util.jar.Manifest::<init>@29
                      ; - java.util.jar.Manifest::<init>@4
                      ; - java.util.jar.JarFile::getManifestFromReference@143
                      ; - java.util.jar.JarFile::getManifest@1
                      ; - jdk.internal.loader.URLClassPath$JarLoader$2::getManifest@22
                      ; - java.net.URLClassLoader::defineClass@34
                      ; - java.net.URLClassLoader$1::run@43
                      ; - java.net.URLClassLoader$1::run@1
                      ; - java.security.AccessController::executePrivileged@29
                      ; - java.security.AccessController::doPrivileged@13
                      ; - java.net.URLClassLoader::findClass@13
  0x0000026ed141563c: c465 0000 

  0x0000026ed1415640: ;   {other}
  0x0000026ed1415640: 0f1f 8400 | 303b 0033 | 4180 7f40 | 000f 85f5 | 1b00 004c | 8b54 2470 | 4589 6214 | 4c8b 5424 
  0x0000026ed1415660: 4045 8b52 

  0x0000026ed1415664: ;   {metadata('java/util/zip/ZipFile$ZipFileInflaterInputStream')}
  0x0000026ed1415664: 0841 81fa | c0a4 3100 | 0f85 2234 | 0000 488b | 5424 4090 

  0x0000026ed1415678: ;   {optimized virtual_call}
  0x0000026ed1415678: c5f8 77e8 

  0x0000026ed141567c: ; ImmutableOopMap {rbp=Oop [52]=NarrowOop [72]=Oop [80]=Oop [88]=Oop [104]=Oop [112]=Oop [120]=Oop [128]=NarrowOop [136]=Oop }
                      ;*invokevirtual close {reexecute=0 rethrow=0 return_oop=0}
                      ; - java.util.jar.JarFile::getManifestFromReference@152
                      ; - java.util.jar.JarFile::getManifest@1
                      ; - jdk.internal.loader.URLClassPath$JarLoader$2::getManifest@22
                      ; - java.net.URLClassLoader::defineClass@34
                      ; - java.net.URLClassLoader$1::run@43
                      ; - java.net.URLClassLoader$1::run@1
                      ; - java.security.AccessController::executePrivileged@29
                      ; - java.security.AccessController::doPrivileged@13
                      ; - java.net.URLClassLoader::findClass@13
  0x0000026ed141567c: 0048 43f8 

  0x0000026ed1415680: ;   {other}
  0x0000026ed1415680: 0f1f 8400 | 703b 0034 | 488b 6c24 | 704d 8b97 | b801 0000 | 4d8b da49 | 83c3 284d | 3b9f c801 
  0x0000026ed14156a0: 0000 0f83 | 581d 0000 | 4d89 9fb8 | 0100 0041 | 0f0d 8bc0 | 0000 0049 | c702 0100 | 0000 4d8b 
  0x0000026ed14156c0: da49 83c3 

  0x0000026ed14156c4: ;   {metadata('java/lang/ref/SoftReference')}
  0x0000026ed14156c4: 1041 c742 | 0890 df03 | 0045 8962 | 0cc5 fdef | c041 b807 | 0000 00c4 | c178 92f8 | 62d1 fe2f 
  0x0000026ed14156e4: 7f03 498b | fa4c 8bd5 | 4489 570c | 4180 7f40 | 000f 85d2 | 1900 004c 

  0x0000026ed14156fc: ;   {oop(a 'java/lang/ref/ReferenceQueue$Null'{0x00000000e0788328})}
  0x0000026ed14156fc: 8bd7 41c7 | 4210 2883 | 78e0 498b 

  0x0000026ed1415708: ;   {oop(a 'java/lang/ref/ReferenceQueue$Null'{0x00000000e0788328})}
  0x0000026ed1415708: da49 bb28 | 8378 e000 | 0000 004d | 33da 49c1 | eb14 4d85 | db74 1a49 | c1ea 0948 | b900 000b 
  0x0000026ed1415728: d96e 0200 | 0049 03ca | 8039 020f | 851b 1a00 | 00f0 8344 | 24c0 0041 | 807f 4000 | 0f85 4b19 
  0x0000026ed1415748: 0000 4c8b | 5424 6841 

  0x0000026ed1415750: ;   {oop(a 'java/lang/Class'{0x00000000e0746df0} = 'java/lang/ref/SoftReference')}
  0x0000026ed1415750: 895a 2849 | baf0 6d74 | e000 0000 | 004d 8b52 | 704c 8957 | 204c 8bd7 | 4c8b 5c24 | 684d 33d3 
  0x0000026ed1415770: 49c1 ea14 | 4d85 d274 | 1a49 c1eb | 0948 b900 | 000b d96e | 0200 0049 | 03cb 8039 | 020f 8570 
  0x0000026ed1415790: 1900 0048 | 89ac 2490 | 0000 00e9 | 9dda ffff | 8b5c 2444 | d1e3 85db | 0f8c 2633 | 0000 478d 
  0x0000026ed14157b0: 0412 4585 | c00f 8c19 | 3300 0042 | 8d0c 033b | e90f 820d | 3300 004c | 8b84 24a8 | 0000 0049 
  0x0000026ed14157d0: 8d7c 1810 | 498b f341 | 8bd2 8bca | f7c2 f0ff | ffff 0f84 | 8400 0000 | f7c2 00f0 | ffff 0f84 
  0x0000026ed14157f0: 5400 0000 | 83e1 1f83 | e2e0 741f | 488d 3416 | 488d 3c57 | 48f7 da62 | f27d 4830 | 0416 62f1 
  0x0000026ed1415810: ff48 7f04 | 5748 83c2 | 2075 ecf7 | c1ff ffff | ff0f 84b2 | 0000 00ba | ffff ffff | c4e2 71f7 
  0x0000026ed1415830: d2f7 d2c5 | fb92 fa62 | f27d cf30 | 0662 f1ff | 4f7f 07e9 | 9100 0000 | 83e1 0f83 | e2f0 741c 
  0x0000026ed1415850: ;   {no_reloc}
  0x0000026ed1415850: 488d 3416 | 488d 3c57 | 48f7 dac4 | e27d 3004 | 16c5 fe7f | 0457 4883 | c210 75ef | 8bd1 83e1 
  0x0000026ed1415870: 0783 e2f8 | 7427 c4e2 | 7930 06c5 | fa7f 0748 | 83c6 0848 | 83c7 10e9 | 1100 0000 | c4e2 7930 
  0x0000026ed1415890: 0416 c5fa | 7f04 5748 | 83c2 0875 | ef8b d183 | fa04 7c19 | c5f9 6e06 | c4e2 7930 | c0c5 f9d6 
  0x0000026ed14158b0: 0748 83ea | 0448 83c6 | 0448 83c7 | 0885 d274 | 1848 8d34 | 1648 8d3c | 5748 f7da | 0fb6 0c16 
  0x0000026ed14158d0: 6689 0c57 | 48ff c275 | f3e9 95f1 | ffff 49bb | 0000 0bd9 | 6e02 0000 | e954 dcff | ff48 8b54 
  0x0000026ed14158f0: 2438 41b8 | 0100 0000 | 4c8b 5424 | 484c 8954 | 2420 4c8b | 5424 784c | 8954 2468 

  0x0000026ed141590c: ;   {optimized virtual_call}
  0x0000026ed141590c: c5f8 77e8 

  0x0000026ed1415910: ; ImmutableOopMap {rbp=NarrowOop [32]=Oop [52]=NarrowOop [56]=Oop [72]=Oop [80]=Oop [88]=Oop [104]=Oop [120]=Oop [128]=NarrowOop [136]=Oop }
                      ;*invokevirtual getManifestName {reexecute=0 rethrow=0 return_oop=1}
                      ; - java.util.zip.ZipFile$1::getManifestName@2
                      ; - java.util.jar.JarFile::maybeInstantiateVerifier@20
                      ; - java.util.jar.JarFile::ensureInitialization@1
                      ; - java.util.jar.JavaUtilJarAccessImpl::ensureInitialization@1
                      ; - jdk.internal.loader.URLClassPath$JarLoader$2::getManifest@10
                      ; - java.net.URLClassLoader::defineClass@34
                      ; - java.net.URLClassLoader$1::run@43
                      ; - java.net.URLClassLoader$1::run@1
                      ; - java.security.AccessController::executePrivileged@29
                      ; - java.security.AccessController::doPrivileged@13
                      ; - java.net.URLClassLoader::findClass@13
  0x0000026ed1415910: ec87 59f8 

  0x0000026ed1415914: ;   {other}
  0x0000026ed1415914: 0f1f 8400 | 043e 0035 | 4885 c00f | 8564 3400 | 0044 8865 | 1244 3b65 | 300f 84f3 | d7ff ff44 
  0x0000026ed1415934: 0fb6 5511 | e9b3 0a00 | 004c 895c | 2450 896c 

  0x0000026ed1415944: ;   {oop(".class"{0x00000000e088f098})}
  0x0000026ed1415944: 2428 48ba | 98f0 88e0 | 0000 0000 | 4d8b c344 | 8b4c 2440 | bf01 0000 | 0048 8b6c | 2458 6690 
  0x0000026ed1415964: ;   {optimized virtual_call}
  0x0000026ed1415964: c5f8 77e8 

  0x0000026ed1415968: ; ImmutableOopMap {rbp=Oop [48]=Oop [56]=Oop [72]=Oop [80]=Oop [88]=Oop }
                      ;*invokevirtual getBytes {reexecute=0 rethrow=0 return_oop=0}
                      ; - java.lang.StringConcatHelper::prepend@32
                      ; - java.lang.StringConcatHelper::simpleConcat@71
                      ; - java.lang.String::concat@11
                      ; - java.net.URLClassLoader$1::run@13
                      ; - java.net.URLClassLoader$1::run@1
                      ; - java.security.AccessController::executePrivileged@29
                      ; - java.security.AccessController::doPrivileged@13
                      ; - java.net.URLClassLoader::findClass@13
  0x0000026ed1415968: 1495 76ff 

  0x0000026ed141596c: ;   {other}
  0x0000026ed141596c: 0f1f 8400 | 5c3e 0036 | 4c8b 4c24 | 208b 6c24 | 284c 8b5c | 2450 e954 | cfff ff89 | 5c24 384c 
  0x0000026ed141598c: 895c 2428 | 4c89 4c24 | 204d 8bc3 | 448b cbbf | 0100 0000 | 488b 6c24 | 5866 6690 

  0x0000026ed14159a8: ;   {optimized virtual_call}
  0x0000026ed14159a8: c5f8 77e8 

  0x0000026ed14159ac: ; ImmutableOopMap {rbp=Oop [40]=Oop [48]=Oop [72]=Oop [88]=Oop }
                      ;*invokevirtual getBytes {reexecute=0 rethrow=0 return_oop=0}
                      ; - java.lang.StringConcatHelper::prepend@32
                      ; - java.lang.StringConcatHelper::simpleConcat@81
                      ; - java.lang.String::concat@11
                      ; - java.net.URLClassLoader$1::run@13
                      ; - java.net.URLClassLoader$1::run@1
                      ; - java.security.AccessController::executePrivileged@29
                      ; - java.security.AccessController::doPrivileged@13
                      ; - java.net.URLClassLoader::findClass@13
  0x0000026ed14159ac: d094 76ff 

  0x0000026ed14159b0: ;   {other}
  0x0000026ed14159b0: 0f1f 8400 | a03e 0037 | 4c8b 4c24 | 204c 8b5c | 2428 8b5c | 2438 e99e | cfff ff4c | 8947 20e9 
  0x0000026ed14159d0: 51d8 ffff | 8bcd e929 | d6ff ff45 | 33c0 e979 | cdff ff48 | 897c 2428 | 4489 4424 | 404c 896c 
  0x0000026ed14159f0: 2468 498b | ea44 8954 | 2444 488b | d741 b801 | 0000 004c | 8b54 2448 | 4c89 5424 | 3066 6690 
  0x0000026ed1415a10: ;   {optimized virtual_call}
  0x0000026ed1415a10: c5f8 77e8 

  0x0000026ed1415a14: ; ImmutableOopMap {rbp=Oop [32]=Oop [40]=Oop [48]=Oop [64]=NarrowOop [68]=NarrowOop [72]=Oop [80]=Oop [88]=Oop [104]=Oop [128]=NarrowOop }
                      ;*invokevirtual getManifestName {reexecute=0 rethrow=0 return_oop=1}
                      ; - java.util.zip.ZipFile$1::getManifestName@2
                      ; - java.util.jar.JarFile::maybeInstantiateVerifier@20
                      ; - java.util.jar.JarFile::getInputStream@9
                      ; - jdk.internal.loader.URLClassPath$JarLoader$2::getInputStream@11
                      ; - jdk.internal.loader.Resource::cachedInputStream@9
                      ; - jdk.internal.loader.Resource::getByteBuffer@1
                      ; - java.net.URLClassLoader::defineClass@132
                      ; - java.net.URLClassLoader$1::run@43
                      ; - java.net.URLClassLoader$1::run@1
                      ; - java.security.AccessController::executePrivileged@29
                      ; - java.security.AccessController::doPrivileged@13
                      ; - java.net.URLClassLoader::findClass@13
  0x0000026ed1415a14: 6894 76ff 

  0x0000026ed1415a18: ;   {other}
  0x0000026ed1415a18: 0f1f 8400 | 083f 0038 | 4885 c00f | 85b3 3a00 | 0044 8b44 | 2440 4588 | 6012 418b | 6830 85ed 
  0x0000026ed1415a38: 0f85 2924 | 0000 4c8b | 6c24 6844 | 8b54 2444 | 488b 7c24 | 28e9 76dc | ffff 33ed | e933 d2ff 
  0x0000026ed1415a58: ;   {oop("/"{0x00000000e0768a00})}
  0x0000026ed1415a58: ff48 ba00 | 8a76 e000 | 0000 004c | 8bc0 448b | 4c24 44bf | 0100 0000 | 4c8b 5424 | 484c 8954 
  0x0000026ed1415a78: 2438 6690 

  0x0000026ed1415a7c: ;   {optimized virtual_call}
  0x0000026ed1415a7c: c5f8 77e8 

  0x0000026ed1415a80: ; ImmutableOopMap {[32]=Oop [48]=Oop [56]=Oop [72]=Oop [80]=Oop [88]=Oop [104]=Oop [112]=NarrowOop [120]=Oop [128]=NarrowOop [136]=Oop [144]=Oop [152]=Oop [168]=Oop }
                      ;*invokevirtual getBytes {reexecute=0 rethrow=0 return_oop=0}
                      ; - java.lang.StringConcatHelper::prepend@32
                      ; - java.lang.StringConcatHelper::simpleConcat@71
                      ; - java.lang.String::concat@11
                      ; - java.net.URLClassLoader::isSealed@15
                      ; - java.net.URLClassLoader::getAndVerifyPackage@68
                      ; - java.net.URLClassLoader::defineClass@46
                      ; - java.net.URLClassLoader$1::run@43
                      ; - java.net.URLClassLoader$1::run@1
                      ; - java.security.AccessController::executePrivileged@29
                      ; - java.security.AccessController::doPrivileged@13
                      ; - java.net.URLClassLoader::findClass@13
  0x0000026ed1415a80: fc93 76ff 

  0x0000026ed1415a84: ;   {other}
  0x0000026ed1415a84: 0f1f 8400 | 743f 0039 | 4c8b 9424 | 9800 0000 | 458b 5214 | 4489 5424 | 4045 85d2 | 0f84 f439 
  0x0000026ed1415aa4: 0000 4c8b | 9424 9800 | 0000 450f | be5a 1044 | 895c 242c | e9fd eeff | ff48 8b94 | 2498 0000 
  0x0000026ed1415ac4: 004c 8b84 | 24a8 0000 | 0044 8b4c | 2444 bf01 | 0000 0048 | 8b6c 2448 

  0x0000026ed1415adc: ;   {optimized virtual_call}
  0x0000026ed1415adc: c5f8 77e8 

  0x0000026ed1415ae0: ; ImmutableOopMap {rbp=Oop [32]=Oop [48]=Oop [72]=Oop [80]=Oop [88]=Oop [104]=Oop [112]=NarrowOop [120]=Oop [128]=NarrowOop [136]=Oop [144]=Oop [168]=Oop }
                      ;*invokevirtual getBytes {reexecute=0 rethrow=0 return_oop=0}
                      ; - java.lang.StringConcatHelper::prepend@32
                      ; - java.lang.StringConcatHelper::simpleConcat@81
                      ; - java.lang.String::concat@11
                      ; - java.net.URLClassLoader::isSealed@15
                      ; - java.net.URLClassLoader::getAndVerifyPackage@68
                      ; - java.net.URLClassLoader::defineClass@46
                      ; - java.net.URLClassLoader$1::run@43
                      ; - java.net.URLClassLoader$1::run@1
                      ; - java.security.AccessController::executePrivileged@29
                      ; - java.security.AccessController::doPrivileged@13
                      ; - java.net.URLClassLoader::findClass@13
  0x0000026ed1415ae0: 9c93 76ff 

  0x0000026ed1415ae4: ;   {other}
  0x0000026ed1415ae4: 0f1f 8400 | d43f 003a | e982 efff | ff45 33d2 | 498b c2e9 | d4cf ffff | 49ba 0000 | 0000 0100 
  0x0000026ed1415b04: 0000 4d3b | ca0f 84a6 | 0700 0049 | 8b87 b801 | 0000 4c8b | d049 83c2 | 284d 3b97 | c801 0000 
  0x0000026ed1415b24: 0f83 fe1f | 0000 4d89 | 97b8 0100 | 0041 0f0d | 8ac0 0000 | 0048 c700 | 0100 0000 | 4c8b d049 
  0x0000026ed1415b44: ;   {metadata('java/lang/InternalError')}
  0x0000026ed1415b44: 83c2 10c7 | 4008 3807 | 0100 4489 | 600c c5fd | efc0 41b8 | 0700 0000 | c4c1 7892 | f862 d1fe 
  0x0000026ed1415b64: 2f7f 024c | 8bc0 498b | 87b8 0100 | 004c 8bd0 | 4983 c218 | 4d3b 97c8 | 0100 000f | 83db 1f00 
  0x0000026ed1415b84: 004d 8997 | b801 0000 | 410f 0d8a | c000 0000 | 48c7 0001 | 0000 004c | 8bd0 4983 

  0x0000026ed1415ba0: ;   {metadata('java/lang/StringBuilder')}
  0x0000026ed1415ba0: c210 c740 | 0840 8000 | 0044 8960 | 0cc5 fdef | c0c4 c179 | d602 498b | e989 5c24 | 384c 8944 
  0x0000026ed1415bc0: 2420 4c8b | d04c 8954 | 2428 498b | d266 6690 

  0x0000026ed1415bd0: ;   {optimized virtual_call}
  0x0000026ed1415bd0: c5f8 77e8 

  0x0000026ed1415bd4: ; ImmutableOopMap {[32]=Oop [40]=Oop [48]=Oop [72]=Oop [88]=Oop }
                      ;*invokespecial <init> {reexecute=0 rethrow=0 return_oop=0}
                      ; - java.lang.StringConcatHelper::newString@42
                      ; - java.lang.StringConcatHelper::simpleConcat@90
                      ; - java.lang.String::concat@11
                      ; - java.net.URLClassLoader$1::run@13
                      ; - java.net.URLClassLoader$1::run@1
                      ; - java.security.AccessController::executePrivileged@29
                      ; - java.security.AccessController::doPrivileged@13
                      ; - java.net.URLClassLoader::findClass@13
  0x0000026ed1415bd4: a892 76ff 

  0x0000026ed1415bd8: ;   {other}
  0x0000026ed1415bd8: 0f1f 8400 | c840 003b | 488b 5424 

  0x0000026ed1415be4: ;   {oop("Storage is not completely initialized, "{0x00000000e088e288})}
  0x0000026ed1415be4: 2849 b888 | e288 e000 | 0000 0090 

  0x0000026ed1415bf0: ;   {optimized virtual_call}
  0x0000026ed1415bf0: c5f8 77e8 

  0x0000026ed1415bf4: ; ImmutableOopMap {[32]=Oop [48]=Oop [72]=Oop [88]=Oop }
                      ;*invokevirtual append {reexecute=0 rethrow=0 return_oop=1}
                      ; - java.lang.StringConcatHelper::newString@47
                      ; - java.lang.StringConcatHelper::simpleConcat@90
                      ; - java.lang.String::concat@11
                      ; - java.net.URLClassLoader$1::run@13
                      ; - java.net.URLClassLoader$1::run@1
                      ; - java.security.AccessController::executePrivileged@29
                      ; - java.security.AccessController::doPrivileged@13
                      ; - java.net.URLClassLoader::findClass@13
  0x0000026ed1415bf4: 8892 76ff 

  0x0000026ed1415bf8: ;   {other}
  0x0000026ed1415bf8: 0f1f 8400 | e840 003c | 4885 c00f | 8423 3900 | 0048 8bd0 | 448b 4424 | 3848 8b6c | 2448 6690 
  0x0000026ed1415c18: ;   {optimized virtual_call}
  0x0000026ed1415c18: c5f8 77e8 

  0x0000026ed1415c1c: ; ImmutableOopMap {rbp=Oop [32]=Oop [48]=Oop [72]=Oop [88]=Oop }
                      ;*invokevirtual append {reexecute=0 rethrow=0 return_oop=1}
                      ; - java.lang.StringConcatHelper::newString@52
                      ; - java.lang.StringConcatHelper::simpleConcat@90
                      ; - java.lang.String::concat@11
                      ; - java.net.URLClassLoader$1::run@13
                      ; - java.net.URLClassLoader$1::run@1
                      ; - java.security.AccessController::executePrivileged@29
                      ; - java.security.AccessController::doPrivileged@13
                      ; - java.net.URLClassLoader::findClass@13
  0x0000026ed1415c1c: 6092 76ff 

  0x0000026ed1415c20: ;   {other}
  0x0000026ed1415c20: 0f1f 8400 | 1041 003d | 4885 c00f | 841f 3900 | 0048 8bd0 

  0x0000026ed1415c34: ;   {oop(" bytes left"{0x00000000e088e250})}
  0x0000026ed1415c34: 49b8 50e2 | 88e0 0000 | 0000 6690 

  0x0000026ed1415c40: ;   {optimized virtual_call}
  0x0000026ed1415c40: c5f8 77e8 

  0x0000026ed1415c44: ; ImmutableOopMap {rbp=Oop [32]=Oop [48]=Oop [72]=Oop [88]=Oop }
                      ;*invokevirtual append {reexecute=0 rethrow=0 return_oop=1}
                      ; - java.lang.StringConcatHelper::newString@57
                      ; - java.lang.StringConcatHelper::simpleConcat@90
                      ; - java.lang.String::concat@11
                      ; - java.net.URLClassLoader$1::run@13
                      ; - java.net.URLClassLoader$1::run@1
                      ; - java.security.AccessController::executePrivileged@29
                      ; - java.security.AccessController::doPrivileged@13
                      ; - java.net.URLClassLoader::findClass@13
  0x0000026ed1415c44: 3892 76ff 

  0x0000026ed1415c48: ;   {other}
  0x0000026ed1415c48: 0f1f 8400 | 3841 003e | 4885 c00f | 8417 3900 | 0048 8bd0 

  0x0000026ed1415c5c: ;   {optimized virtual_call}
  0x0000026ed1415c5c: c5f8 77e8 

  0x0000026ed1415c60: ; ImmutableOopMap {rbp=Oop [32]=Oop [48]=Oop [72]=Oop [88]=Oop }
                      ;*invokevirtual toString {reexecute=0 rethrow=0 return_oop=1}
                      ; - java.lang.StringConcatHelper::newString@60
                      ; - java.lang.StringConcatHelper::simpleConcat@90
                      ; - java.lang.String::concat@11
                      ; - java.net.URLClassLoader$1::run@13
                      ; - java.net.URLClassLoader$1::run@1
                      ; - java.security.AccessController::executePrivileged@29
                      ; - java.security.AccessController::doPrivileged@13
                      ; - java.net.URLClassLoader::findClass@13
  0x0000026ed1415c60: 1c92 76ff 

  0x0000026ed1415c64: ;   {other}
  0x0000026ed1415c64: 0f1f 8400 | 5441 003f | 488b 6c24 | 3048 8b54 | 2420 4c8b | c04c 8b54 | 2448 4c89 | 5424 2890 
  0x0000026ed1415c84: ;   {optimized virtual_call}
  0x0000026ed1415c84: c5f8 77e8 

  0x0000026ed1415c88: ; ImmutableOopMap {rbp=Oop [32]=Oop [40]=Oop [72]=Oop [88]=Oop }
                      ;*invokespecial <init> {reexecute=0 rethrow=0 return_oop=0}
                      ; - java.lang.StringConcatHelper::newString@63
                      ; - java.lang.StringConcatHelper::simpleConcat@90
                      ; - java.lang.String::concat@11
                      ; - java.net.URLClassLoader$1::run@13
                      ; - java.net.URLClassLoader$1::run@1
                      ; - java.security.AccessController::executePrivileged@29
                      ; - java.security.AccessController::doPrivileged@13
                      ; - java.net.URLClassLoader::findClass@13
  0x0000026ed1415c88: f491 76ff 

  0x0000026ed1415c8c: ;   {other}
  0x0000026ed1415c8c: 0f1f 8400 | 7c41 0040 | 488b 5424 | 20e9 bde2 | ffff 458b | d3e9 74d3 | ffff 49ba | 0000 0000 
  0x0000026ed1415cac: 0100 0000 | 4d0b ca45 | 8bc1 e901 | cbff ff33 | dbe9 19d8 | ffff 4d8b | da49 ba00 | 0000 0001 
  0x0000026ed1415ccc: 0000 004d | 3bda 0f84 | a606 0000 | 498b 87b8 | 0100 004c | 8bd0 4983 | c228 4d3b | 97c8 0100 
  0x0000026ed1415cec: 000f 83ca | 2900 004d | 8997 b801 | 0000 4c8b | d849 83c3 | 1048 c700 | 0100 0000 | 410f 0d8a 
  0x0000026ed1415d0c: c000 0000 

  0x0000026ed1415d10: ;   {metadata('java/lang/InternalError')}
  0x0000026ed1415d10: c740 0838 | 0701 0044 | 8960 0cc5 | fdef c041 | b807 0000 | 00c4 c178 | 92f8 62d1 | fe2f 7f03 
  0x0000026ed1415d30: 4c8b d849 | 8b87 b801 | 0000 4c8b | d049 83c2 | 184d 3b97 | c801 0000 | 0f83 3a29 | 0000 4c89 
  0x0000026ed1415d50: 5c24 204d | 8997 b801 | 0000 410f | 0d8a c000 | 0000 48c7 | 0001 0000 | 004c 8bd0 | 4983 c210 
  0x0000026ed1415d70: ;   {metadata('java/lang/StringBuilder')}
  0x0000026ed1415d70: c740 0840 | 8000 0044 | 8960 0cc5 | fdef c0c4 | c179 d602 | 4c8b d049 | 8bea 498b | d24c 8b54 
  0x0000026ed1415d90: 2448 4c89 | 5424 2890 

  0x0000026ed1415d98: ;   {optimized virtual_call}
  0x0000026ed1415d98: c5f8 77e8 

  0x0000026ed1415d9c: ; ImmutableOopMap {rbp=Oop [32]=Oop [40]=Oop [48]=Oop [72]=Oop [80]=Oop [88]=Oop [104]=Oop [120]=Oop [128]=NarrowOop [136]=Oop [144]=Oop }
                      ;*invokespecial <init> {reexecute=0 rethrow=0 return_oop=0}
                      ; - java.lang.StringConcatHelper::newString@42
                      ; - java.lang.StringConcatHelper::simpleConcat@90
                      ; - java.lang.String::concat@11
                      ; - java.net.URLClassLoader::isSealed@15
                      ; - java.net.URLClassLoader::getAndVerifyPackage@68
                      ; - java.net.URLClassLoader::defineClass@46
                      ; - java.net.URLClassLoader$1::run@43
                      ; - java.net.URLClassLoader$1::run@1
                      ; - java.security.AccessController::executePrivileged@29
                      ; - java.security.AccessController::doPrivileged@13
                      ; - java.net.URLClassLoader::findClass@13
  0x0000026ed1415d9c: e090 76ff 

  0x0000026ed1415da0: ;   {other}
  0x0000026ed1415da0: 0f1f 8400 | 9042 0041 

  0x0000026ed1415da8: ;   {oop("Storage is not completely initialized, "{0x00000000e088e288})}
  0x0000026ed1415da8: 488b d549 | b888 e288 | e000 0000 | 0048 8b6c | 2428 4c8b | 5424 784c | 8954 2470 

  0x0000026ed1415dc4: ;   {optimized virtual_call}
  0x0000026ed1415dc4: c5f8 77e8 

  0x0000026ed1415dc8: ; ImmutableOopMap {rbp=Oop [32]=Oop [48]=Oop [72]=Oop [80]=Oop [88]=Oop [104]=Oop [112]=Oop [120]=Oop [128]=NarrowOop [136]=Oop [144]=Oop }
                      ;*invokevirtual append {reexecute=0 rethrow=0 return_oop=1}
                      ; - java.lang.StringConcatHelper::newString@47
                      ; - java.lang.StringConcatHelper::simpleConcat@90
                      ; - java.lang.String::concat@11
                      ; - java.net.URLClassLoader::isSealed@15
                      ; - java.net.URLClassLoader::getAndVerifyPackage@68
                      ; - java.net.URLClassLoader::defineClass@46
                      ; - java.net.URLClassLoader$1::run@43
                      ; - java.net.URLClassLoader$1::run@1
                      ; - java.security.AccessController::executePrivileged@29
                      ; - java.security.AccessController::doPrivileged@13
                      ; - java.net.URLClassLoader::findClass@13
  0x0000026ed1415dc8: b490 76ff 

  0x0000026ed1415dcc: ;   {other}
  0x0000026ed1415dcc: 0f1f 8400 | bc42 0042 | 4885 c00f | 84b3 3700 | 0048 8bd0 | 448b 4424 | 4466 6690 

  0x0000026ed1415de8: ;   {optimized virtual_call}
  0x0000026ed1415de8: c5f8 77e8 

  0x0000026ed1415dec: ; ImmutableOopMap {rbp=Oop [32]=Oop [48]=Oop [72]=Oop [80]=Oop [88]=Oop [104]=Oop [112]=Oop [120]=Oop [128]=NarrowOop [136]=Oop [144]=Oop }
                      ;*invokevirtual append {reexecute=0 rethrow=0 return_oop=1}
                      ; - java.lang.StringConcatHelper::newString@52
                      ; - java.lang.StringConcatHelper::simpleConcat@90
                      ; - java.lang.String::concat@11
                      ; - java.net.URLClassLoader::isSealed@15
                      ; - java.net.URLClassLoader::getAndVerifyPackage@68
                      ; - java.net.URLClassLoader::defineClass@46
                      ; - java.net.URLClassLoader$1::run@43
                      ; - java.net.URLClassLoader$1::run@1
                      ; - java.security.AccessController::executePrivileged@29
                      ; - java.security.AccessController::doPrivileged@13
                      ; - java.net.URLClassLoader::findClass@13
  0x0000026ed1415dec: 9090 76ff 

  0x0000026ed1415df0: ;   {other}
  0x0000026ed1415df0: 0f1f 8400 | e042 0043 | 4885 c00f | 84c3 3700 | 0048 8bd0 

  0x0000026ed1415e04: ;   {oop(" bytes left"{0x00000000e088e250})}
  0x0000026ed1415e04: 49b8 50e2 | 88e0 0000 | 0000 6690 

  0x0000026ed1415e10: ;   {optimized virtual_call}
  0x0000026ed1415e10: c5f8 77e8 

  0x0000026ed1415e14: ; ImmutableOopMap {rbp=Oop [32]=Oop [48]=Oop [72]=Oop [80]=Oop [88]=Oop [104]=Oop [112]=Oop [120]=Oop [128]=NarrowOop [136]=Oop [144]=Oop }
                      ;*invokevirtual append {reexecute=0 rethrow=0 return_oop=1}
                      ; - java.lang.StringConcatHelper::newString@57
                      ; - java.lang.StringConcatHelper::simpleConcat@90
                      ; - java.lang.String::concat@11
                      ; - java.net.URLClassLoader::isSealed@15
                      ; - java.net.URLClassLoader::getAndVerifyPackage@68
                      ; - java.net.URLClassLoader::defineClass@46
                      ; - java.net.URLClassLoader$1::run@43
                      ; - java.net.URLClassLoader$1::run@1
                      ; - java.security.AccessController::executePrivileged@29
                      ; - java.security.AccessController::doPrivileged@13
                      ; - java.net.URLClassLoader::findClass@13
  0x0000026ed1415e14: 6890 76ff 

  0x0000026ed1415e18: ;   {other}
  0x0000026ed1415e18: 0f1f 8400 | 0843 0044 | 4885 c00f | 84db 3700 | 0048 8bd0 

  0x0000026ed1415e2c: ;   {optimized virtual_call}
  0x0000026ed1415e2c: c5f8 77e8 

  0x0000026ed1415e30: ; ImmutableOopMap {rbp=Oop [32]=Oop [48]=Oop [72]=Oop [80]=Oop [88]=Oop [104]=Oop [112]=Oop [120]=Oop [128]=NarrowOop [136]=Oop [144]=Oop }
                      ;*invokevirtual toString {reexecute=0 rethrow=0 return_oop=1}
                      ; - java.lang.StringConcatHelper::newString@60
                      ; - java.lang.StringConcatHelper::simpleConcat@90
                      ; - java.lang.String::concat@11
                      ; - java.net.URLClassLoader::isSealed@15
                      ; - java.net.URLClassLoader::getAndVerifyPackage@68
                      ; - java.net.URLClassLoader::defineClass@46
                      ; - java.net.URLClassLoader$1::run@43
                      ; - java.net.URLClassLoader$1::run@1
                      ; - java.security.AccessController::executePrivileged@29
                      ; - java.security.AccessController::doPrivileged@13
                      ; - java.net.URLClassLoader::findClass@13
  0x0000026ed1415e30: 4c90 76ff 

  0x0000026ed1415e34: ;   {other}
  0x0000026ed1415e34: 0f1f 8400 | 2443 0045 | 488b 5424 | 204c 8bc0 

  0x0000026ed1415e44: ;   {optimized virtual_call}
  0x0000026ed1415e44: c5f8 77e8 

  0x0000026ed1415e48: ; ImmutableOopMap {rbp=Oop [32]=Oop [48]=Oop [72]=Oop [80]=Oop [88]=Oop [104]=Oop [112]=Oop [120]=Oop [128]=NarrowOop [136]=Oop [144]=Oop }
                      ;*invokespecial <init> {reexecute=0 rethrow=0 return_oop=0}
                      ; - java.lang.StringConcatHelper::newString@63
                      ; - java.lang.StringConcatHelper::simpleConcat@90
                      ; - java.lang.String::concat@11
                      ; - java.net.URLClassLoader::isSealed@15
                      ; - java.net.URLClassLoader::getAndVerifyPackage@68
                      ; - java.net.URLClassLoader::defineClass@46
                      ; - java.net.URLClassLoader$1::run@43
                      ; - java.net.URLClassLoader$1::run@1
                      ; - java.security.AccessController::executePrivileged@29
                      ; - java.security.AccessController::doPrivileged@13
                      ; - java.net.URLClassLoader::findClass@13
  0x0000026ed1415e48: 3490 76ff 

  0x0000026ed1415e4c: ;   {other}
  0x0000026ed1415e4c: 0f1f 8400 | 3c43 0046 | 488b 6c24 | 5048 8b54 | 2420 4c8b | 5424 484c | 8954 2420 

  0x0000026ed1415e68: ;   {runtime_call _rethrow_Java}
  0x0000026ed1415e68: c5f8 77e8 

  0x0000026ed1415e6c: ; ImmutableOopMap {rbp=Oop [32]=Oop [72]=Oop [88]=Oop [112]=Oop }
                      ;*invokevirtual defineClass {reexecute=0 rethrow=0 return_oop=1}
                      ; - java.net.URLClassLoader$1::run@43
                      ; - java.net.URLClassLoader$1::run@1
                      ; - java.security.AccessController::executePrivileged@29
                      ; - java.security.AccessController::doPrivileged@13
                      ; - java.net.URLClassLoader::findClass@13
  0x0000026ed1415e6c: 9077 84ff 

  0x0000026ed1415e70: ;   {other}
  0x0000026ed1415e70: 0f1f 8400 | 6043 0047 | 33db e90d | e6ff ff4c | 8b9c 24a0 | 0000 0049 | ba00 0000 | 0001 0000 
  0x0000026ed1415e90: 004d 0bda | 4c89 9c24 | a000 0000 | 458b d344 | 8954 2444 | e907 eaff | ff33 f645 | 33db e9f3 
  0x0000026ed1415eb0: eeff ff4c | 899c 24e0 | 0000 0048 | 8b54 2450 | 4c8b 8424 | 8800 0000 | 4533 c933 | ff33 f633 
  0x0000026ed1415ed0: c945 33d2 | 4c89 1424 | 4c89 5424 | 084c 8954 | 2410 4c8b | 5424 484c | 8954 2428 | 4c8b 5424 
  0x0000026ed1415ef0: 784c 8954 | 2438 6690 

  0x0000026ed1415ef8: ;   {optimized virtual_call}
  0x0000026ed1415ef8: c5f8 77e8 

  0x0000026ed1415efc: ; ImmutableOopMap {[32]=Oop [40]=Oop [56]=Oop [72]=Oop [80]=Oop [88]=Oop [120]=Oop [128]=NarrowOop [136]=Oop }
                      ;*invokevirtual definePackage {reexecute=0 rethrow=0 return_oop=1}
                      ; - java.net.URLClassLoader::defineClass@81
                      ; - java.net.URLClassLoader$1::run@43
                      ; - java.net.URLClassLoader$1::run@1
                      ; - java.security.AccessController::executePrivileged@29
                      ; - java.security.AccessController::doPrivileged@13
                      ; - java.net.URLClassLoader::findClass@13
  0x0000026ed1415efc: 808f 76ff 

  0x0000026ed1415f00: ;   {other}
  0x0000026ed1415f00: 0f1f 8400 | f043 0048 | e997 d6ff | ff48 8b54 | 2468 4c8b | c048 8b6c | 2420 4c8b | 5424 384c 
  0x0000026ed1415f20: 8954 2428 

  0x0000026ed1415f24: ;   {optimized virtual_call}
  0x0000026ed1415f24: c5f8 77e8 

  0x0000026ed1415f28: ; ImmutableOopMap {rbp=Oop [40]=Oop [52]=NarrowOop [64]=Oop [72]=Oop [80]=Oop [88]=Oop [104]=Oop [120]=Oop [128]=NarrowOop [136]=Oop }
                      ;*invokevirtual getBytes {reexecute=0 rethrow=0 return_oop=1}
                      ; - java.util.jar.JarFile::getManifestFromReference@44
                      ; - java.util.jar.JarFile::getManifest@1
                      ; - jdk.internal.loader.URLClassPath$JarLoader$2::getManifest@22
                      ; - java.net.URLClassLoader::defineClass@34
                      ; - java.net.URLClassLoader$1::run@43
                      ; - java.net.URLClassLoader$1::run@1
                      ; - java.security.AccessController::executePrivileged@29
                      ; - java.security.AccessController::doPrivileged@13
                      ; - java.net.URLClassLoader::findClass@13
  0x0000026ed1415f28: 548f 76ff 

  0x0000026ed1415f2c: ;   {other}
  0x0000026ed1415f2c: 0f1f 8400 | 1c44 0049 | 4889 4424 | 704c 8b54 | 2468 450f | b65a 114c | 8bc0 4489 | 4424 2045 
  0x0000026ed1415f4c: 85db 0f84 | 4d06 0000 | 498b 87b8 | 0100 004c | 8bd0 4983 | c218 4d3b | 97c8 0100 | 000f 836e 
  0x0000026ed1415f6c: 2900 004d | 8997 b801 | 0000 410f | 0d8a c000 | 0000 48c7 | 0001 0000 | 004c 8bd0 | 4983 c210 
  0x0000026ed1415f8c: ;   {metadata('java/util/jar/Manifest')}
  0x0000026ed1415f8c: c740 08a0 | e104 0044 | 8960 0cc5 | fdef c0c4 | c179 d602 | 4c8b d04c | 8954 2440 | 4c8b 5424 
  0x0000026ed1415fac: 6845 8b52 | 3044 8994 | 2484 0000 | 0049 8b87 | b801 0000 | 4c8b d049 | 83c2 2044 | 8b84 2484 
  0x0000026ed1415fcc: 0000 004d | 8bd8 4c89 | 5c24 284d | 3b97 c801 | 0000 0f83 | d428 0000 | 4d89 97b8 | 0100 0041 
  0x0000026ed1415fec: 0f0d 8ac0 | 0000 0048 | c700 0100 | 0000 4c8b | d049 83c2 

  0x0000026ed1416000: ;   {metadata('java/io/ByteArrayInputStream')}
  0x0000026ed1416000: 10c7 4008 | a023 0500 | 4489 600c | c5fd efc0 | 62d1 fe08 | 7f02 4c8b | d04c 8994 | 2490 0000 
  0x0000026ed1416020: 0044 8b5c | 2420 4589 | 5a18 4c8b | 5424 7045 | 8b52 0c4c | 8b9c 2490 | 0000 0045 | 8953 144c 
  0x0000026ed1416040: 8b54 2468 | 458b 5a14 | 4489 5c24 | 2049 8b87 | b801 0000 | 4c8b d049 | 83c2 104d | 3b97 c801 
  0x0000026ed1416060: 0000 0f83 | 9928 0000 | 4d89 97b8 | 0100 0041 | 0f0d 8ac0 | 0000 0048 | c700 0100 

  0x0000026ed141607c: ;   {metadata('java/util/jar/Attributes')}
  0x0000026ed141607c: 0000 c740 | 0840 8816 | 0044 8960 | 0c48 8be8 | ba10 0000 | 004c 8b54 | 2448 4c89 | 5424 3890 
  0x0000026ed141609c: ;   {static_call}
  0x0000026ed141609c: c5f8 77e8 

  0x0000026ed14160a0: ; ImmutableOopMap {rbp=Oop [32]=NarrowOop [40]=Oop [52]=NarrowOop [56]=Oop [64]=Oop [72]=Oop [80]=Oop [88]=Oop [104]=Oop [120]=Oop [128]=NarrowOop [132]=NarrowOop [136]=Oop [144]=Oop }
                      ;*invokestatic newLinkedHashMap {reexecute=0 rethrow=0 return_oop=1}
                      ; - java.util.jar.Attributes::<init>@6
                      ; - java.util.jar.Attributes::<init>@3
                      ; - java.util.jar.Manifest::<init>@9
                      ; - java.util.jar.JarFile::getManifestFromReference@121
                      ; - java.util.jar.JarFile::getManifest@1
                      ; - jdk.internal.loader.URLClassPath$JarLoader$2::getManifest@22
                      ; - java.net.URLClassLoader::defineClass@34
                      ; - java.net.URLClassLoader$1::run@43
                      ; - java.net.URLClassLoader$1::run@1
                      ; - java.security.AccessController::executePrivileged@29
                      ; - java.security.AccessController::doPrivileged@13
                      ; - java.net.URLClassLoader::findClass@13
  0x0000026ed14160a0: dc97 76ff 

  0x0000026ed14160a4: ;   {other}
  0x0000026ed14160a4: 0f1f 8400 | 9445 004a | 488b d841 | 807f 4000 | 0f85 4e15 | 0000 4c8b | db44 895d | 0c4c 8bd3 
  0x0000026ed14160c4: 4c8b dd4d | 33d3 448b | 4c24 204d | 8bc1 4c89 | 4424 3849 | c1ea 1448 | 8bfd 4d85 | d274 1f48 
  0x0000026ed14160e4: 85db 741a | 49c1 eb09 | 48b9 0000 | 0bd9 6e02 | 0000 4903 | cb80 3902 | 0f85 8316 | 0000 4180 
  0x0000026ed1416104: 7f40 000f | 8566 1500 | 004c 8b54 | 2440 4189 | 7a0c 4c8b | d54c 8b5c | 2440 4d33 | d349 c1ea 
  0x0000026ed1416124: 144d 85d2 | 741a 49c1 | eb09 48b9 | 0000 0bd9 | 6e02 0000 | 4903 cb80 | 3902 0f85 | 9f15 0000 
  0x0000026ed1416144: 4d8b 97b8 | 0100 004d | 8bda 4983 | c330 4d3b | 9fc8 0100 | 000f 83c6 | 2700 004d | 899f b801 
  0x0000026ed1416164: 0000 410f | 0d8b c000 | 0000 49c7 | 0201 0000 | 004d 8bda | 4983 c328 

  0x0000026ed141617c: ;   {metadata('java/util/HashMap')}
  0x0000026ed141617c: 41c7 4208 | 68a9 0800 | 4d8b c249 | 83c0 1045 | 8962 0cc5 | f5ef c962 | d1fe 087f | 08c5 fdef 
  0x0000026ed141619c: c0c4 c179 | d603 49c7 | 4220 0000 | 403f 498b | da41 807f | 4000 0f85 | 8314 0000 | 4c8b d34c 
  0x0000026ed14161bc: 8b5c 2440 | 4589 5310 | 4d8b d34c | 8bdb 4d33 | da49 c1eb | 144d 85db | 741a 49c1 | ea09 48b9 
  0x0000026ed14161dc: 0000 0bd9 | 6e02 0000 | 4903 ca80 | 3902 0f85 | 4415 0000 | 488b 5424 | 404c 8b84 | 2490 0000 
  0x0000026ed14161fc: 004c 8b4c | 2438 488b | 6c24 484c | 8b54 2478 | 4c89 5424 | 7066 6690 

  0x0000026ed1416214: ;   {optimized virtual_call}
  0x0000026ed1416214: c5f8 77e8 

  0x0000026ed1416218: ; ImmutableOopMap {rbp=Oop [40]=Oop [52]=NarrowOop [64]=Oop [72]=Oop [80]=Oop [88]=Oop [104]=Oop [112]=Oop [120]=Oop [128]=NarrowOop [132]=NarrowOop [136]=Oop }
                      ;*invokevirtual read {reexecute=0 rethrow=0 return_oop=0}
                      ; - java.util.jar.Manifest::<init>@29
                      ; - java.util.jar.JarFile::getManifestFromReference@121
                      ; - java.util.jar.JarFile::getManifest@1
                      ; - jdk.internal.loader.URLClassPath$JarLoader$2::getManifest@22
                      ; - java.net.URLClassLoader::defineClass@34
                      ; - java.net.URLClassLoader$1::run@43
                      ; - java.net.URLClassLoader$1::run@1
                      ; - java.security.AccessController::executePrivileged@29
                      ; - java.security.AccessController::doPrivileged@13
                      ; - java.net.URLClassLoader::findClass@13
  0x0000026ed1416218: 648c 76ff 

  0x0000026ed141621c: ;   {other}
  0x0000026ed141621c: 0f1f 8400 | 0c47 004b | 4180 7f40 | 000f 857c | 1400 004c | 8b54 2440 | 448b 9c24 | 8400 0000 
  0x0000026ed141623c: 4589 5a14 | 4c8b 5424 | 284c 8b5c | 2440 4d33 | d349 c1ea | 144d 85d2 | 7427 448b | 8424 8400 
  0x0000026ed141625c: 0000 4585 | c074 1a49 | c1eb 0948 | b900 000b | d96e 0200 | 0049 03cb | 8039 020f | 8559 1500 
  0x0000026ed141627c: 0048 8b6c | 2440 e906 | f4ff ff85 | ed0f 8477 | cfff ff4d | 8b57 2848 | 8bcd 4d85 | d20f 8401 
  0x0000026ed141629c: 1e00 004d | 8b5f 384b | 894c 13f8 | 4983 c2f8 | 4d89 5728 | e951 cfff | ff49 8b87 | b801 0000 
  0x0000026ed14162bc: 4c8b d049 | 83c2 184d | 3b97 c801 | 0000 0f83 | 3827 0000 | 4d89 97b8 | 0100 0041 | 0f0d 8ac0 
  0x0000026ed14162dc: 0000 0048 | c700 0100 

  0x0000026ed14162e4: ;   {metadata('java/lang/String')}
  0x0000026ed14162e4: 0000 c740 | 0878 e800 | 0044 8960 | 0c48 c740 | 1001 0000 | 0089 6814 | e9c3 c6ff | ffbd 0020 
  0x0000026ed1416304: 0000 e98b | d6ff ff4c | 8b6c 2468 | 458b 550c | 4585 d20f | 840f d9ff | ff4d 8b5f | 2849 8bca 
  0x0000026ed1416324: 4d85 db0f | 84cf 1f00 | 004d 8b57 | 384b 894c | 1af8 4983 | c3f8 4d89 | 5f28 e9e9 | d8ff ff83 
  0x0000026ed1416344: fa01 7407 | 33db e978 | d1ff ff85 | d20f 86e5 | 3500 000f | b61f e968 | d1ff ff45 | 33d2 4c89 
  0x0000026ed1416364: 9424 9000 | 0000 e9ce | ceff ff49 | bb00 000b | d96e 0200 | 00e9 c3d1 | ffff 498b | 87b8 0100 
  0x0000026ed1416384: 004c 8bd0 | 4983 c218 | 4d3b 97c8 | 0100 000f | 83e3 2800 | 004d 8997 | b801 0000 | 410f 0d8a 
  0x0000026ed14163a4: c000 0000 | 48c7 0001 

  0x0000026ed14163ac: ;   {metadata('java/lang/String')}
  0x0000026ed14163ac: 0000 00c7 | 4008 78e8 | 0000 4489 | 600c 48c7 | 4010 0100 | 0000 8968 | 14e9 14e7 | ffff 4c8b 
  0x0000026ed14163cc: 9c24 e000 | 0000 e96a | d1ff ff83 | fa01 7407 | 33db e995 | e0ff ff0f | b61f e98d | e0ff ff44 
  0x0000026ed14163ec: 0fb6 5511 | 4585 d20f | 852d cdff | ff4c 8b54 | 2448 4c89 | 5424 204c | 8b54 2478 | 4c89 5424 
  0x0000026ed141640c: 6866 6690 

  0x0000026ed1416410: ;   {static_call}
  0x0000026ed1416410: c5f8 77e8 

  0x0000026ed1416414: ; ImmutableOopMap {rbp=NarrowOop [32]=Oop [52]=NarrowOop [56]=Oop [72]=Oop [80]=Oop [88]=Oop [104]=Oop [120]=Oop [128]=NarrowOop [136]=Oop }
                      ;*invokestatic beginInit {reexecute=0 rethrow=0 return_oop=1}
                      ; - java.util.jar.JarFile::ensureInitialization@31
                      ; - java.util.jar.JavaUtilJarAccessImpl::ensureInitialization@1
                      ; - jdk.internal.loader.URLClassPath$JarLoader$2::getManifest@10
                      ; - java.net.URLClassLoader::defineClass@34
                      ; - java.net.URLClassLoader$1::run@43
                      ; - java.net.URLClassLoader$1::run@1
                      ; - java.security.AccessController::executePrivileged@29
                      ; - java.security.AccessController::doPrivileged@13
                      ; - java.net.URLClassLoader::findClass@13
  0x0000026ed1416414: 6894 76ff 

  0x0000026ed1416418: ;   {other}
  0x0000026ed1416418: 0f1f 8400 | 0849 004c | 4889 4424 | 2048 8b54 | 2438 4c8b | 5424 484c | 8954 2428 

  0x0000026ed1416434: ;   {optimized virtual_call}
  0x0000026ed1416434: c5f8 77e8 

  0x0000026ed1416438: ; ImmutableOopMap {rbp=NarrowOop [32]=Oop [40]=Oop [52]=NarrowOop [56]=Oop [72]=Oop [80]=Oop [88]=Oop [104]=Oop [120]=Oop [128]=NarrowOop [136]=Oop }
                      ;*invokevirtual initializeVerifier {reexecute=0 rethrow=0 return_oop=0}
                      ; - java.util.jar.JarFile::ensureInitialization@36
                      ; - java.util.jar.JavaUtilJarAccessImpl::ensureInitialization@1
                      ; - jdk.internal.loader.URLClassPath$JarLoader$2::getManifest@10
                      ; - java.net.URLClassLoader::defineClass@34
                      ; - java.net.URLClassLoader$1::run@43
                      ; - java.net.URLClassLoader$1::run@1
                      ; - java.security.AccessController::executePrivileged@29
                      ; - java.security.AccessController::doPrivileged@13
                      ; - java.net.URLClassLoader::findClass@13
  0x0000026ed1416438: 448a 76ff 

  0x0000026ed141643c: ;   {other}
  0x0000026ed141643c: 0f1f 8400 | 2c49 004d | c645 1101 | 488b 5424 | 2048 8b6c | 2428 6690 

  0x0000026ed1416454: ;   {static_call}
  0x0000026ed1416454: c5f8 77e8 

  0x0000026ed1416458: ; ImmutableOopMap {rbp=Oop [52]=NarrowOop [56]=Oop [72]=Oop [80]=Oop [88]=Oop [104]=Oop [120]=Oop [128]=NarrowOop [136]=Oop }
                      ;*invokestatic endInit {reexecute=0 rethrow=0 return_oop=0}
                      ; - java.util.jar.JarFile::ensureInitialization@45
                      ; - java.util.jar.JavaUtilJarAccessImpl::ensureInitialization@1
                      ; - jdk.internal.loader.URLClassPath$JarLoader$2::getManifest@10
                      ; - java.net.URLClassLoader::defineClass@34
                      ; - java.net.URLClassLoader$1::run@43
                      ; - java.net.URLClassLoader$1::run@1
                      ; - java.security.AccessController::executePrivileged@29
                      ; - java.security.AccessController::doPrivileged@13
                      ; - java.net.URLClassLoader::findClass@13
  0x0000026ed1416458: 2494 76ff 

  0x0000026ed141645c: ;   {other}
  0x0000026ed141645c: 0f1f 8400 | 4c49 004e | e9bd ccff | ff49 8b87 | b801 0000 | 4c8b d049 | 83c2 184d | 3b97 c801 
  0x0000026ed141647c: 0000 0f83 | e128 0000 | 4d89 97b8 | 0100 0041 | 0f0d 8ac0 | 0000 0048 | c700 0100 

  0x0000026ed1416498: ;   {metadata('java/lang/String')}
  0x0000026ed1416498: 0000 c740 | 0878 e800 | 0044 8960 | 0c44 8960 

  0x0000026ed14164a8: ;   {oop([B{0x00000000e0768a18})}
  0x0000026ed14164a8: 10c7 4014 | 188a 76e0 

  0x0000026ed14164b0: ;   {oop("/"{0x00000000e0768a00})}
  0x0000026ed14164b0: 49ba 008a | 76e0 0000 | 0000 450f | b65a 1144 | 8858 1145 | 8b52 0c44 | 8950 0ce9 | 0ee6 ffff 
  0x0000026ed14164d0: 83fa 0174 | 0733 dbe9 | a3e8 ffff | 85d2 0f86 | 8434 0000 | 0fb6 1fe9 | 93e8 ffff 

  0x0000026ed14164ec: ;   {metadata('jdk/internal/loader/URLClassPath$JarLoader$1')}
  0x0000026ed14164ec: 48ba 402e | 21de 6e02 | 0000 488b | 6c24 684c | 8b54 2470 | 4c89 5424 | 2066 6690 

  0x0000026ed1416508: ;   {runtime_call _new_instance_Java}
  0x0000026ed1416508: c5f8 77e8 

  0x0000026ed141650c: ; ImmutableOopMap {rbp=Oop [32]=Oop [40]=Oop [48]=NarrowOop [52]=NarrowOop [56]=Oop [64]=NarrowOop [72]=Oop [80]=Oop [88]=Oop [96]=Oop }
                      ;*new {reexecute=0 rethrow=0 return_oop=1}
                      ; - jdk.internal.loader.URLClassPath$JarLoader::ensureOpen@7
                      ; - jdk.internal.loader.URLClassPath$JarLoader::getResource@1
                      ; - jdk.internal.loader.URLClassPath::getResource@53
                      ; - java.net.URLClassLoader$1::run@26
                      ; - java.net.URLClassLoader$1::run@1
                      ; - java.security.AccessController::executePrivileged@29
                      ; - java.security.AccessController::doPrivileged@13
                      ; - java.net.URLClassLoader::findClass@13
  0x0000026ed141650c: f010 84ff 

  0x0000026ed1416510: ;   {other}
  0x0000026ed1416510: 0f1f 8400 | 004a 004f | e936 c7ff | ff41 8bea 

  0x0000026ed1416520: ;   {metadata({type array byte})}
  0x0000026ed1416520: 48ba 1823 | 00de 6e02 | 0000 448b | c54c 895c | 2460 6690 

  0x0000026ed1416534: ;   {runtime_call _new_array_Java}
  0x0000026ed1416534: c5f8 77e8 

  0x0000026ed1416538: ; ImmutableOopMap {[48]=Oop [56]=Oop [72]=Oop [88]=Oop }
                      ;*invokevirtual allocateUninitializedArray0 {reexecute=0 rethrow=0 return_oop=1}
                      ; - jdk.internal.misc.Unsafe::allocateUninitializedArray@51
                      ; - java.lang.StringConcatHelper::newArray@33
                      ; - java.lang.StringConcatHelper::simpleConcat@61
                      ; - java.lang.String::concat@11
                      ; - java.net.URLClassLoader$1::run@13
                      ; - java.net.URLClassLoader$1::run@1
                      ; - java.security.AccessController::executePrivileged@29
                      ; - java.security.AccessController::doPrivileged@13
                      ; - java.net.URLClassLoader::findClass@13
  0x0000026ed1416538: c40d 84ff 

  0x0000026ed141653c: ;   {other}
  0x0000026ed141653c: 0f1f 8400 | 2c4a 0050 | e930 c3ff | ff4d 8bd3 

  0x0000026ed141654c: ;   {metadata('java/lang/String')}
  0x0000026ed141654c: 48ba 78e8 | 00de 6e02 | 0000 4c8b | 5c24 484c | 895c 2420 | 4c89 5424 | 3866 6690 

  0x0000026ed1416568: ;   {runtime_call _new_instance_Java}
  0x0000026ed1416568: c5f8 77e8 

  0x0000026ed141656c: ; ImmutableOopMap {rbp=NarrowOop [32]=Oop [48]=Oop [56]=Oop [72]=Oop [88]=Oop }
                      ;*new {reexecute=0 rethrow=0 return_oop=1}
                      ; - java.lang.StringConcatHelper::newString@6
                      ; - java.lang.StringConcatHelper::simpleConcat@90
                      ; - java.lang.String::concat@11
                      ; - java.net.URLClassLoader$1::run@13
                      ; - java.net.URLClassLoader$1::run@1
                      ; - java.security.AccessController::executePrivileged@29
                      ; - java.security.AccessController::doPrivileged@13
                      ; - java.net.URLClassLoader::findClass@13
  0x0000026ed141656c: 9010 84ff 

  0x0000026ed1416570: ;   {other}
  0x0000026ed1416570: 0f1f 8400 | 604a 0051 | e944 c4ff 

  0x0000026ed141657c: ;   {metadata('java/lang/ClassNotFoundException')}
  0x0000026ed141657c: ff48 ba88 | 9306 de6e | 0200 0048 | 8b6c 2448 

  0x0000026ed141658c: ;   {runtime_call _new_instance_Java}
  0x0000026ed141658c: c5f8 77e8 

  0x0000026ed1416590: ; ImmutableOopMap {rbp=Oop [72]=Oop }
                      ;*new {reexecute=0 rethrow=0 return_oop=1}
                      ; - java.net.URLClassLoader::findClass@36
  0x0000026ed1416590: 6c10 84ff 

  0x0000026ed1416594: ;   {other}
  0x0000026ed1416594: 0f1f 8400 | 844a 0052 | e99c d9ff | ff48 8b54 | 2468 6690 

  0x0000026ed14165a8: ;   {optimized virtual_call}
  0x0000026ed14165a8: c5f8 77e8 

  0x0000026ed14165ac: ; ImmutableOopMap {rbp=Oop [32]=NarrowOop [52]=NarrowOop [64]=Oop [72]=Oop [80]=Oop [88]=Oop [104]=Oop [112]=Oop [120]=Oop [128]=NarrowOop [136]=Oop }
                      ;*invokevirtual getManifestNum {reexecute=0 rethrow=0 return_oop=0}
                      ; - java.util.zip.ZipFile$1::getManifestNum@1
                      ; - java.util.jar.JarFile::getManifestFromReference@59
                      ; - java.util.jar.JarFile::getManifest@1
                      ; - jdk.internal.loader.URLClassPath$JarLoader$2::getManifest@22
                      ; - java.net.URLClassLoader::defineClass@34
                      ; - java.net.URLClassLoader$1::run@43
                      ; - java.net.URLClassLoader$1::run@1
                      ; - java.security.AccessController::executePrivileged@29
                      ; - java.security.AccessController::doPrivileged@13
                      ; - java.net.URLClassLoader::findClass@13
  0x0000026ed14165ac: d088 76ff 

  0x0000026ed14165b0: ;   {other}
  0x0000026ed14165b0: 0f1f 8400 | a04a 0053 | 83f8 010f | 8593 f9ff | ff49 8b87 | b801 0000 | 4c8b d049 | 83c2 404d 
  0x0000026ed14165d0: 3b97 c801 | 0000 0f83 | 0431 0000 | 4d89 97b8 | 0100 0041 | 0f0d 8ac0 | 0000 0048 | c700 0100 
  0x0000026ed14165f0: 0000 4c8b | d049 83c2 

  0x0000026ed14165f8: ;   {metadata('java/util/jar/JarVerifier')}
  0x0000026ed14165f8: 10c7 4008 | 789e 1600 | 4489 600c | c5fd efc0 | 62d1 fe28 | 7f02 62d1 | fe08 7f42 | 024c 8bd0 
  0x0000026ed1416618: 4c89 9424 | 9000 0000 | 4c8b 5424 | 4045 8b5a 

  0x0000026ed1416628: ;   {metadata('java/util/jar/JarFile$JarFileEntry')}
  0x0000026ed1416628: 0841 81fb | d032 3100 | 0f85 b633 | 0000 4c8b | 9c24 9000 | 0000 41c6 | 430e 0145 | 8b52 6045 
  0x0000026ed1416648: 8953 3041 | c643 0d01 | 4d8b da4c | 8b84 2490 | 0000 004d | 33d8 49c1 | eb14 4d85 | db74 1f45 
  0x0000026ed1416668: 85d2 741a | 49c1 e809 | 48b9 0000 | 0bd9 6e02 | 0000 4903 | c880 3902 | 0f85 c32d | 0000 4180 
  0x0000026ed1416688: 7f40 000f | 8543 2700 | 004c 8b94 | 2490 0000 | 0044 8b44 | 2420 4589 | 422c 4c8b | 5424 704c 
  0x0000026ed14166a8: 8b9c 2490 | 0000 004d | 33d3 49c1 | ea14 4d85 | d274 244c | 8b54 2470 | 4d85 d274 | 1a49 c1eb 
  0x0000026ed14166c8: 0948 b900 | 000b d96e | 0200 0049 | 03cb 8039 | 020f 8519 | 2d00 0049 | 8b87 b801 | 0000 4c8b 
  0x0000026ed14166e8: d049 83c2 | 304d 3b97 | c801 0000 | 0f83 0730 | 0000 4d89 | 97b8 0100 | 0041 0f0d | 8ac0 0000 
  0x0000026ed1416708: 0048 c700 | 0100 0000 | 4c8b d049 

  0x0000026ed1416714: ;   {metadata('java/util/Hashtable')}
  0x0000026ed1416714: 83c2 10c7 | 4008 b8d3 | 0000 4489 | 600c c5fd | efc0 62d1 | fe28 7f02 

  0x0000026ed141672c: ;   {section_word}
  0x0000026ed141672c: 488b e8c5 | fa10 0589 | bfff ff4c | 8b54 2448 | 4c89 5424 | 2866 6690 

  0x0000026ed1416744: ;   {static_call}
  0x0000026ed1416744: c5f8 77e8 

  0x0000026ed1416748: ; ImmutableOopMap {rbp=Oop [32]=NarrowOop [40]=Oop [52]=NarrowOop [72]=Oop [80]=Oop [88]=Oop [104]=Oop [112]=Oop [120]=Oop [128]=NarrowOop [136]=Oop [144]=Oop }
                      ;*invokestatic isNaN {reexecute=0 rethrow=0 return_oop=0}
                      ; - java.util.Hashtable::<init>@47
                      ; - java.util.Hashtable::<init>@5
                      ; - java.util.jar.JarVerifier::<init>@39
                      ; - java.util.jar.JarFile::getManifestFromReference@78
                      ; - java.util.jar.JarFile::getManifest@1
                      ; - jdk.internal.loader.URLClassPath$JarLoader$2::getManifest@22
                      ; - java.net.URLClassLoader::defineClass@34
                      ; - java.net.URLClassLoader$1::run@43
                      ; - java.net.URLClassLoader$1::run@1
                      ; - java.security.AccessController::executePrivileged@29
                      ; - java.security.AccessController::doPrivileged@13
                      ; - java.net.URLClassLoader::findClass@13
  0x0000026ed1416748: 3491 76ff 

  0x0000026ed141674c: ;   {other}
  0x0000026ed141674c: 0f1f 8400 | 3c4c 0054 | 85c0 0f85 | e032 0000 | c745 1400 | 0040 3f4d | 8b97 b801 | 0000 4d8b 
  0x0000026ed141676c: da49 83c3 | 404d 3b9f | c801 0000 | 0f83 a32f | 0000 4d89 | 9fb8 0100 | 0041 0f0d | 8bc0 0000 
  0x0000026ed141678c: 0049 c702 | 0100 0000 | 410f 0d8b | 0001 0000 

  0x0000026ed141679c: ;   {metadata('java/util/Hashtable$Entry'[])}
  0x0000026ed141679c: 41c7 4208 | a87f 1300 | 410f 0d8b | 4001 0000 | 41c7 420c | 0b00 0000 | 410f 0d8b | 8001 0000 
  0x0000026ed14167bc: 4d8b da49 | 83c3 10c5 | fdef c062 | d1fe 287f | 0362 d1fe | 087f 4302 | 498b da41 | 807f 4000 
  0x0000026ed14167dc: 0f85 6826 | 0000 4c8b | d344 8955 | 1c4c 8bd3 | 4c8b dd4d | 33d3 488b | fd49 c1ea | 144d 85d2 
  0x0000026ed14167fc: 741a 49c1 | eb09 48b9 | 0000 0bd9 | 6e02 0000 | 4903 cb80 | 3902 0f85 | b628 0000 | 4180 7f40 
  0x0000026ed141681c: 000f 85ec | 2500 004c | 8b94 2490 | 0000 0041 | 897a 14c7 | 4510 0800 | 0000 4c8b | d54c 8b9c 
  0x0000026ed141683c: 2490 0000 | 004d 33d3 | 49c1 ea14 | 4d85 d274 | 1a49 c1eb | 0948 b900 | 000b d96e | 0200 0049 
  0x0000026ed141685c: 03cb 8039 | 020f 8516 | 2800 0049 | 8b87 b801 | 0000 4c8b | d049 83c2 | 304d 3b97 | c801 0000 
  0x0000026ed141687c: 0f83 ca2e | 0000 4d89 | 97b8 0100 | 0041 0f0d | 8ac0 0000 | 0048 c700 | 0100 0000 

  0x0000026ed1416898: ;   {no_reloc}
  0x0000026ed1416898: 4c8b d049 

  0x0000026ed141689c: ;   {metadata('java/util/Hashtable')}
  0x0000026ed141689c: 83c2 10c7 | 4008 b8d3 | 0000 4489 | 600c c5fd | efc0 62d1 | fe28 7f02 

  0x0000026ed14168b4: ;   {section_word}
  0x0000026ed14168b4: 488b e8c5 | fa10 0501 | beff ff4c | 8b54 2448 | 4c89 5424 | 2866 6690 

  0x0000026ed14168cc: ;   {static_call}
  0x0000026ed14168cc: c5f8 77e8 

  0x0000026ed14168d0: ; ImmutableOopMap {rbp=Oop [32]=NarrowOop [40]=Oop [52]=NarrowOop [72]=Oop [80]=Oop [88]=Oop [104]=Oop [112]=Oop [120]=Oop [128]=NarrowOop [136]=Oop [144]=Oop }
                      ;*invokestatic isNaN {reexecute=0 rethrow=0 return_oop=0}
                      ; - java.util.Hashtable::<init>@47
                      ; - java.util.Hashtable::<init>@5
                      ; - java.util.jar.JarVerifier::<init>@50
                      ; - java.util.jar.JarFile::getManifestFromReference@78
                      ; - java.util.jar.JarFile::getManifest@1
                      ; - jdk.internal.loader.URLClassPath$JarLoader$2::getManifest@22
                      ; - java.net.URLClassLoader::defineClass@34
                      ; - java.net.URLClassLoader$1::run@43
                      ; - java.net.URLClassLoader$1::run@1
                      ; - java.security.AccessController::executePrivileged@29
                      ; - java.security.AccessController::doPrivileged@13
                      ; - java.net.URLClassLoader::findClass@13
  0x0000026ed14168d0: ac8f 76ff 

  0x0000026ed14168d4: ;   {other}
  0x0000026ed14168d4: 0f1f 8400 | c44d 0055 | 85c0 0f85 | b431 0000 | c745 1400 | 0040 3f4d | 8b97 b801 | 0000 4d8b 
  0x0000026ed14168f4: da49 83c3 | 404d 3b9f | c801 0000 | 0f83 6b2e | 0000 4d89 | 9fb8 0100 | 0041 0f0d | 8bc0 0000 
  0x0000026ed1416914: 0049 c702 | 0100 0000 | 410f 0d8b | 0001 0000 

  0x0000026ed1416924: ;   {metadata('java/util/Hashtable$Entry'[])}
  0x0000026ed1416924: 41c7 4208 | a87f 1300 | 410f 0d8b | 4001 0000 | 41c7 420c | 0b00 0000 | 410f 0d8b | 8001 0000 
  0x0000026ed1416944: 4d8b da49 | 83c3 10c5 | fdef c062 | d1fe 287f | 0362 d1fe | 087f 4302 | 498b da41 | 807f 4000 
  0x0000026ed1416964: 0f85 4e25 | 0000 4c8b | d34d 8bda | 4489 5d1c | 4c8b dd4d | 33d3 488b | dd49 c1ea | 144d 85d2 
  0x0000026ed1416984: 741a 49c1 | eb09 48b9 | 0000 0bd9 | 6e02 0000 | 4903 cb80 | 3902 0f85 | d027 0000 | 4180 7f40 
  0x0000026ed14169a4: 000f 85d2 | 2400 004c | 8b94 2490 | 0000 0041 | 895a 10c7 | 4510 0800 | 0000 4c8b | d54c 8b9c 
  0x0000026ed14169c4: 2490 0000 | 004d 33d3 | 49c1 ea14 | 4d85 d274 | 1a49 c1eb | 0948 b900 | 000b d96e | 0200 0049 
  0x0000026ed14169e4: 03cb 8039 | 020f 8530 | 2700 0049 | 8b87 b801 | 0000 4c8b | d049 83c2 | 304d 3b97 | c801 0000 
  0x0000026ed1416a04: 0f83 922d | 0000 4d89 | 97b8 0100 | 0041 0f0d | 8ac0 0000 | 0048 c700 | 0100 0000 

  0x0000026ed1416a20: ;   {no_reloc}
  0x0000026ed1416a20: 4c8b d049 

  0x0000026ed1416a24: ;   {metadata('java/util/Hashtable')}
  0x0000026ed1416a24: 83c2 10c7 | 4008 b8d3 | 0000 4489 | 600c c5fd | efc0 62d1 | fe28 7f02 

  0x0000026ed1416a3c: ;   {section_word}
  0x0000026ed1416a3c: 488b e8c5 | fa10 0579 | bcff ff4c | 8b54 2448 | 4c89 5424 | 2866 6690 

  0x0000026ed1416a54: ;   {static_call}
  0x0000026ed1416a54: c5f8 77e8 

  0x0000026ed1416a58: ; ImmutableOopMap {rbp=Oop [32]=NarrowOop [40]=Oop [52]=NarrowOop [72]=Oop [80]=Oop [88]=Oop [104]=Oop [112]=Oop [120]=Oop [128]=NarrowOop [136]=Oop [144]=Oop }
                      ;*invokestatic isNaN {reexecute=0 rethrow=0 return_oop=0}
                      ; - java.util.Hashtable::<init>@47
                      ; - java.util.Hashtable::<init>@4
                      ; - java.util.jar.JarVerifier::<init>@63
                      ; - java.util.jar.JarFile::getManifestFromReference@78
                      ; - java.util.jar.JarFile::getManifest@1
                      ; - jdk.internal.loader.URLClassPath$JarLoader$2::getManifest@22
                      ; - java.net.URLClassLoader::defineClass@34
                      ; - java.net.URLClassLoader$1::run@43
                      ; - java.net.URLClassLoader$1::run@1
                      ; - java.security.AccessController::executePrivileged@29
                      ; - java.security.AccessController::doPrivileged@13
                      ; - java.net.URLClassLoader::findClass@13
  0x0000026ed1416a58: 248e 76ff 

  0x0000026ed1416a5c: ;   {other}
  0x0000026ed1416a5c: 0f1f 8400 | 4c4f 0056 | 85c0 0f85 | 8830 0000 | c745 1400 | 0040 3f4d | 8b97 b801 | 0000 4d8b 
  0x0000026ed1416a7c: da49 83c3 | 404d 3b9f | c801 0000 | 0f83 032e | 0000 4d89 | 9fb8 0100 | 0041 0f0d | 8bc0 0000 
  0x0000026ed1416a9c: 0049 c702 | 0100 0000 | 410f 0d8b | 0001 0000 

  0x0000026ed1416aac: ;   {metadata('java/util/Hashtable$Entry'[])}
  0x0000026ed1416aac: 41c7 4208 | a87f 1300 | 410f 0d8b | 4001 0000 | 41c7 420c | 0b00 0000 | 410f 0d8b | 8001 0000 
  0x0000026ed1416acc: 4d8b da49 | 83c3 10c5 | fdef c062 | d1fe 287f | 0362 d1fe | 087f 4302 | 498b da41 | 807f 4000 
  0x0000026ed1416aec: 0f85 5825 | 0000 4c8b | d344 8955 | 1c4c 8b94 | 2490 0000 | 0044 8954 | 2430 488b | fd4c 8bd5 
  0x0000026ed1416b0c: 4c8b db4d | 33da 49c1 | eb14 4d85 | db74 1a49 | c1ea 0948 | b900 000b | d96e 0200 | 0049 03ca 
  0x0000026ed1416b2c: 8039 020f | 8572 2800 | 0041 807f | 4000 0f85 | cf24 0000 | 4c8b 9424 | 9000 0000 | 4189 7a18 
  0x0000026ed1416b4c: c745 1008 | 0000 004c | 8bd5 4c8b | 9c24 9000 | 0000 4d33 | d349 c1ea | 144d 85d2 | 741a 49c1 
  0x0000026ed1416b6c: eb09 48b9 | 0000 0bd9 | 6e02 0000 | 4903 cb80 | 3902 0f85 | 3027 0000 | 4d8b 97b8 | 0100 004d 
  0x0000026ed1416b8c: 8bda 4983 | c318 4d3b | 9fc8 0100 | 000f 8322 | 2c00 004d | 899f b801 | 0000 410f 

  0x0000026ed1416ba8: ;   {no_reloc}
  0x0000026ed1416ba8: 0d8b c000 | 0000 49c7 | 0201 0000 

  0x0000026ed1416bb4: ;   {metadata('java/util/ArrayList')}
  0x0000026ed1416bb4: 0041 c742 | 08d0 890b | 0045 8962 | 0c45 8962 

  0x0000026ed1416bc4: ;   {oop(a 'java/lang/Object'[0] {0x00000000e07be238})}
  0x0000026ed1416bc4: 1041 c742 | 1438 e27b | e049 8bda | 4180 7f40 | 000f 85f9 | 2300 004c | 8bd3 4d8b | da4c 8b94 
  0x0000026ed1416be4: 2490 0000 | 0045 895a | 1c4c 8bdb | 4d33 da49 | c1eb 144d | 85db 741a | 49c1 ea09 | 48b9 0000 
  0x0000026ed1416c04: 0bd9 6e02 | 0000 4903 | ca80 3902 | 0f85 4d26 | 0000 4d8b | 97b8 0100 | 004d 8bda | 4983 c318 
  0x0000026ed1416c24: 4d3b 9fc8 | 0100 000f | 83b7 2b00 | 004d 899f | b801 0000 | 410f 0d8b | c000 0000 | 49c7 0201 
  0x0000026ed1416c44: 0000 004d | 8bda 4983 

  0x0000026ed1416c4c: ;   {metadata('java/io/ByteArrayOutputStream')}
  0x0000026ed1416c4c: c310 41c7 | 4208 a000 | 2200 4589 | 620c c5fd | efc0 c4c1 | 79d6 0349 | 8bea 498b | 87b8 0100 
  0x0000026ed1416c6c: 004c 8bd0 | 4983 c230 | 4d3b 97c8 | 0100 000f | 83df 2b00 | 004d 8997 | b801 0000 | 410f 0d8a 
  0x0000026ed1416c8c: c000 0000 | 48c7 0001 | 0000 0041 | 0f0d 8a00 

  0x0000026ed1416c9c: ;   {metadata({type array byte})}
  0x0000026ed1416c9c: 0100 00c7 | 4008 1823 | 0000 410f | 0d8a 4001 | 0000 c740 | 0c20 0000 | 0041 0f0d | 8a80 0100 
  0x0000026ed1416cbc: 004c 8bd0 | 4983 c210 | c5fd efc0 | 62d1 fe28 | 7f02 4c8b | d549 8bda | 4c8b d845 | 895a 104c 
  0x0000026ed1416cdc: 8bd0 4c8b | dd4d 33d3 | 49c1 ea14 | 4d85 d274 | 1a49 c1eb | 0948 b900 | 000b d96e | 0200 0049 
  0x0000026ed1416cfc: 03cb 8039 | 020f 85ba | 2400 0041 | 807f 4000 | 0f85 d921 | 0000 4c8b | 9424 9000 | 0000 4189 
  0x0000026ed1416d1c: 5a24 4c8b | d54c 8b9c | 2490 0000 | 004d 33d3 | 49c1 ea14 | 4d85 d274 | 1a49 c1eb | 0948 b900 
  0x0000026ed1416d3c: 000b d96e | 0200 0049 | 03cb 8039 | 020f 85c3 | 2400 004d | 8b97 b801 | 0000 4d8b | da49 83c3 
  0x0000026ed1416d5c: 184d 3b9f | c801 0000 | 0f83 a62a | 0000 4d89 | 9fb8 0100 | 0041 0f0d | 8bc0 0000 | 0049 c702 
  0x0000026ed1416d7c: 0100 0000 

  0x0000026ed1416d80: ;   {metadata('java/util/ArrayList')}
  0x0000026ed1416d80: 41c7 4208 | d089 0b00 | 4589 620c | 4589 6210 

  0x0000026ed1416d90: ;   {oop(a 'java/lang/Object'[0] {0x00000000e07be238})}
  0x0000026ed1416d90: 41c7 4214 | 38e2 7be0 | 498b da41 | 807f 4000 | 0f85 f321 | 0000 4c8b | d34d 8bda | 4c8b 9424 
  0x0000026ed1416db0: 9000 0000 | 4589 5a34 | 4c8b db4d | 33da 49c1 | eb14 4d85 | db74 1a49 | c1ea 0948 | b900 000b 
  0x0000026ed1416dd0: d96e 0200 | 0049 03ca | 8039 020f | 8575 2500 | 004d 8b97 | b801 0000 | 4d8b da49 | 83c3 304d 
  0x0000026ed1416df0: 3b9f c801 | 0000 0f83 | 3c2a 0000 | 4d89 9fb8 | 0100 0041 | 0f0d 8bc0 | 0000 0049 | c702 0100 
  0x0000026ed1416e10: 0000 4d8b | da49 83c3 

  0x0000026ed1416e18: ;   {metadata('java/util/HashMap')}
  0x0000026ed1416e18: 2841 c742 | 0868 a908 | 004d 8bc2 | 4983 c010 | 4589 620c | c5f5 efc9 | 62d1 fe08 | 7f08 c5fd 
  0x0000026ed1416e38: efc0 c4c1 | 79d6 0349 | c742 2000 | 0040 3f49 | 8bda 4180 | 7f40 000f | 85d1 2000 | 004c 8bd3 
  0x0000026ed1416e58: 4d8b da4c | 8b94 2490 | 0000 0045 | 895a 384c | 8bdb 4d33 | da49 c1eb | 144d 85db | 741a 49c1 
  0x0000026ed1416e78: ea09 48b9 | 0000 0bd9 | 6e02 0000 | 4903 ca80 | 3902 0f85 | 7524 0000 | 4180 7f40 | 000f 85c6 
  0x0000026ed1416e98: 2000 004c | 8b54 2468 | 448b 4424 | 3045 8942 | 304c 8b94 | 2490 0000 | 004c 8b5c | 2468 4d33 
  0x0000026ed1416eb8: d349 c1ea | 144d 85d2 | 0f84 8ef0 | ffff 49c1 | eb09 48b9 | 0000 0bd9 | 6e02 0000 | 4903 cb80 
  0x0000026ed1416ed8: 3902 0f84 | 74f0 ffff | 4d8b 5758 | 4d8b 5f48 | f083 4424 | c000 8039 | 000f 845d | f0ff ff44 
  0x0000026ed1416ef8: 8821 4d85 | db75 2049 | 8bd7 c5f8 | 7749 ba00 | a482 62fc | 7f00 0041 

  0x0000026ed1416f10: ;   {other}
  0x0000026ed1416f10: ffd2 0f1f | 8400 0000 | 0000 e935 | f0ff ff4b | 894c 1af8 | 4983 c3f8 | 4d89 5f48 | e923 f0ff 
  0x0000026ed1416f30: ;   {metadata('java/security/CodeSource')}
  0x0000026ed1416f30: ff48 ba28 | 5c00 de6e | 0200 0048 | 8b6c 2428 

  0x0000026ed1416f40: ;   {runtime_call _new_instance_Java}
  0x0000026ed1416f40: c5f8 77e8 

  0x0000026ed1416f44: ; ImmutableOopMap {rbp=Oop [32]=Oop [64]=Oop [72]=Oop [80]=Oop [88]=Oop [104]=Oop [128]=NarrowOop }
                      ;*new {reexecute=0 rethrow=0 return_oop=1}
                      ; - java.net.URLClassLoader::defineClass@190
                      ; - java.net.URLClassLoader$1::run@43
                      ; - java.net.URLClassLoader$1::run@1
                      ; - java.security.AccessController::executePrivileged@29
                      ; - java.security.AccessController::doPrivileged@13
                      ; - java.net.URLClassLoader::findClass@13
  0x0000026ed1416f44: b806 84ff 

  0x0000026ed1416f48: ;   {other}
  0x0000026ed1416f48: 0f1f 8400 | 3854 0057 | e910 cfff | ff4c 8b94 | 2488 0000 | 0041 c642 | 1101 33db | e972 c5ff 
  0x0000026ed1416f68: ffba deff | ffff 488b | 6c24 4844 | 8b5c 2444 | 4489 5c24 | 2048 8944 | 2428 448b | 5424 4044 
  0x0000026ed1416f88: 8954 2424 

  0x0000026ed1416f8c: ;   {runtime_call UncommonTrapBlob}
  0x0000026ed1416f8c: c5f8 77e8 

  0x0000026ed1416f90: ; ImmutableOopMap {rbp=Oop [36]=NarrowOop [40]=Oop [88]=Oop [96]=Oop [104]=Oop [112]=Oop }
                      ;*invokevirtual getResource {reexecute=0 rethrow=0 return_oop=0}
                      ; - jdk.internal.loader.URLClassPath::getResource@53
                      ; - java.net.URLClassLoader$1::run@26
                      ; - java.net.URLClassLoader$1::run@1
                      ; - java.security.AccessController::executePrivileged@29
                      ; - java.security.AccessController::doPrivileged@13
                      ; - java.net.URLClassLoader::findClass@13
  0x0000026ed1416f90: 6c0b 77ff 

  0x0000026ed1416f94: ;   {other}
  0x0000026ed1416f94: 0f1f 8400 | 8454 0058 | ba66 ffff | ff48 8b6c | 2448 448b | 5c24 4444 | 895c 2420 | 4c8b 5c24 
  0x0000026ed1416fb4: 584c 895c | 2448 448b | 4424 4044 | 8944 2424 | 4489 5424 | 5866 6690 

  0x0000026ed1416fcc: ;   {runtime_call UncommonTrapBlob}
  0x0000026ed1416fcc: c5f8 77e8 

  0x0000026ed1416fd0: ; ImmutableOopMap {rbp=Oop [36]=NarrowOop [56]=Oop [72]=Oop [88]=NarrowOop [96]=Oop [104]=Oop [112]=Oop }
                      ;*invokevirtual getEntry {reexecute=0 rethrow=0 return_oop=0}
                      ; - java.util.jar.JarFile::getJarEntry@2
                      ; - jdk.internal.loader.URLClassPath$JarLoader::getResource@22
                      ; - jdk.internal.loader.URLClassPath::getResource@53
                      ; - java.net.URLClassLoader$1::run@26
                      ; - java.net.URLClassLoader$1::run@1
                      ; - java.security.AccessController::executePrivileged@29
                      ; - java.security.AccessController::doPrivileged@13
                      ; - java.net.URLClassLoader::findClass@13
  0x0000026ed1416fd0: 2c0b 77ff 

  0x0000026ed1416fd4: ;   {other}
  0x0000026ed1416fd4: 0f1f 8400 | c454 0059 

  0x0000026ed1416fdc: ;   {metadata({type array byte})}
  0x0000026ed1416fdc: 48ba 1823 | 00de 6e02 | 0000 448b | 4424 7448 | 8b6c 2448 | 4c89 8c24 | c800 0000 

  0x0000026ed1416ff8: ;   {runtime_call _new_array_Java}
  0x0000026ed1416ff8: c5f8 77e8 

  0x0000026ed1416ffc: ; ImmutableOopMap {rbp=Oop [32]=Oop [48]=Oop [64]=NarrowOop [72]=Oop [80]=Oop [88]=Oop [104]=Oop [112]=NarrowOop [120]=Oop [128]=NarrowOop [136]=Oop [144]=Oop [152]=Oop }
                      ;*invokevirtual allocateUninitializedArray0 {reexecute=0 rethrow=0 return_oop=1}
                      ; - jdk.internal.misc.Unsafe::allocateUninitializedArray@51
                      ; - java.lang.StringConcatHelper::newArray@33
                      ; - java.lang.StringConcatHelper::simpleConcat@61
                      ; - java.lang.String::concat@11
                      ; - java.net.URLClassLoader::isSealed@15
                      ; - java.net.URLClassLoader::getAndVerifyPackage@68
                      ; - java.net.URLClassLoader::defineClass@46
                      ; - java.net.URLClassLoader$1::run@43
                      ; - java.net.URLClassLoader$1::run@1
                      ; - java.security.AccessController::executePrivileged@29
                      ; - java.security.AccessController::doPrivileged@13
                      ; - java.net.URLClassLoader::findClass@13
  0x0000026ed1416ffc: 0003 84ff 

  0x0000026ed1417000: ;   {other}
  0x0000026ed1417000: 0f1f 8400 | f054 005a | e966 d9ff 

  0x0000026ed141700c: ;   {metadata('java/lang/String')}
  0x0000026ed141700c: ff48 ba78 | e800 de6e | 0200 004c | 8b54 2448 | 4c89 5424 | 3866 6690 

  0x0000026ed1417024: ;   {runtime_call _new_instance_Java}
  0x0000026ed1417024: c5f8 77e8 

  0x0000026ed1417028: ; ImmutableOopMap {rbp=NarrowOop [32]=Oop [48]=Oop [56]=Oop [72]=Oop [80]=Oop [88]=Oop [104]=Oop [112]=NarrowOop [120]=Oop [128]=NarrowOop [136]=Oop [144]=Oop [168]=Oop }
                      ;*new {reexecute=0 rethrow=0 return_oop=1}
                      ; - java.lang.StringConcatHelper::newString@6
                      ; - java.lang.StringConcatHelper::simpleConcat@90
                      ; - java.lang.String::concat@11
                      ; - java.net.URLClassLoader::isSealed@15
                      ; - java.net.URLClassLoader::getAndVerifyPackage@68
                      ; - java.net.URLClassLoader::defineClass@46
                      ; - java.net.URLClassLoader$1::run@43
                      ; - java.net.URLClassLoader$1::run@1
                      ; - java.security.AccessController::executePrivileged@29
                      ; - java.security.AccessController::doPrivileged@13
                      ; - java.net.URLClassLoader::findClass@13
  0x0000026ed1417028: d405 84ff 

  0x0000026ed141702c: ;   {other}
  0x0000026ed141702c: 0f1f 8400 | 1c55 005b | e9a2 daff | ff44 8944 | 2440 4489 

  0x0000026ed1417040: ;   {metadata('java/util/zip/ZipFile$ZipFileInputStream')}
  0x0000026ed1417040: 5424 7048 | baa0 9931 | de6e 0200 | 0048 8b6c | 2448 6690 

  0x0000026ed1417054: ;   {runtime_call _new_instance_Java}
  0x0000026ed1417054: c5f8 77e8 

  0x0000026ed1417058: ; ImmutableOopMap {rbp=Oop [32]=Oop [40]=Oop [72]=Oop [80]=Oop [88]=Oop [104]=Oop [112]=NarrowOop [116]=NarrowOop [120]=NarrowOop [128]=NarrowOop }
                      ;*new {reexecute=0 rethrow=0 return_oop=1}
                      ; - java.util.zip.ZipFile::getInputStream@77
                      ; - java.util.jar.JarFile::getInputStream@21
                      ; - jdk.internal.loader.URLClassPath$JarLoader$2::getInputStream@11
                      ; - jdk.internal.loader.Resource::cachedInputStream@9
                      ; - jdk.internal.loader.Resource::getByteBuffer@1
                      ; - java.net.URLClassLoader::defineClass@132
                      ; - java.net.URLClassLoader$1::run@43
                      ; - java.net.URLClassLoader$1::run@1
                      ; - java.security.AccessController::executePrivileged@29
                      ; - java.security.AccessController::doPrivileged@13
                      ; - java.net.URLClassLoader::findClass@13
  0x0000026ed1417058: a405 84ff 

  0x0000026ed141705c: ;   {other}
  0x0000026ed141705c: 0f1f 8400 | 4c55 005c | e965 c8ff 

  0x0000026ed1417068: ;   {metadata('java/util/zip/ZipFile$ZipFileInflaterInputStream')}
  0x0000026ed1417068: ff48 bac0 | a431 de6e | 0200 004c | 8b54 2448 | 4c89 5424 | 3066 6690 

  0x0000026ed1417080: ;   {runtime_call _new_instance_Java}
  0x0000026ed1417080: c5f8 77e8 

  0x0000026ed1417084: ; ImmutableOopMap {[32]=Oop [40]=Oop [48]=Oop [72]=Oop [80]=Oop [88]=Oop [104]=Oop [112]=NarrowOop [120]=NarrowOop [128]=NarrowOop [136]=Oop }
                      ;*new {reexecute=0 rethrow=0 return_oop=1}
                      ; - java.util.zip.ZipFile::getInputStream@203
                      ; - java.util.jar.JarFile::getInputStream@21
                      ; - jdk.internal.loader.URLClassPath$JarLoader$2::getInputStream@11
                      ; - jdk.internal.loader.Resource::cachedInputStream@9
                      ; - jdk.internal.loader.Resource::getByteBuffer@1
                      ; - java.net.URLClassLoader::defineClass@132
                      ; - java.net.URLClassLoader$1::run@43
                      ; - java.net.URLClassLoader$1::run@1
                      ; - java.security.AccessController::executePrivileged@29
                      ; - java.security.AccessController::doPrivileged@13
                      ; - java.net.URLClassLoader::findClass@13
  0x0000026ed1417084: 7805 84ff 

  0x0000026ed1417088: ;   {other}
  0x0000026ed1417088: 0f1f 8400 | 7855 005d | e94e c9ff | ff4c 8b54 | 2468 458b | 5a28 4585 | db0f 84a3 | e6ff ff4d 
  0x0000026ed14170a8: 8b57 2849 | 8bcb 4d85 | d20f 84ee | 1b00 004d | 8b5f 384b | 894c 13f8 | 4983 c2f8 | 4d89 5728 
  0x0000026ed14170c8: e97d e6ff | ff4c 8bd7 | 458b 5a10 | 4585 db0f | 841e e6ff | ff4d 8b57 | 2849 8bcb | 4d85 d20f 
  0x0000026ed14170e8: 84d8 1b00 | 004d 8b5f | 384b 894c | 13f8 4983 | c2f8 4d89 | 5728 e9f8 | e5ff ff4d | 8b57 584d 
  0x0000026ed1417108: 8b5f 48f0 | 8344 24c0 | 0080 3900 | 0f84 79e6 | ffff 4488 | 214d 85db | 7520 498b | d7c5 f877 
  0x0000026ed1417128: 49ba 00a4 | 8262 fc7f | 0000 41ff 

  0x0000026ed1417134: ;   {other}
  0x0000026ed1417134: d20f 1f84 | 0000 0000 | 00e9 51e6 | ffff 4b89 | 4c1a f849 | 83c3 f84d | 895f 48e9 | 3fe6 ffff 
  0x0000026ed1417154: 4d8b 5758 | 4d8b 5f48 | f083 4424 | c000 8039 | 000f 84ce | e5ff ff44 | 8821 4d85 | db75 2049 
  0x0000026ed1417174: 8bd7 c5f8 | 7749 ba00 | a482 62fc | 7f00 0041 

  0x0000026ed1417184: ;   {other}
  0x0000026ed1417184: ffd2 0f1f | 8400 0000 | 0000 e9a6 | e5ff ff4b | 894c 1af8 | 4983 c3f8 | 4d89 5f48 | e994 e5ff 
  0x0000026ed14171a4: ff4c 8b54 | 2470 458b | 5a0c 4585 | db0f 8487 | e3ff ff4d | 8b57 2849 | 8bcb 4d85 | d20f 845e 
  0x0000026ed14171c4: 1b00 004d | 8b5f 384b | 894c 13f8 | 4983 c2f8 | 4d89 5728 | e961 e3ff | ff44 8b55 | 0c45 85d2 
  0x0000026ed14171e4: 0f84 04e3 | ffff 4d8b | 5f28 498b | ca4d 85db | 0f84 eb1a | 0000 4d8b | 5738 4b89 | 4c1a f849 
  0x0000026ed1417204: 83c3 f84d | 895f 28e9 | dee2 ffff | 4c8b 5424 | 7045 8b5a | 1045 85db | 0f84 c7e3 | ffff 4d8b 
  0x0000026ed1417224: 5728 498b | cb4d 85d2 | 0f84 d31a | 0000 4d8b | 5f38 4b89 | 4c13 f849 | 83c2 f84d | 8957 28e9 
  0x0000026ed1417244: a1e3 ffff | 4c8b 5424 | 7045 8b5a | 1445 85db | 0f84 f9e3 | ffff 4d8b | 5728 498b | cb4d 85d2 
  0x0000026ed1417264: 0f84 db1a | 0000 4d8b | 5f38 4b89 | 4c13 f849 | 83c2 f84d | 8957 28e9 | d3e3 ffff | 4d8b 5758 
  0x0000026ed1417284: ;   {no_reloc}
  0x0000026ed1417284: 4d8b 5f48 | f083 4424 | c000 8039 | 000f 848a | e3ff ff44 | 8821 4d85 | db75 2049 | 8bd7 c5f8 
  0x0000026ed14172a4: 7749 ba00 | a482 62fc | 7f00 0041 

  0x0000026ed14172b0: ;   {other}
  0x0000026ed14172b0: ffd2 0f1f | 8400 0000 | 0000 e962 | e3ff ff4b | 894c 1af8 | 4983 c3f8 | 4d89 5f48 | e950 e3ff 
  0x0000026ed14172d0: ff4d 8b57 | 484d 8b5f | 58f0 8344 | 24c0 0080 | 3900 0f84 | 8de2 ffff | 4488 214d | 85d2 7520 
  0x0000026ed14172f0: 498b d7c5 | f877 49ba | 00a4 8262 | fc7f 0000 

  0x0000026ed1417300: ;   {other}
  0x0000026ed1417300: 41ff d20f | 1f84 0000 | 0000 00e9 | 65e2 ffff | 4b89 4c13 | f849 83c2 | f84d 8957 | 48e9 53e2 
  0x0000026ed1417320: ffff 4d8b | 5758 4d8b | 5f48 f083 | 4424 c000 | 8039 000f | 84fa e1ff | ff44 8821 | 4d85 db75 
  0x0000026ed1417340: 2049 8bd7 | c5f8 7749 | ba00 a482 | 62fc 7f00 | 0041 ffd2 

  0x0000026ed1417354: ;   {other}
  0x0000026ed1417354: 0f1f 8400 | 0000 0000 | e9d2 e1ff | ff4b 894c | 1af8 4983 | c3f8 4d89 | 5f48 e9c0 | e1ff ff4c 
  0x0000026ed1417374: 8b94 2488 | 0000 0041 | c642 1101 | 33db e905 

  0x0000026ed1417384: ;   {metadata('java/lang/String')}
  0x0000026ed1417384: d1ff ff48 | ba78 e800 | de6e 0200 | 0048 8b6c | 2448 6690 

  0x0000026ed1417398: ;   {runtime_call _new_instance_Java}
  0x0000026ed1417398: c5f8 77e8 

  0x0000026ed141739c: ; ImmutableOopMap {rbp=Oop [48]=Oop [72]=Oop [88]=Oop }
                      ;*new {reexecute=0 rethrow=0 return_oop=1}
                      ; - java.lang.StringConcatHelper::simpleConcat@17
                      ; - java.lang.String::concat@11
                      ; - java.net.URLClassLoader$1::run@13
                      ; - java.net.URLClassLoader$1::run@1
                      ; - java.security.AccessController::executePrivileged@29
                      ; - java.security.AccessController::doPrivileged@13
                      ; - java.net.URLClassLoader::findClass@13
  0x0000026ed141739c: 6002 84ff 

  0x0000026ed14173a0: ;   {other}
  0x0000026ed14173a0: 0f1f 8400 | 9058 005e | e91f ddff | ffc6 4111 | 0133 f645 | 33db e9eb 

  0x0000026ed14173b8: ;   {metadata('java/lang/ClassLoader$$Lambda+0x0000026edf06b638')}
  0x0000026ed14173b8: d9ff ff48 | ba38 b606 | df6e 0200 | 004c 8b54 | 2448 4c89 | 5424 284c | 8b54 2478 | 4c89 5424 
  0x0000026ed14173d8: 7044 8b9c | 2480 0000 | 0044 895c | 246c 6690 

  0x0000026ed14173e8: ;   {runtime_call _new_instance_Java}
  0x0000026ed14173e8: c5f8 77e8 

  0x0000026ed14173ec: ; ImmutableOopMap {rbp=NarrowOop [32]=Oop [40]=Oop [52]=NarrowOop [72]=Oop [80]=Oop [88]=Oop [104]=NarrowOop [108]=NarrowOop [112]=Oop [120]=Oop [128]=NarrowOop [136]=Oop [144]=Oop }
                      ;*invokevirtual allocateInstance {reexecute=0 rethrow=0 return_oop=1}
                      ; - java.lang.invoke.DirectMethodHandle::allocateInstance@12
                      ; - java.lang.invoke.DirectMethodHandle$Holder::newInvokeSpecial@1
                      ; - java.lang.invoke.Invokers$Holder::linkToTargetMethod@6
                      ; - java.lang.ClassLoader::definePackage@73
                      ; - java.lang.ClassLoader::getDefinedPackage@32
                      ; - java.net.URLClassLoader::getAndVerifyPackage@2
                      ; - java.net.URLClassLoader::defineClass@46
                      ; - java.net.URLClassLoader$1::run@43
                      ; - java.net.URLClassLoader$1::run@1
                      ; - java.security.AccessController::executePrivileged@29
                      ; - java.security.AccessController::doPrivileged@13
                      ; - java.net.URLClassLoader::findClass@13
  0x0000026ed14173ec: 1002 84ff 

  0x0000026ed14173f0: ;   {other}
  0x0000026ed14173f0: 0f1f 8400 | e058 005f | 4c8b c8e9 | 4fd3 ffff 

  0x0000026ed1417400: ;   {metadata('java/lang/ref/SoftReference')}
  0x0000026ed1417400: 48ba 90df | 03de 6e02 | 0000 4c8b | 5424 484c | 8954 2420 | 4c8b 5424 | 784c 8954 | 2438 6690 
  0x0000026ed1417420: ;   {runtime_call _new_instance_Java}
  0x0000026ed1417420: c5f8 77e8 

  0x0000026ed1417424: ; ImmutableOopMap {rbp=Oop [32]=Oop [52]=NarrowOop [56]=Oop [72]=Oop [80]=Oop [88]=Oop [104]=Oop [120]=Oop [128]=NarrowOop [136]=Oop }
                      ;*new {reexecute=0 rethrow=0 return_oop=1}
                      ; - java.util.jar.JarFile::getManifestFromReference@184
                      ; - java.util.jar.JarFile::getManifest@1
                      ; - jdk.internal.loader.URLClassPath$JarLoader$2::getManifest@22
                      ; - java.net.URLClassLoader::defineClass@34
                      ; - java.net.URLClassLoader$1::run@43
                      ; - java.net.URLClassLoader$1::run@1
                      ; - java.security.AccessController::executePrivileged@29
                      ; - java.security.AccessController::doPrivileged@13
                      ; - java.net.URLClassLoader::findClass@13
  0x0000026ed1417424: d801 84ff 

  0x0000026ed1417428: ;   {other}
  0x0000026ed1417428: 0f1f 8400 | 1859 0060 | 4c8b d0e9 | aee2 ffff 

  0x0000026ed1417438: ;   {metadata('java/util/jar/Manifest')}
  0x0000026ed1417438: 48ba a0e1 | 04de 6e02 | 0000 6690 

  0x0000026ed1417444: ;   {runtime_call _new_instance_Java}
  0x0000026ed1417444: c5f8 77e8 

  0x0000026ed1417448: ; ImmutableOopMap {rbp=Oop [40]=Oop [52]=NarrowOop [64]=Oop [72]=Oop [80]=Oop [88]=Oop [104]=Oop [120]=Oop [128]=NarrowOop [136]=Oop }
                      ;*new {reexecute=0 rethrow=0 return_oop=1}
                      ; - java.util.jar.JarFile::getManifestFromReference@134
                      ; - java.util.jar.JarFile::getManifest@1
                      ; - jdk.internal.loader.URLClassPath$JarLoader$2::getManifest@22
                      ; - java.net.URLClassLoader::defineClass@34
                      ; - java.net.URLClassLoader$1::run@43
                      ; - java.net.URLClassLoader$1::run@1
                      ; - java.security.AccessController::executePrivileged@29
                      ; - java.security.AccessController::doPrivileged@13
                      ; - java.net.URLClassLoader::findClass@13
  0x0000026ed1417448: b401 84ff 

  0x0000026ed141744c: ;   {other}
  0x0000026ed141744c: 0f1f 8400 | 3c59 0061 | e914 e0ff 

  0x0000026ed1417458: ;   {metadata('java/util/jar/Attributes')}
  0x0000026ed1417458: ff48 ba40 | 8816 de6e | 0200 0048 | 8b6c 2448 

  0x0000026ed1417468: ;   {runtime_call _new_instance_Java}
  0x0000026ed1417468: c5f8 77e8 

  0x0000026ed141746c: ; ImmutableOopMap {rbp=Oop [32]=NarrowOop [52]=NarrowOop [64]=Oop [72]=Oop [80]=Oop [88]=Oop [104]=Oop [112]=Oop [120]=Oop [128]=NarrowOop [136]=Oop }
                      ;*new {reexecute=0 rethrow=0 return_oop=1}
                      ; - java.util.jar.Manifest::<init>@5
                      ; - java.util.jar.Manifest::<init>@4
                      ; - java.util.jar.JarFile::getManifestFromReference@143
                      ; - java.util.jar.JarFile::getManifest@1
                      ; - jdk.internal.loader.URLClassPath$JarLoader$2::getManifest@22
                      ; - java.net.URLClassLoader::defineClass@34
                      ; - java.net.URLClassLoader$1::run@43
                      ; - java.net.URLClassLoader$1::run@1
                      ; - java.security.AccessController::executePrivileged@29
                      ; - java.security.AccessController::doPrivileged@13
                      ; - java.net.URLClassLoader::findClass@13
  0x0000026ed141746c: 9001 84ff 

  0x0000026ed1417470: ;   {other}
  0x0000026ed1417470: 0f1f 8400 | 6059 0062 | 488b e8e9 | 40e0 ffff 

  0x0000026ed1417480: ;   {metadata('java/util/HashMap')}
  0x0000026ed1417480: 48ba 68a9 | 08de 6e02 | 0000 488b | 6c24 4890 

  0x0000026ed1417490: ;   {runtime_call _new_instance_Java}
  0x0000026ed1417490: c5f8 77e8 

  0x0000026ed1417494: ; ImmutableOopMap {rbp=Oop [32]=NarrowOop [40]=Oop [52]=NarrowOop [64]=Oop [72]=Oop [80]=Oop [88]=Oop [104]=Oop [112]=Oop [120]=Oop [128]=NarrowOop [136]=Oop }
                      ;*new {reexecute=0 rethrow=0 return_oop=1}
                      ; - java.util.jar.Manifest::<init>@16
                      ; - java.util.jar.Manifest::<init>@4
                      ; - java.util.jar.JarFile::getManifestFromReference@143
                      ; - java.util.jar.JarFile::getManifest@1
                      ; - jdk.internal.loader.URLClassPath$JarLoader$2::getManifest@22
                      ; - java.net.URLClassLoader::defineClass@34
                      ; - java.net.URLClassLoader$1::run@43
                      ; - java.net.URLClassLoader$1::run@1
                      ; - java.security.AccessController::executePrivileged@29
                      ; - java.security.AccessController::doPrivileged@13
                      ; - java.net.URLClassLoader::findClass@13
  0x0000026ed1417494: 6801 84ff 

  0x0000026ed1417498: ;   {other}
  0x0000026ed1417498: 0f1f 8400 | 8859 0063 | 4c8b d0e9 | 2be1 ffff | ba45 ffff | ff48 8b6c | 2448 448b | 5424 4444 
  0x0000026ed14174b8: 8954 2420 | 4c8b 5424 | 584c 8954 | 2448 448b | 5c24 4044 | 895c 2424 | 4c8b 5424 | 604c 8954 
  0x0000026ed14174d8: 2450 4889 | 4424 6090 

  0x0000026ed14174e0: ;   {runtime_call UncommonTrapBlob}
  0x0000026ed14174e0: c5f8 77e8 

  0x0000026ed14174e4: ; ImmutableOopMap {rbp=Oop [36]=NarrowOop [56]=Oop [72]=Oop [80]=Oop [96]=Oop [104]=Oop [112]=Oop }
                      ;*ifnonnull {reexecute=1 rethrow=0 return_oop=0}
                      ; - (reexecute) java.util.jar.JarFile::getEntry@15
                      ; - java.util.jar.JarFile::getJarEntry@2
                      ; - jdk.internal.loader.URLClassPath$JarLoader::getResource@22
                      ; - jdk.internal.loader.URLClassPath::getResource@53
                      ; - java.net.URLClassLoader$1::run@26
                      ; - java.net.URLClassLoader$1::run@1
                      ; - java.security.AccessController::executePrivileged@29
                      ; - java.security.AccessController::doPrivileged@13
                      ; - java.net.URLClassLoader::findClass@13
  0x0000026ed14174e4: 1806 77ff 

  0x0000026ed14174e8: ;   {other}
  0x0000026ed14174e8: 0f1f 8400 | d859 0064 | baf6 ffff | ff4c 8954 | 2420 4c89 | 5c24 284c | 8944 2430 

  0x0000026ed1417504: ;   {runtime_call UncommonTrapBlob}
  0x0000026ed1417504: c5f8 77e8 

  0x0000026ed1417508: ; ImmutableOopMap {[32]=Oop [40]=Oop [48]=Oop [72]=Oop }
                      ;*invokevirtual replace {reexecute=0 rethrow=0 return_oop=0}
                      ; - java.net.URLClassLoader$1::run@8
                      ; - java.net.URLClassLoader$1::run@1
                      ; - java.security.AccessController::executePrivileged@29
                      ; - java.security.AccessController::doPrivileged@13
                      ; - java.net.URLClassLoader::findClass@13
  0x0000026ed1417508: f405 77ff 

  0x0000026ed141750c: ;   {other}
  0x0000026ed141750c: 0f1f 8400 | fc59 0065 | baf6 ffff | ff48 8b6c | 2448 4c89 | 5424 2890 

  0x0000026ed1417524: ;   {runtime_call UncommonTrapBlob}
  0x0000026ed1417524: c5f8 77e8 

  0x0000026ed1417528: ; ImmutableOopMap {rbp=Oop [40]=Oop [88]=Oop [96]=Oop }
                      ;*invokevirtual getResource {reexecute=0 rethrow=0 return_oop=0}
                      ; - java.net.URLClassLoader$1::run@26
                      ; - java.net.URLClassLoader$1::run@1
                      ; - java.security.AccessController::executePrivileged@29
                      ; - java.security.AccessController::doPrivileged@13
                      ; - java.net.URLClassLoader::findClass@13
  0x0000026ed1417528: d405 77ff 

  0x0000026ed141752c: ;   {other}
  0x0000026ed141752c: 0f1f 8400 | 1c5a 0066 | baf6 ffff | ff48 8b6c | 2448 448b | 5c24 4444 | 895c 2420 | 4c8b 5424 
  0x0000026ed141754c: 504c 8954 | 2430 4c8b | 5424 584c | 8954 2448 | 448b 5424 | 4044 8954 | 2424 6690 

  0x0000026ed1417568: ;   {runtime_call UncommonTrapBlob}
  0x0000026ed1417568: c5f8 77e8 

  0x0000026ed141756c: ; ImmutableOopMap {rbp=Oop [36]=NarrowOop [48]=Oop [56]=Oop [72]=Oop [96]=Oop }
                      ;*invokevirtual getJarEntry {reexecute=0 rethrow=0 return_oop=0}
                      ; - jdk.internal.loader.URLClassPath$JarLoader::getResource@22
                      ; - jdk.internal.loader.URLClassPath::getResource@53
                      ; - java.net.URLClassLoader$1::run@26
                      ; - java.net.URLClassLoader$1::run@1
                      ; - java.security.AccessController::executePrivileged@29
                      ; - java.security.AccessController::doPrivileged@13
                      ; - java.net.URLClassLoader::findClass@13
  0x0000026ed141756c: 9005 77ff 

  0x0000026ed1417570: ;   {other}
  0x0000026ed1417570: 0f1f 8400 | 605a 0067 | 4d63 c2e9 | 8fb2 ffff | bacc ffff | ff48 8b6c | 2448 4c8b | 5424 304c 
  0x0000026ed1417590: 8954 2428 | 4c8b 5424 | 584c 8954 | 2430 4c89 | 4c24 504c | 895c 2458 

  0x0000026ed14175a8: ;   {runtime_call UncommonTrapBlob}
  0x0000026ed14175a8: c5f8 77e8 

  0x0000026ed14175ac: ; ImmutableOopMap {rbp=Oop [40]=Oop [48]=Oop [56]=Oop [88]=Oop }
                      ;*invokestatic arraycopy {reexecute=0 rethrow=0 return_oop=0}
                      ; - java.lang.String::getBytes@22
                      ; - java.lang.StringConcatHelper::prepend@21
                      ; - java.lang.StringConcatHelper::simpleConcat@71
                      ; - java.lang.String::concat@11
                      ; - java.net.URLClassLoader$1::run@13
                      ; - java.net.URLClassLoader$1::run@1
                      ; - java.security.AccessController::executePrivileged@29
                      ; - java.security.AccessController::doPrivileged@13
                      ; - java.net.URLClassLoader::findClass@13
  0x0000026ed14175ac: 5005 77ff 

  0x0000026ed14175b0: ;   {other}
  0x0000026ed14175b0: 0f1f 8400 | a05a 0068 | bacc ffff | ff48 8b6c | 2448 4c8b | 4424 304c | 8944 2428 | 4c8b 4424 
  0x0000026ed14175d0: 584c 8944 | 2430 4c89 | 4c24 4089 | 4c24 484c | 895c 2450 | 895c 244c | 4489 5424 | 5866 6690 
  0x0000026ed14175f0: ;   {runtime_call UncommonTrapBlob}
  0x0000026ed14175f0: c5f8 77e8 

  0x0000026ed14175f4: ; ImmutableOopMap {rbp=Oop [40]=Oop [48]=Oop [72]=NarrowOop [80]=Oop }
                      ;*invokestatic arraycopy {reexecute=0 rethrow=0 return_oop=0}
                      ; - java.lang.String::getBytes@22
                      ; - java.lang.StringConcatHelper::prepend@21
                      ; - java.lang.StringConcatHelper::simpleConcat@81
                      ; - java.lang.String::concat@11
                      ; - java.net.URLClassLoader$1::run@13
                      ; - java.net.URLClassLoader$1::run@1
                      ; - java.security.AccessController::executePrivileged@29
                      ; - java.security.AccessController::doPrivileged@13
                      ; - java.net.URLClassLoader::findClass@13
  0x0000026ed14175f4: 0805 77ff 

  0x0000026ed14175f8: ;   {other}
  0x0000026ed14175f8: 0f1f 8400 | e85a 0069 | 458b d3e9 | 12ba ffff | 448b 550c | 4585 d20f | 84a5 eaff | ff4d 8b5f 
  0x0000026ed1417618: 2849 8bca | 4d85 db0f | 84b7 2200 | 004d 8b57 | 384b 894c | 1af8 4983 | c3f8 4d89 | 5f28 e97f 
  0x0000026ed1417638: eaff ff4c | 8b54 2440 | 458b 5a10 | 4585 db0f | 846b ebff | ff4d 8b57 | 2849 8bcb | 4d85 d20f 
  0x0000026ed1417658: 845f 2200 | 004d 8b5f | 384b 894c | 13f8 4983 | c2f8 4d89 | 5728 e945 | ebff ff4c | 8b54 2440 
  0x0000026ed1417678: 458b 5a0c | 4585 db0f | 8488 eaff | ff4d 8b57 | 2849 8bcb | 4d85 d20f | 8467 2200 | 004d 8b5f 
  0x0000026ed1417698: 384b 894c | 13f8 4983 | c2f8 4d89 | 5728 e962 | eaff ff4c | 8b54 2440 | 458b 5a14 | 4585 db0f 
  0x0000026ed14176b8: 8472 ebff | ff4d 8b57 | 2849 8bcb | 4d85 d20f | 844f 2200 | 004d 8b5f | 384b 894c | 13f8 4983 
  0x0000026ed14176d8: c2f8 4d89 | 5728 e94c | ebff ff4d | 8b57 484d | 8b5f 58f0 | 8344 24c0 | 0080 3900 

  0x0000026ed14176f4: ;   {no_reloc}
  0x0000026ed14176f4: 0f84 4aea | ffff 4488 | 214d 85d2 | 7520 498b | d7c5 f877 | 49ba 00a4 | 8262 fc7f | 0000 41ff 
  0x0000026ed1417714: ;   {other}
  0x0000026ed1417714: d20f 1f84 | 0000 0000 | 00e9 22ea | ffff 4b89 | 4c13 f849 | 83c2 f84d | 8957 48e9 | 10ea ffff 
  0x0000026ed1417734: 4d8b 5758 | 4d8b 5f48 | f083 4424 | c000 8039 | 000f 84a5 | eaff ff44 | 8821 4d85 | db75 2049 
  0x0000026ed1417754: 8bd7 c5f8 | 7749 ba00 | a482 62fc | 7f00 0041 

  0x0000026ed1417764: ;   {other}
  0x0000026ed1417764: ffd2 0f1f | 8400 0000 | 0000 e97d | eaff ff4b | 894c 1af8 | 4983 c3f8 | 4d89 5f48 | e96b eaff 
  0x0000026ed1417784: ff4d 8b57 | 584d 8b5f | 48f0 8344 | 24c0 0080 | 3900 0f84 | 66e9 ffff | 4488 214d | 85db 7520 
  0x0000026ed14177a4: 498b d7c5 | f877 49ba | 00a4 8262 | fc7f 0000 

  0x0000026ed14177b4: ;   {other}
  0x0000026ed14177b4: 41ff d20f | 1f84 0000 | 0000 00e9 | 3ee9 ffff | 4b89 4c1a | f849 83c3 | f84d 895f | 48e9 2ce9 
  0x0000026ed14177d4: ffff 4d8b | 5748 4d8b | 5f58 f083 | 4424 c000 | 8039 000f | 8490 eaff | ff44 8821 | 4d85 d275 
  0x0000026ed14177f4: 2049 8bd7 | c5f8 7749 | ba00 a482 | 62fc 7f00 | 0041 ffd2 

  0x0000026ed1417808: ;   {other}
  0x0000026ed1417808: 0f1f 8400 | 0000 0000 | e968 eaff | ff4b 894c | 13f8 4983 | c2f8 4d89 | 5748 e956 | eaff ffba 
  0x0000026ed1417828: f6ff ffff | 488b 6c24 | 484c 8b54 | 2450 4c89 | 5424 204c | 8b54 2468 | 4c89 5424 | 304c 8b54 
  0x0000026ed1417848: 2458 4c89 | 5424 404c | 8b54 2478 | 4c89 5424 | 504c 8b54 | 2460 4c89 | 5424 5890 

  0x0000026ed1417864: ;   {runtime_call UncommonTrapBlob}
  0x0000026ed1417864: c5f8 77e8 

  0x0000026ed1417868: ; ImmutableOopMap {rbp=Oop [32]=Oop [48]=Oop [64]=Oop [80]=Oop [112]=Oop [120]=Oop [128]=NarrowOop [136]=Oop }
                      ;*invokevirtual ensureInitialization {reexecute=0 rethrow=0 return_oop=0}
                      ; - java.util.jar.JavaUtilJarAccessImpl::ensureInitialization@1
                      ; - jdk.internal.loader.URLClassPath$JarLoader$2::getManifest@10
                      ; - java.net.URLClassLoader::defineClass@34
                      ; - java.net.URLClassLoader$1::run@43
                      ; - java.net.URLClassLoader$1::run@1
                      ; - java.security.AccessController::executePrivileged@29
                      ; - java.security.AccessController::doPrivileged@13
                      ; - java.net.URLClassLoader::findClass@13
  0x0000026ed1417868: 9402 77ff 

  0x0000026ed141786c: ;   {other}
  0x0000026ed141786c: 0f1f 8400 | 5c5d 006a | baf6 ffff | ff48 8b6c | 2448 4c8b | 5424 504c | 8954 2420 | 4c8b 5424 
  0x0000026ed141788c: 584c 8954 | 2440 4c8b | 5424 784c | 8954 2450 | 4c8b 5424 | 604c 8954 | 2458 4c8b | 9424 8800 
  0x0000026ed14178ac: 0000 4c89 | 5424 6890 

  0x0000026ed14178b4: ;   {runtime_call UncommonTrapBlob}
  0x0000026ed14178b4: c5f8 77e8 

  0x0000026ed14178b8: ; ImmutableOopMap {rbp=Oop [32]=Oop [64]=Oop [80]=Oop [104]=Oop [128]=NarrowOop [144]=Oop }
                      ;*invokevirtual get {reexecute=0 rethrow=0 return_oop=0}
                      ; - java.lang.ClassLoader::getDefinedPackage@13
                      ; - java.net.URLClassLoader::getAndVerifyPackage@2
                      ; - java.net.URLClassLoader::defineClass@46
                      ; - java.net.URLClassLoader$1::run@43
                      ; - java.net.URLClassLoader$1::run@1
                      ; - java.security.AccessController::executePrivileged@29
                      ; - java.security.AccessController::doPrivileged@13
                      ; - java.net.URLClassLoader::findClass@13
  0x0000026ed14178b8: 4402 77ff 

  0x0000026ed14178bc: ;   {other}
  0x0000026ed14178bc: 0f1f 8400 | ac5d 006b | ba45 ffff | ff4c 8b54 | 2448 4c89 | 5424 204c | 8b54 2450 | 4c89 5424 
  0x0000026ed14178dc: 284c 8b54 | 2458 4c89 | 5424 484c | 896c 2458 

  0x0000026ed14178ec: ;   {runtime_call UncommonTrapBlob}
  0x0000026ed14178ec: c5f8 77e8 

  0x0000026ed14178f0: ; ImmutableOopMap {rbp=NarrowOop [32]=Oop [40]=Oop [72]=Oop [88]=Oop [128]=NarrowOop }
                      ;*ifeq {reexecute=1 rethrow=0 return_oop=0}
                      ; - (reexecute) jdk.internal.loader.Resource::getByteBuffer@9
                      ; - java.net.URLClassLoader::defineClass@132
                      ; - java.net.URLClassLoader$1::run@43
                      ; - java.net.URLClassLoader$1::run@1
                      ; - java.security.AccessController::executePrivileged@29
                      ; - java.security.AccessController::doPrivileged@13
                      ; - java.net.URLClassLoader::findClass@13
  0x0000026ed14178f0: 0c02 77ff 

  0x0000026ed14178f4: ;   {other}
  0x0000026ed14178f4: 0f1f 8400 | e45d 006c | bade ffff | ff4c 8b54 | 2448 4c89 | 5424 204c | 8b54 2450 | 4c89 5424 
  0x0000026ed1417914: 284c 8b54 | 2468 4c89 | 5424 384c | 8b54 2470 | 4c89 5424 | 404c 8b54 | 2458 4c89 | 5424 484c 
  0x0000026ed1417934: 8b54 2478 | 4c89 5424 | 5844 894c | 246c 6690 

  0x0000026ed1417944: ;   {runtime_call UncommonTrapBlob}
  0x0000026ed1417944: c5f8 77e8 

  0x0000026ed1417948: ; ImmutableOopMap {rbp=NarrowOop [32]=Oop [40]=Oop [56]=Oop [64]=Oop [72]=Oop [88]=Oop [108]=NarrowOop [120]=Oop [128]=NarrowOop [136]=Oop }
                      ;*invokeinterface ensureInitialization {reexecute=0 rethrow=0 return_oop=0}
                      ; - jdk.internal.loader.URLClassPath$JarLoader$2::getManifest@10
                      ; - java.net.URLClassLoader::defineClass@34
                      ; - java.net.URLClassLoader$1::run@43
                      ; - java.net.URLClassLoader$1::run@1
                      ; - java.security.AccessController::executePrivileged@29
                      ; - java.security.AccessController::doPrivileged@13
                      ; - java.net.URLClassLoader::findClass@13
  0x0000026ed1417948: b401 77ff 

  0x0000026ed141794c: ;   {other}
  0x0000026ed141794c: 0f1f 8400 | 3c5e 006d | 4c8b 5424 | 684c 8954 | 2420 4c8b | 5424 704c | 8954 2428 | 498b d34c 
  0x0000026ed141796c: 8d84 24f0 | 0000 004c | 8b54 2478 | 4c89 5424 | 7066 6690 

  0x0000026ed1417980: ;   {runtime_call _complete_monitor_locking_Java}
  0x0000026ed1417980: c5f8 77e8 

  0x0000026ed1417984: ; ImmutableOopMap {rbp=NarrowOop [32]=Oop [40]=Oop [52]=NarrowOop [56]=Oop [72]=Oop [80]=Oop [88]=Oop [112]=Oop [120]=Oop [128]=NarrowOop [136]=Oop }
                      ;*synchronization entry
                      ; - java.util.jar.JarFile::ensureInitialization@-1
                      ; - java.util.jar.JavaUtilJarAccessImpl::ensureInitialization@1
                      ; - jdk.internal.loader.URLClassPath$JarLoader$2::getManifest@10
                      ; - java.net.URLClassLoader::defineClass@34
                      ; - java.net.URLClassLoader$1::run@43
                      ; - java.net.URLClassLoader$1::run@1
                      ; - java.security.AccessController::executePrivileged@29
                      ; - java.security.AccessController::doPrivileged@13
                      ; - java.net.URLClassLoader::findClass@13
  0x0000026ed1417984: 7853 84ff 

  0x0000026ed1417988: ;   {other}
  0x0000026ed1417988: 0f1f 8400 | 785e 006e | e979 b7ff | ff49 8bcb | 488d 9424 | f000 0000 | 4d8b c7c5 | f877 49ba 
  0x0000026ed14179a8: 40d9 c362 | fc7f 0000 

  0x0000026ed14179b0: ;   {other}
  0x0000026ed14179b0: 41ff d20f | 1f84 0000 | 0000 00e9 | 06b8 ffff | bade ffff | ff4c 8b54 | 2448 4c89 | 5424 204c 
  0x0000026ed14179d0: 8b54 2450 | 4c89 5424 | 284c 8b54 | 2458 4c89 | 5424 484c | 8b54 2478 | 4c89 5424 | 5866 6690 
  0x0000026ed14179f0: ;   {runtime_call UncommonTrapBlob}
  0x0000026ed14179f0: c5f8 77e8 

  0x0000026ed14179f4: ; ImmutableOopMap {rbp=NarrowOop [32]=Oop [40]=Oop [72]=Oop [88]=Oop [120]=Oop [128]=NarrowOop [136]=Oop }
                      ;*invokevirtual getManifest {reexecute=0 rethrow=0 return_oop=0}
                      ; - jdk.internal.loader.URLClassPath$JarLoader$2::getManifest@22
                      ; - java.net.URLClassLoader::defineClass@34
                      ; - java.net.URLClassLoader$1::run@43
                      ; - java.net.URLClassLoader$1::run@1
                      ; - java.security.AccessController::executePrivileged@29
                      ; - java.security.AccessController::doPrivileged@13
                      ; - java.net.URLClassLoader::findClass@13
  0x0000026ed14179f4: 0801 77ff 

  0x0000026ed14179f8: ;   {other}
  0x0000026ed14179f8: 0f1f 8400 | e85e 006f | 498b ed48 | 8bd5 4c8d | 8424 f000 | 0000 4c8b | 5424 484c | 8954 2428 
  0x0000026ed1417a18: ;   {runtime_call _complete_monitor_locking_Java}
  0x0000026ed1417a18: c5f8 77e8 

  0x0000026ed1417a1c: ; ImmutableOopMap {rbp=Oop [32]=Oop [40]=Oop [72]=Oop [80]=Oop [88]=Oop [128]=NarrowOop }
                      ;*synchronization entry
                      ; - jdk.internal.loader.Resource::cachedInputStream@-1
                      ; - jdk.internal.loader.Resource::getByteBuffer@1
                      ; - java.net.URLClassLoader::defineClass@132
                      ; - java.net.URLClassLoader$1::run@43
                      ; - java.net.URLClassLoader$1::run@1
                      ; - java.security.AccessController::executePrivileged@29
                      ; - java.security.AccessController::doPrivileged@13
                      ; - java.net.URLClassLoader::findClass@13
  0x0000026ed1417a1c: e052 84ff 

  0x0000026ed1417a20: ;   {other}
  0x0000026ed1417a20: 0f1f 8400 | 105f 0070 | 4c8b ede9 | e6bb ffff | 498b cd48 | 8d94 24f0 | 0000 004d | 8bc7 c5f8 
  0x0000026ed1417a40: 7749 ba40 | d9c3 62fc | 7f00 0041 

  0x0000026ed1417a4c: ;   {other}
  0x0000026ed1417a4c: ffd2 0f1f | 8400 0000 | 0000 e9eb | c2ff ffba | ecff ffff | 488b 6c24 | 284c 8b54 | 2450 4c89 
  0x0000026ed1417a6c: 5424 204c | 8b54 2458 | 4c89 5424 | 484c 8b54 | 2460 4c89 | 5424 504c | 8b54 2468 | 4c89 5424 
  0x0000026ed1417a8c: 6048 8944 | 2468 6690 

  0x0000026ed1417a94: ;   {runtime_call UncommonTrapBlob}
  0x0000026ed1417a94: c5f8 77e8 

  0x0000026ed1417a98: ; ImmutableOopMap {rbp=Oop [32]=Oop [64]=Oop [72]=Oop [96]=Oop [104]=Oop [128]=NarrowOop }
                      ;*astore {reexecute=0 rethrow=0 return_oop=0}
                      ; - java.net.URLClassLoader::defineClass@188
                      ; - java.net.URLClassLoader$1::run@43
                      ; - java.net.URLClassLoader$1::run@1
                      ; - java.security.AccessController::executePrivileged@29
                      ; - java.security.AccessController::doPrivileged@13
                      ; - java.net.URLClassLoader::findClass@13
  0x0000026ed1417a98: 6400 77ff 

  0x0000026ed1417a9c: ;   {other}
  0x0000026ed1417a9c: 0f1f 8400 | 8c5f 0071 | ba45 ffff | ff48 8b6c | 2448 4c8b | 5424 304c | 8954 2428 | 4889 4424 
  0x0000026ed1417abc: 3844 8944 | 2440 6690 

  0x0000026ed1417ac4: ;   {runtime_call UncommonTrapBlob}
  0x0000026ed1417ac4: c5f8 77e8 

  0x0000026ed1417ac8: ; ImmutableOopMap {rbp=Oop [40]=Oop [56]=Oop [88]=Oop }
                      ;*iflt {reexecute=1 rethrow=0 return_oop=0}
                      ; - (reexecute) java.lang.StringConcatHelper::checkOverflow@2
                      ; - java.lang.StringConcatHelper::mix@23
                      ; - java.lang.StringConcatHelper::simpleConcat@46
                      ; - java.lang.String::concat@11
                      ; - java.net.URLClassLoader$1::run@13
                      ; - java.net.URLClassLoader$1::run@1
                      ; - java.security.AccessController::executePrivileged@29
                      ; - java.security.AccessController::doPrivileged@13
                      ; - java.net.URLClassLoader::findClass@13
  0x0000026ed1417ac8: 3400 77ff 

  0x0000026ed1417acc: ;   {other}
  0x0000026ed1417acc: 0f1f 8400 | bc5f 0072 | ba45 ffff | ff4c 8b54 | 2448 4c89 | 5424 2848 | 8944 2440 

  0x0000026ed1417ae8: ;   {runtime_call UncommonTrapBlob}
  0x0000026ed1417ae8: c5f8 77e8 

  0x0000026ed1417aec: ; ImmutableOopMap {[40]=Oop [48]=Oop [64]=Oop [72]=Oop [88]=Oop }
                      ;*iflt {reexecute=1 rethrow=0 return_oop=0}
                      ; - (reexecute) java.lang.StringConcatHelper::checkOverflow@2
                      ; - java.lang.StringConcatHelper::mix@23
                      ; - java.lang.StringConcatHelper::simpleConcat@54
                      ; - java.lang.String::concat@11
                      ; - java.net.URLClassLoader$1::run@13
                      ; - java.net.URLClassLoader$1::run@1
                      ; - java.security.AccessController::executePrivileged@29
                      ; - java.security.AccessController::doPrivileged@13
                      ; - java.net.URLClassLoader::findClass@13
  0x0000026ed1417aec: 1000 77ff 

  0x0000026ed1417af0: ;   {other}
  0x0000026ed1417af0: 0f1f 8400 | e05f 0073 | ba45 ffff | ff48 8b6c | 2448 4c8b | 4424 304c | 8944 2428 | 4c89 5c24 
  0x0000026ed1417b10: 4044 8954 | 2448 6690 

  0x0000026ed1417b18: ;   {runtime_call UncommonTrapBlob}
  0x0000026ed1417b18: c5f8 77e8 

  0x0000026ed1417b1c: ; ImmutableOopMap {rbp=Oop [40]=Oop [56]=Oop [88]=Oop }
                      ;*ifge {reexecute=1 rethrow=0 return_oop=0}
                      ; - (reexecute) java.lang.StringConcatHelper::newArray@13
                      ; - java.lang.StringConcatHelper::simpleConcat@61
                      ; - java.lang.String::concat@11
                      ; - java.net.URLClassLoader$1::run@13
                      ; - java.net.URLClassLoader$1::run@1
                      ; - java.security.AccessController::executePrivileged@29
                      ; - java.security.AccessController::doPrivileged@13
                      ; - java.net.URLClassLoader::findClass@13
  0x0000026ed1417b1c: e0ff 76ff 

  0x0000026ed1417b20: ;   {other}
  0x0000026ed1417b20: 0f1f 8400 | 1060 0074 | 895c 2420 

  0x0000026ed1417b2c: ;   {metadata('java/lang/InternalError')}
  0x0000026ed1417b2c: 498b e948 | ba38 0701 | de6e 0200 | 004c 8b54 | 2448 4c89 | 5424 2890 

  0x0000026ed1417b44: ;   {runtime_call _new_instance_Java}
  0x0000026ed1417b44: c5f8 77e8 

  0x0000026ed1417b48: ; ImmutableOopMap {[40]=Oop [48]=Oop [72]=Oop [88]=Oop }
                      ;*new {reexecute=0 rethrow=0 return_oop=1}
                      ; - java.lang.StringConcatHelper::newString@34
                      ; - java.lang.StringConcatHelper::simpleConcat@90
                      ; - java.lang.String::concat@11
                      ; - java.net.URLClassLoader$1::run@13
                      ; - java.net.URLClassLoader$1::run@1
                      ; - java.security.AccessController::executePrivileged@29
                      ; - java.security.AccessController::doPrivileged@13
                      ; - java.net.URLClassLoader::findClass@13
  0x0000026ed1417b48: b4fa 83ff 

  0x0000026ed1417b4c: ;   {other}
  0x0000026ed1417b4c: 0f1f 8400 | 3c60 0075 | 4c8b cd8b | 5c24 20e9 | 07e0 ffff | 4c89 4424 | 2089 5c24 | 3849 8be9 
  0x0000026ed1417b6c: ;   {metadata('java/lang/StringBuilder')}
  0x0000026ed1417b6c: 48ba 4080 | 00de 6e02 | 0000 6690 

  0x0000026ed1417b78: ;   {runtime_call _new_instance_Java}
  0x0000026ed1417b78: c5f8 77e8 

  0x0000026ed1417b7c: ; ImmutableOopMap {[32]=Oop [48]=Oop [72]=Oop [88]=Oop }
                      ;*new {reexecute=0 rethrow=0 return_oop=1}
                      ; - java.lang.StringConcatHelper::newString@38
                      ; - java.lang.StringConcatHelper::simpleConcat@90
                      ; - java.lang.String::concat@11
                      ; - java.net.URLClassLoader$1::run@13
                      ; - java.net.URLClassLoader$1::run@1
                      ; - java.security.AccessController::executePrivileged@29
                      ; - java.security.AccessController::doPrivileged@13
                      ; - java.net.URLClassLoader::findClass@13
  0x0000026ed1417b7c: 80fa 83ff 

  0x0000026ed1417b80: ;   {other}
  0x0000026ed1417b80: 0f1f 8400 | 7060 0076 | e935 e0ff | ffba 76ff | ffff 4c8b | 5c24 484c | 895c 2420 | 4c8b 5c24 
  0x0000026ed1417ba0: 504c 895c | 2428 4c8b | 5c24 684c | 895c 2438 | 4c8b 5c24 | 584c 895c | 2448 4c8b | 5c24 784c 
  0x0000026ed1417bc0: 895c 2458 | 4489 5424 | 6866 6690 

  0x0000026ed1417bcc: ;   {runtime_call UncommonTrapBlob}
  0x0000026ed1417bcc: c5f8 77e8 

  0x0000026ed1417bd0: ; ImmutableOopMap {[32]=Oop [40]=Oop [56]=Oop [72]=Oop [88]=Oop [104]=NarrowOop [112]=Oop [120]=Oop }
                      ;*iflt {reexecute=1 rethrow=0 return_oop=0}
                      ; - (reexecute) java.lang.StringLatin1::lastIndexOf@19
                      ; - java.lang.String::lastIndexOf@13
                      ; - java.lang.String::lastIndexOf@8
                      ; - java.net.URLClassLoader::defineClass@7
                      ; - java.net.URLClassLoader$1::run@43
                      ; - java.net.URLClassLoader$1::run@1
                      ; - java.security.AccessController::executePrivileged@29
                      ; - java.security.AccessController::doPrivileged@13
                      ; - java.net.URLClassLoader::findClass@13
  0x0000026ed1417bd0: 2cff 76ff 

  0x0000026ed1417bd4: ;   {other}
  0x0000026ed1417bd4: 0f1f 8400 | c460 0077 | ba6e ffff | ff4c 8b5c | 2448 4c89 | 5c24 204c | 8b5c 2450 | 4c89 5c24 
  0x0000026ed1417bf4: 284c 8b5c | 2468 4c89 | 5c24 384c | 8b5c 2458 | 4c89 5c24 | 484c 8b5c | 2478 4c89 | 5c24 5844 
  0x0000026ed1417c14: 8954 2468 

  0x0000026ed1417c18: ;   {runtime_call UncommonTrapBlob}
  0x0000026ed1417c18: c5f8 77e8 

  0x0000026ed1417c1c: ; ImmutableOopMap {[32]=Oop [40]=Oop [56]=Oop [72]=Oop [88]=Oop [104]=NarrowOop [112]=Oop [120]=Oop }
                      ;*iflt {reexecute=1 rethrow=0 return_oop=0}
                      ; - (reexecute) java.lang.StringLatin1::lastIndexOf@19
                      ; - java.lang.String::lastIndexOf@13
                      ; - java.lang.String::lastIndexOf@8
                      ; - java.net.URLClassLoader::defineClass@7
                      ; - java.net.URLClassLoader$1::run@43
                      ; - java.net.URLClassLoader$1::run@1
                      ; - java.security.AccessController::executePrivileged@29
                      ; - java.security.AccessController::doPrivileged@13
                      ; - java.net.URLClassLoader::findClass@13
  0x0000026ed1417c1c: e0fe 76ff 

  0x0000026ed1417c20: ;   {other}
  0x0000026ed1417c20: 0f1f 8400 | 1061 0078 | baf6 ffff | ff48 8b6c | 2448 4c89 | 5424 204c | 8b54 2458 | 4c89 5424 
  0x0000026ed1417c40: 404c 8b54 | 2478 4c89 | 5424 504c | 8b54 2460 | 4c89 5424 | 584c 8b94 | 2488 0000 | 004c 8954 
  0x0000026ed1417c60: 2468 6690 

  0x0000026ed1417c64: ;   {runtime_call UncommonTrapBlob}
  0x0000026ed1417c64: c5f8 77e8 

  0x0000026ed1417c68: ; ImmutableOopMap {rbp=Oop [32]=Oop [64]=Oop [80]=Oop [104]=Oop [128]=NarrowOop [144]=Oop }
                      ;*invokevirtual get {reexecute=0 rethrow=0 return_oop=0}
                      ; - java.lang.ClassLoader::definePackage@47
                      ; - java.lang.ClassLoader::getDefinedPackage@32
                      ; - java.net.URLClassLoader::getAndVerifyPackage@2
                      ; - java.net.URLClassLoader::defineClass@46
                      ; - java.net.URLClassLoader$1::run@43
                      ; - java.net.URLClassLoader$1::run@1
                      ; - java.security.AccessController::executePrivileged@29
                      ; - java.security.AccessController::doPrivileged@13
                      ; - java.net.URLClassLoader::findClass@13
  0x0000026ed1417c68: 94fe 76ff 

  0x0000026ed1417c6c: ;   {other}
  0x0000026ed1417c6c: 0f1f 8400 | 5c61 0079 | 4d63 d3e9 | 8acc ffff | ba45 ffff | ff48 8b6c | 2448 4c8b | 5424 504c 
  0x0000026ed1417c8c: 8954 2420 | 4c8b 5424 | 584c 8954 | 2450 4c8b | 5424 784c | 8954 2470 | 4c8b 9424 | 8800 0000 
  0x0000026ed1417cac: 4c89 5424 | 7866 6690 

  0x0000026ed1417cb4: ;   {runtime_call UncommonTrapBlob}
  0x0000026ed1417cb4: c5f8 77e8 

  0x0000026ed1417cb8: ; ImmutableOopMap {rbp=Oop [32]=Oop [80]=Oop [104]=NarrowOop [112]=Oop [120]=Oop [128]=NarrowOop [144]=Oop }
                      ;*ifeq {reexecute=1 rethrow=0 return_oop=0}
                      ; - (reexecute) java.lang.ClassLoader::definePackage@4
                      ; - java.lang.ClassLoader::getDefinedPackage@32
                      ; - java.net.URLClassLoader::getAndVerifyPackage@2
                      ; - java.net.URLClassLoader::defineClass@46
                      ; - java.net.URLClassLoader$1::run@43
                      ; - java.net.URLClassLoader$1::run@1
                      ; - java.security.AccessController::executePrivileged@29
                      ; - java.security.AccessController::doPrivileged@13
                      ; - java.net.URLClassLoader::findClass@13
  0x0000026ed1417cb8: 44fe 76ff 

  0x0000026ed1417cbc: ;   {other}
  0x0000026ed1417cbc: 0f1f 8400 | ac61 007a | baf6 ffff | ff48 8b6c | 2448 4c8b | 5c24 504c | 895c 2420 | 4c8b 5c24 
  0x0000026ed1417cdc: 584c 895c | 2440 4c89 | 6c24 504c | 8b5c 2460 | 4c89 5c24 | 584c 896c | 2468 4489 | 5424 6490 
  0x0000026ed1417cfc: ;   {runtime_call UncommonTrapBlob}
  0x0000026ed1417cfc: c5f8 77e8 

  0x0000026ed1417d00: ; ImmutableOopMap {rbp=Oop [32]=Oop [64]=Oop [80]=Oop [100]=NarrowOop [104]=Oop [128]=NarrowOop }
                      ;*invokevirtual getInputStream {reexecute=0 rethrow=0 return_oop=0}
                      ; - jdk.internal.loader.URLClassPath$JarLoader$2::getInputStream@11
                      ; - jdk.internal.loader.Resource::cachedInputStream@9
                      ; - jdk.internal.loader.Resource::getByteBuffer@1
                      ; - java.net.URLClassLoader::defineClass@132
                      ; - java.net.URLClassLoader$1::run@43
                      ; - java.net.URLClassLoader$1::run@1
                      ; - java.security.AccessController::executePrivileged@29
                      ; - java.security.AccessController::doPrivileged@13
                      ; - java.net.URLClassLoader::findClass@13
  0x0000026ed1417d00: fcfd 76ff 

  0x0000026ed1417d04: ;   {other}
  0x0000026ed1417d04: 0f1f 8400 | f461 007b | bade ffff | ff48 8b6c | 2448 4c8b | 5424 504c | 8954 2420 | 4c8b 5424 
  0x0000026ed1417d24: 584c 8954 | 2440 4c8b | 5424 784c | 8954 2450 | 4c8b 5424 | 604c 8954 | 2458 448b | 9c24 8000 
  0x0000026ed1417d44: 0000 4489 | 5c24 6044 | 8b54 2470 | 4489 5424 | 6448 8984 | 2498 0000 | 0066 6690 

  0x0000026ed1417d60: ;   {runtime_call UncommonTrapBlob}
  0x0000026ed1417d60: c5f8 77e8 

  0x0000026ed1417d64: ; ImmutableOopMap {rbp=Oop [32]=Oop [64]=Oop [80]=Oop [96]=NarrowOop [100]=NarrowOop [104]=Oop [136]=Oop [144]=Oop [152]=Oop }
                      ;*invokeinterface getTrustedAttributes {reexecute=0 rethrow=0 return_oop=0}
                      ; - java.net.URLClassLoader::isSealed@18
                      ; - java.net.URLClassLoader::getAndVerifyPackage@68
                      ; - java.net.URLClassLoader::defineClass@46
                      ; - java.net.URLClassLoader$1::run@43
                      ; - java.net.URLClassLoader$1::run@1
                      ; - java.security.AccessController::executePrivileged@29
                      ; - java.security.AccessController::doPrivileged@13
                      ; - java.net.URLClassLoader::findClass@13
  0x0000026ed1417d64: 98fd 76ff 

  0x0000026ed1417d68: ;   {other}
  0x0000026ed1417d68: 0f1f 8400 | 5862 007c | bade ffff | ff4c 8b54 | 2448 4c89 | 5424 204c | 8b54 2450 | 4c89 5424 
  0x0000026ed1417d88: 284c 8b54 | 2458 4c89 | 5424 484c | 8b54 2478 | 4c89 5424 | 5844 8b94 | 2480 0000 | 0044 8954 
  0x0000026ed1417da8: 2470 4889 | 8424 a800 | 0000 6690 

  0x0000026ed1417db4: ;   {runtime_call UncommonTrapBlob}
  0x0000026ed1417db4: c5f8 77e8 

  0x0000026ed1417db8: ; ImmutableOopMap {rbp=NarrowOop [32]=Oop [40]=Oop [72]=Oop [88]=Oop [104]=Oop [112]=NarrowOop [136]=Oop [144]=Oop [168]=Oop }
                      ;*invokeinterface get {reexecute=0 rethrow=0 return_oop=0}
                      ; - java.util.jar.Manifest::getAttributes@5
                      ; - java.util.jar.Manifest::getTrustedAttributes@2
                      ; - java.util.jar.JavaUtilJarAccessImpl::getTrustedAttributes@2
                      ; - java.net.URLClassLoader::isSealed@18
                      ; - java.net.URLClassLoader::getAndVerifyPackage@68
                      ; - java.net.URLClassLoader::defineClass@46
                      ; - java.net.URLClassLoader$1::run@43
                      ; - java.net.URLClassLoader$1::run@1
                      ; - java.security.AccessController::executePrivileged@29
                      ; - java.security.AccessController::doPrivileged@13
                      ; - java.net.URLClassLoader::findClass@13
  0x0000026ed1417db8: 44fd 76ff 

  0x0000026ed1417dbc: ;   {other}
  0x0000026ed1417dbc: 0f1f 8400 | ac62 007d | bade ffff | ff4c 8b54 | 2448 4c89 | 5424 204c | 8b54 2450 | 4c89 5424 
  0x0000026ed1417ddc: 284c 8b54 | 2458 4c89 | 5424 484c | 8b54 2478 | 4c89 5424 | 5844 8b94 | 2480 0000 | 0044 8954 
  0x0000026ed1417dfc: 2470 4c89 | 8c24 8000 | 0000 6690 

  0x0000026ed1417e08: ;   {runtime_call UncommonTrapBlob}
  0x0000026ed1417e08: c5f8 77e8 

  0x0000026ed1417e0c: ; ImmutableOopMap {rbp=NarrowOop [32]=Oop [40]=Oop [72]=Oop [88]=Oop [104]=Oop [112]=NarrowOop [128]=Oop [136]=Oop }
                      ;*invokeinterface get {reexecute=0 rethrow=0 return_oop=0}
                      ; - java.util.jar.Attributes::get@5
                      ; - java.util.jar.Attributes::getValue@2
                      ; - java.net.URLClassLoader::isSealed@58
                      ; - java.net.URLClassLoader::getAndVerifyPackage@68
                      ; - java.net.URLClassLoader::defineClass@46
                      ; - java.net.URLClassLoader$1::run@43
                      ; - java.net.URLClassLoader$1::run@1
                      ; - java.security.AccessController::executePrivileged@29
                      ; - java.security.AccessController::doPrivileged@13
                      ; - java.net.URLClassLoader::findClass@13
  0x0000026ed1417e0c: f0fc 76ff 

  0x0000026ed1417e10: ;   {other}
  0x0000026ed1417e10: 0f1f 8400 | 0063 007e | 4889 7c24 | 3044 8954 | 242c 4489 | 4424 2849 | 8bed 488b | d74c 8d84 
  0x0000026ed1417e30: 24f8 0000 | 004c 8b54 | 2448 4c89 | 5424 3890 

  0x0000026ed1417e40: ;   {runtime_call _complete_monitor_locking_Java}
  0x0000026ed1417e40: c5f8 77e8 

  0x0000026ed1417e44: ; ImmutableOopMap {rbp=Oop [32]=Oop [40]=NarrowOop [44]=NarrowOop [48]=Oop [56]=Oop [72]=Oop [80]=Oop [88]=Oop [128]=NarrowOop }
                      ;*synchronization entry
                      ; - java.util.jar.JarFile::getInputStream@-1
                      ; - jdk.internal.loader.URLClassPath$JarLoader$2::getInputStream@11
                      ; - jdk.internal.loader.Resource::cachedInputStream@9
                      ; - jdk.internal.loader.Resource::getByteBuffer@1
                      ; - java.net.URLClassLoader::defineClass@132
                      ; - java.net.URLClassLoader$1::run@43
                      ; - java.net.URLClassLoader$1::run@1
                      ; - java.security.AccessController::executePrivileged@29
                      ; - java.security.AccessController::doPrivileged@13
                      ; - java.net.URLClassLoader::findClass@13
  0x0000026ed1417e44: b84e 84ff 

  0x0000026ed1417e48: ;   {other}
  0x0000026ed1417e48: 0f1f 8400 | 3863 007f | 4c8b ed44 | 8b44 2428 | 448b 5424 | 2c48 8b7c | 2430 e93e | b8ff ff4c 
  0x0000026ed1417e68: 8b6c 2468 | 448b 5424 | 44ba 45ff | ffff 4c8b | 5c24 484c | 895c 2420 | 4c8b 5c24 | 504c 895c 
  0x0000026ed1417e88: 2428 4c8b | 5c24 584c | 895c 2448 | 4c89 6c24 | 5844 8b8c | 2480 0000 | 0044 894c | 2468 4c89 
  0x0000026ed1417ea8: 6c24 7044 | 8994 2488 | 0000 0044 | 8984 248c | 0000 0090 

  0x0000026ed1417ebc: ;   {runtime_call UncommonTrapBlob}
  0x0000026ed1417ebc: c5f8 77e8 

  0x0000026ed1417ec0: ; ImmutableOopMap {rbp=NarrowOop [32]=Oop [40]=Oop [72]=Oop [88]=Oop [104]=NarrowOop [112]=Oop [136]=NarrowOop [140]=NarrowOop }
                      ;*ifnonnull {reexecute=1 rethrow=0 return_oop=0}
                      ; - (reexecute) java.util.jar.JarFile::getInputStream@16
                      ; - jdk.internal.loader.URLClassPath$JarLoader$2::getInputStream@11
                      ; - jdk.internal.loader.Resource::cachedInputStream@9
                      ; - jdk.internal.loader.Resource::getByteBuffer@1
                      ; - java.net.URLClassLoader::defineClass@132
                      ; - java.net.URLClassLoader$1::run@43
                      ; - java.net.URLClassLoader$1::run@1
                      ; - java.security.AccessController::executePrivileged@29
                      ; - java.security.AccessController::doPrivileged@13
                      ; - java.net.URLClassLoader::findClass@13
  0x0000026ed1417ec0: 3cfc 76ff 

  0x0000026ed1417ec4: ;   {other}
  0x0000026ed1417ec4: 0f1f 8400 | b463 0080 | ba45 ffff | ff48 8b6c | 2430 4c8b | 5424 504c | 8954 2420 | 4c8b 5424 
  0x0000026ed1417ee4: 584c 8954 | 2448 4c8b | 5424 684c | 8954 2450 | 448b 9424 | 8000 0000 | 4489 5424 | 7489 8424 
  0x0000026ed1417f04: 9c00 0000 

  0x0000026ed1417f08: ;   {runtime_call UncommonTrapBlob}
  0x0000026ed1417f08: c5f8 77e8 

  0x0000026ed1417f0c: ; ImmutableOopMap {rbp=Oop [32]=Oop [68]=NarrowOop [72]=Oop [80]=Oop [112]=NarrowOop [116]=NarrowOop [120]=NarrowOop [136]=Oop }
                      ;*lookupswitch {reexecute=1 rethrow=0 return_oop=0}
                      ; - (reexecute) java.util.zip.ZipFile::getInputStream@101
                      ; - java.util.jar.JarFile::getInputStream@21
                      ; - jdk.internal.loader.URLClassPath$JarLoader$2::getInputStream@11
                      ; - jdk.internal.loader.Resource::cachedInputStream@9
                      ; - jdk.internal.loader.Resource::getByteBuffer@1
                      ; - java.net.URLClassLoader::defineClass@132
                      ; - java.net.URLClassLoader$1::run@43
                      ; - java.net.URLClassLoader$1::run@1
                      ; - java.security.AccessController::executePrivileged@29
                      ; - java.security.AccessController::doPrivileged@13
                      ; - java.net.URLClassLoader::findClass@13
  0x0000026ed1417f0c: f0fb 76ff 

  0x0000026ed1417f10: ;   {other}
  0x0000026ed1417f10: 0f1f 8400 | 0064 0081 | bade ffff | ff48 8b6c | 2448 4c8b | 5c24 504c | 895c 2420 | 4c8b 5c24 
  0x0000026ed1417f30: 584c 895c | 2448 4c8b | 5c24 684c | 895c 2458 | 448b 8424 | 8000 0000 | 4489 4424 | 7444 8994 
  0x0000026ed1417f50: 2490 0000 | 0044 8994 | 24a0 0000 | 0066 6690 

  0x0000026ed1417f60: ;   {runtime_call UncommonTrapBlob}
  0x0000026ed1417f60: c5f8 77e8 

  0x0000026ed1417f64: ; ImmutableOopMap {rbp=Oop [32]=Oop [64]=Oop [72]=Oop [88]=Oop [104]=Oop [112]=NarrowOop [116]=NarrowOop [144]=NarrowOop [160]=NarrowOop }
                      ;*invokeinterface add {reexecute=0 rethrow=0 return_oop=0}
                      ; - java.util.zip.ZipFile::getInputStream@231
                      ; - java.util.jar.JarFile::getInputStream@21
                      ; - jdk.internal.loader.URLClassPath$JarLoader$2::getInputStream@11
                      ; - jdk.internal.loader.Resource::cachedInputStream@9
                      ; - jdk.internal.loader.Resource::getByteBuffer@1
                      ; - java.net.URLClassLoader::defineClass@132
                      ; - java.net.URLClassLoader$1::run@43
                      ; - java.net.URLClassLoader$1::run@1
                      ; - java.security.AccessController::executePrivileged@29
                      ; - java.security.AccessController::doPrivileged@13
                      ; - java.net.URLClassLoader::findClass@13
  0x0000026ed1417f64: 98fb 76ff 

  0x0000026ed1417f68: ;   {other}
  0x0000026ed1417f68: 0f1f 8400 | 5864 0082 | 4c89 4424 | 3844 8954 | 2430 498b | d04c 8d84 | 2408 0100 | 0066 6690 
  0x0000026ed1417f88: ;   {runtime_call _complete_monitor_locking_Java}
  0x0000026ed1417f88: c5f8 77e8 

  0x0000026ed1417f8c: ; ImmutableOopMap {[32]=Oop [40]=Oop [48]=NarrowOop [56]=Oop [64]=Oop [72]=Oop [80]=Oop [88]=Oop [104]=Oop [112]=NarrowOop [128]=NarrowOop }
                      ;*monitorenter {reexecute=0 rethrow=0 return_oop=0}
                      ; - java.util.zip.ZipFile::getInputStream@226
                      ; - java.util.jar.JarFile::getInputStream@21
                      ; - jdk.internal.loader.URLClassPath$JarLoader$2::getInputStream@11
                      ; - jdk.internal.loader.Resource::cachedInputStream@9
                      ; - jdk.internal.loader.Resource::getByteBuffer@1
                      ; - java.net.URLClassLoader::defineClass@132
                      ; - java.net.URLClassLoader$1::run@43
                      ; - java.net.URLClassLoader$1::run@1
                      ; - java.security.AccessController::executePrivileged@29
                      ; - java.security.AccessController::doPrivileged@13
                      ; - java.net.URLClassLoader::findClass@13
  0x0000026ed1417f8c: 704d 84ff 

  0x0000026ed1417f90: ;   {other}
  0x0000026ed1417f90: 0f1f 8400 | 8064 0083 | 448b 5424 | 304c 8b44 | 2438 e9fc | baff ff49 | 8bcb 488d | 9424 0801 
  0x0000026ed1417fb0: 0000 4d8b | c7c5 f877 | 49ba 40d9 | c362 fc7f | 0000 41ff 

  0x0000026ed1417fc4: ;   {other}
  0x0000026ed1417fc4: d20f 1f84 | 0000 0000 | 00e9 aabb | ffff 498b | cb48 8d94 | 24f8 0000 | 004d 8bc7 | c5f8 7749 
  0x0000026ed1417fe4: ba40 d9c3 | 62fc 7f00 | 0041 ffd2 

  0x0000026ed1417ff0: ;   {other}
  0x0000026ed1417ff0: 0f1f 8400 | 0000 0000 | e91f bcff | ffba ccff | ffff 488b | 6c24 484c | 8b54 2450 | 4c89 5424 
  0x0000026ed1418010: 204c 8b54 | 2458 4c89 | 5424 484c | 8b54 2478 | 4c89 5424 | 5844 8b94 | 2480 0000 | 0044 8954 
  0x0000026ed1418030: 2440 6690 

  0x0000026ed1418034: ;   {runtime_call UncommonTrapBlob}
  0x0000026ed1418034: c5f8 77e8 

  0x0000026ed1418038: ; ImmutableOopMap {rbp=Oop [32]=Oop [64]=NarrowOop [72]=Oop [88]=Oop [104]=Oop [112]=NarrowOop [136]=Oop [144]=Oop [152]=Oop [168]=Oop }
                      ;*invokestatic arraycopy {reexecute=0 rethrow=0 return_oop=0}
                      ; - java.lang.String::getBytes@22
                      ; - java.lang.StringConcatHelper::prepend@21
                      ; - java.lang.StringConcatHelper::simpleConcat@71
                      ; - java.lang.String::concat@11
                      ; - java.net.URLClassLoader::isSealed@15
                      ; - java.net.URLClassLoader::getAndVerifyPackage@68
                      ; - java.net.URLClassLoader::defineClass@46
                      ; - java.net.URLClassLoader$1::run@43
                      ; - java.net.URLClassLoader$1::run@1
                      ; - java.security.AccessController::executePrivileged@29
                      ; - java.security.AccessController::doPrivileged@13
                      ; - java.net.URLClassLoader::findClass@13
  0x0000026ed1418038: c4fa 76ff 

  0x0000026ed141803c: ;   {other}
  0x0000026ed141803c: 0f1f 8400 | 2c65 0084 | ba45 ffff | ff48 8b6c | 2448 4c8b | 5424 504c | 8954 2420 | 4c8b 5424 
  0x0000026ed141805c: 584c 8954 | 2450 4c8b | 5424 784c | 8954 2468 | 448b 9424 | 8000 0000 | 4489 5424 | 704c 8b94 
  0x0000026ed141807c: 2488 0000 | 004c 8954 | 2478 4489 | 9c24 a000 | 0000 6690 

  0x0000026ed1418090: ;   {runtime_call UncommonTrapBlob}
  0x0000026ed1418090: c5f8 77e8 

  0x0000026ed1418094: ; ImmutableOopMap {rbp=Oop [32]=Oop [80]=Oop [104]=Oop [112]=NarrowOop [120]=Oop [144]=Oop }
                      ;*ifle {reexecute=1 rethrow=0 return_oop=0}
                      ; - (reexecute) java.util.concurrent.ConcurrentHashMap::get@23
                      ; - java.lang.ClassLoader::getDefinedPackage@13
                      ; - java.net.URLClassLoader::getAndVerifyPackage@2
                      ; - java.net.URLClassLoader::defineClass@46
                      ; - java.net.URLClassLoader$1::run@43
                      ; - java.net.URLClassLoader$1::run@1
                      ; - java.security.AccessController::executePrivileged@29
                      ; - java.security.AccessController::doPrivileged@13
                      ; - java.net.URLClassLoader::findClass@13
  0x0000026ed1418094: 68fa 76ff 

  0x0000026ed1418098: ;   {other}
  0x0000026ed1418098: 0f1f 8400 | 8865 0085 | 498b d7c5 | f877 49ba | 20a4 8262 | fc7f 0000 

  0x0000026ed14180b0: ;   {other}
  0x0000026ed14180b0: 41ff d20f | 1f84 0000 | 0000 00e9 | 46b1 ffff | ba45 ffff | ff48 8b6c | 2448 4c8b | 5c24 504c 
  0x0000026ed14180d0: 895c 2420 | 4c8b 5c24 | 584c 895c | 2440 4c8b | 5c24 784c | 895c 2450 | 4c8b 5c24 | 604c 895c 
  0x0000026ed14180f0: 2458 4489 | 5424 6490 

  0x0000026ed14180f8: ;   {runtime_call UncommonTrapBlob}
  0x0000026ed14180f8: c5f8 77e8 

  0x0000026ed14180fc: ; ImmutableOopMap {rbp=Oop [32]=Oop [64]=Oop [80]=Oop [104]=Oop [112]=Oop [120]=Oop [128]=NarrowOop }
                      ;*if_icmpeq {reexecute=1 rethrow=0 return_oop=0}
                      ; - (reexecute) java.net.URLClassLoader::defineClass@21
                      ; - java.net.URLClassLoader$1::run@43
                      ; - java.net.URLClassLoader$1::run@1
                      ; - java.security.AccessController::executePrivileged@29
                      ; - java.security.AccessController::doPrivileged@13
                      ; - java.net.URLClassLoader::findClass@13
  0x0000026ed14180fc: 00fa 76ff 

  0x0000026ed1418100: ;   {other}
  0x0000026ed1418100: 0f1f 8400 | f065 0086 | ba6e ffff | ff48 8b6c | 2448 4c8b | 4424 504c | 8944 2420 | 4c8b 4424 
  0x0000026ed1418120: 684c 8944 | 2430 4c8b | 4424 584c | 8944 2440 | 4c8b 4424 | 784c 8944 | 2450 4889 | 4424 5844 
  0x0000026ed1418140: 8954 2460 | 895c 2468 

  0x0000026ed1418148: ;   {runtime_call UncommonTrapBlob}
  0x0000026ed1418148: c5f8 77e8 

  0x0000026ed141814c: ; ImmutableOopMap {rbp=Oop [32]=Oop [48]=Oop [64]=Oop [80]=Oop [96]=NarrowOop [112]=Oop [120]=Oop }
                      ;*iflt {reexecute=1 rethrow=0 return_oop=0}
                      ; - (reexecute) java.lang.StringUTF16::lastIndexOf@18
                      ; - java.lang.String::lastIndexOf@25
                      ; - java.lang.String::lastIndexOf@8
                      ; - java.net.URLClassLoader::defineClass@7
                      ; - java.net.URLClassLoader$1::run@43
                      ; - java.net.URLClassLoader$1::run@1
                      ; - java.security.AccessController::executePrivileged@29
                      ; - java.security.AccessController::doPrivileged@13
                      ; - java.net.URLClassLoader::findClass@13
  0x0000026ed141814c: b0f9 76ff 

  0x0000026ed1418150: ;   {other}
  0x0000026ed1418150: 0f1f 8400 | 4066 0087 | bacc ffff | ff48 8b6c | 2448 4c8b | 5c24 504c | 895c 2420 | 4c8b 5c24 
  0x0000026ed1418170: 584c 895c | 2448 4c8b | 5c24 784c | 895c 2458 | 448b 9c24 | 8000 0000 | 4489 5c24 | 7444 8994 
  0x0000026ed1418190: 24b8 0000 | 0066 6690 

  0x0000026ed1418198: ;   {runtime_call UncommonTrapBlob}
  0x0000026ed1418198: c5f8 77e8 

  0x0000026ed141819c: ; ImmutableOopMap {rbp=Oop [32]=Oop [64]=NarrowOop [72]=Oop [88]=Oop [104]=Oop [112]=NarrowOop [116]=NarrowOop [136]=Oop [144]=Oop [168]=Oop }
                      ;*invokestatic arraycopy {reexecute=0 rethrow=0 return_oop=0}
                      ; - java.lang.String::getBytes@22
                      ; - java.lang.StringConcatHelper::prepend@21
                      ; - java.lang.StringConcatHelper::simpleConcat@81
                      ; - java.lang.String::concat@11
                      ; - java.net.URLClassLoader::isSealed@15
                      ; - java.net.URLClassLoader::getAndVerifyPackage@68
                      ; - java.net.URLClassLoader::defineClass@46
                      ; - java.net.URLClassLoader$1::run@43
                      ; - java.net.URLClassLoader$1::run@1
                      ; - java.security.AccessController::executePrivileged@29
                      ; - java.security.AccessController::doPrivileged@13
                      ; - java.net.URLClassLoader::findClass@13
  0x0000026ed141819c: 60f9 76ff 

  0x0000026ed14181a0: ;   {other}
  0x0000026ed14181a0: 0f1f 8400 | 9066 0088 | 8bcd e955 | aeff ffba | f6ff ffff | 488b 6c24 | 484c 8b54 | 2450 4c89 
  0x0000026ed14181c0: 5424 204c | 8b54 2458 | 4c89 5424 | 404c 8b54 | 2478 4c89 | 5424 504c | 8b54 2460 | 4c89 5424 
  0x0000026ed14181e0: 5844 8b9c | 2480 0000 | 0044 895c | 2460 4c8b | 9424 8800 | 0000 4c89 | 5424 684c | 898c 2480 
  0x0000026ed1418200: 0000 0090 

  0x0000026ed1418204: ;   {runtime_call UncommonTrapBlob}
  0x0000026ed1418204: c5f8 77e8 

  0x0000026ed1418208: ; ImmutableOopMap {rbp=Oop [32]=Oop [64]=Oop [80]=Oop [96]=NarrowOop [104]=Oop [128]=Oop [144]=Oop }
                      ;*invokevirtual compute {reexecute=0 rethrow=0 return_oop=0}
                      ; - java.lang.ClassLoader::definePackage@78
                      ; - java.lang.ClassLoader::getDefinedPackage@32
                      ; - java.net.URLClassLoader::getAndVerifyPackage@2
                      ; - java.net.URLClassLoader::defineClass@46
                      ; - java.net.URLClassLoader$1::run@43
                      ; - java.net.URLClassLoader$1::run@1
                      ; - java.security.AccessController::executePrivileged@29
                      ; - java.security.AccessController::doPrivileged@13
                      ; - java.net.URLClassLoader::findClass@13
  0x0000026ed1418208: f4f8 76ff 

  0x0000026ed141820c: ;   {other}
  0x0000026ed141820c: 0f1f 8400 | fc66 0089 | 33ed 4585 | d240 0f95 | c5ba 45ff | ffff 4c8b | 5424 484c | 8954 2420 
  0x0000026ed141822c: 4c8b 5424 | 504c 8954 | 2428 4c8b | 5424 584c | 8954 2450 | 4c8b 5424 | 784c 8954 | 2470 448b 
  0x0000026ed141824c: 9c24 8000 | 0000 4489 | 5c24 7c90 

  0x0000026ed1418258: ;   {runtime_call UncommonTrapBlob}
  0x0000026ed1418258: c5f8 77e8 

  0x0000026ed141825c: ; ImmutableOopMap {[32]=Oop [40]=Oop [80]=Oop [104]=Oop [112]=Oop [124]=NarrowOop [128]=NarrowOop [136]=Oop [144]=Oop }
                      ;*ifne {reexecute=1 rethrow=0 return_oop=0}
                      ; - (reexecute) java.lang.Package::isSealed@7
                      ; - java.net.URLClassLoader::getAndVerifyPackage@14
                      ; - java.net.URLClassLoader::defineClass@46
                      ; - java.net.URLClassLoader$1::run@43
                      ; - java.net.URLClassLoader$1::run@1
                      ; - java.security.AccessController::executePrivileged@29
                      ; - java.security.AccessController::doPrivileged@13
                      ; - java.net.URLClassLoader::findClass@13
  0x0000026ed141825c: a0f8 76ff 

  0x0000026ed1418260: ;   {other}
  0x0000026ed1418260: 0f1f 8400 | 5067 008a | ba45 ffff | ff48 8b6c | 2448 4c8b | 5424 504c | 8954 2420 | 4c8b 5424 
  0x0000026ed1418280: 584c 8954 | 2448 4c8b | 5424 784c | 8954 2458 | 448b 9c24 | 8000 0000 | 4489 5c24 | 4066 6690 
  0x0000026ed14182a0: ;   {runtime_call UncommonTrapBlob}
  0x0000026ed14182a0: c5f8 77e8 

  0x0000026ed14182a4: ; ImmutableOopMap {rbp=Oop [32]=Oop [64]=NarrowOop [72]=Oop [88]=Oop [104]=Oop [112]=NarrowOop [136]=Oop [144]=Oop [152]=Oop }
                      ;*iflt {reexecute=1 rethrow=0 return_oop=0}
                      ; - (reexecute) java.lang.StringConcatHelper::checkOverflow@2
                      ; - java.lang.StringConcatHelper::mix@23
                      ; - java.lang.StringConcatHelper::simpleConcat@46
                      ; - java.lang.String::concat@11
                      ; - java.net.URLClassLoader::isSealed@15
                      ; - java.net.URLClassLoader::getAndVerifyPackage@68
                      ; - java.net.URLClassLoader::defineClass@46
                      ; - java.net.URLClassLoader$1::run@43
                      ; - java.net.URLClassLoader$1::run@1
                      ; - java.security.AccessController::executePrivileged@29
                      ; - java.security.AccessController::doPrivileged@13
                      ; - java.net.URLClassLoader::findClass@13
  0x0000026ed14182a4: 58f8 76ff 

  0x0000026ed14182a8: ;   {other}
  0x0000026ed14182a8: 0f1f 8400 | 9867 008b | ba45 ffff | ff4c 8b54 | 2448 4c89 | 5424 204c | 8b54 2450 | 4c89 5424 
  0x0000026ed14182c8: 284c 8b54 | 2458 4c89 | 5424 484c | 8b54 2478 | 4c89 5424 | 5844 8b94 | 2480 0000 | 0044 8954 
  0x0000026ed14182e8: 2474 6690 

  0x0000026ed14182ec: ;   {runtime_call UncommonTrapBlob}
  0x0000026ed14182ec: c5f8 77e8 

  0x0000026ed14182f0: ; ImmutableOopMap {[32]=Oop [40]=Oop [72]=Oop [88]=Oop [104]=Oop [112]=NarrowOop [116]=NarrowOop [136]=Oop [144]=Oop [152]=Oop }
                      ;*iflt {reexecute=1 rethrow=0 return_oop=0}
                      ; - (reexecute) java.lang.StringConcatHelper::checkOverflow@2
                      ; - java.lang.StringConcatHelper::mix@23
                      ; - java.lang.StringConcatHelper::simpleConcat@54
                      ; - java.lang.String::concat@11
                      ; - java.net.URLClassLoader::isSealed@15
                      ; - java.net.URLClassLoader::getAndVerifyPackage@68
                      ; - java.net.URLClassLoader::defineClass@46
                      ; - java.net.URLClassLoader$1::run@43
                      ; - java.net.URLClassLoader$1::run@1
                      ; - java.security.AccessController::executePrivileged@29
                      ; - java.security.AccessController::doPrivileged@13
                      ; - java.net.URLClassLoader::findClass@13
  0x0000026ed14182f0: 0cf8 76ff 

  0x0000026ed14182f4: ;   {other}
  0x0000026ed14182f4: 0f1f 8400 | e467 008c | 498b d7c5 | f877 49ba | 20a4 8262 | fc7f 0000 

  0x0000026ed141830c: ;   {other}
  0x0000026ed141830c: 41ff d20f | 1f84 0000 | 0000 00e9 | 10b9 ffff | ba45 ffff | ff48 8b6c | 2448 4c8b | 5424 504c 
  0x0000026ed141832c: 8954 2420 | 4c8b 5424 | 584c 8954 | 2450 4c8b | 5424 784c | 8954 2470 | 4c8b 9424 | 8800 0000 
  0x0000026ed141834c: 4c89 5424 | 7844 899c | 2484 0000 | 0066 6690 

  0x0000026ed141835c: ;   {runtime_call UncommonTrapBlob}
  0x0000026ed141835c: c5f8 77e8 

  0x0000026ed1418360: ; ImmutableOopMap {rbp=Oop [32]=Oop [80]=Oop [104]=NarrowOop [112]=Oop [120]=Oop [128]=NarrowOop [144]=Oop }
                      ;*ifle {reexecute=1 rethrow=0 return_oop=0}
                      ; - (reexecute) java.util.concurrent.ConcurrentHashMap::get@23
                      ; - java.lang.ClassLoader::definePackage@47
                      ; - java.lang.ClassLoader::getDefinedPackage@32
                      ; - java.net.URLClassLoader::getAndVerifyPackage@2
                      ; - java.net.URLClassLoader::defineClass@46
                      ; - java.net.URLClassLoader$1::run@43
                      ; - java.net.URLClassLoader$1::run@1
                      ; - java.security.AccessController::executePrivileged@29
                      ; - java.security.AccessController::doPrivileged@13
                      ; - java.net.URLClassLoader::findClass@13
  0x0000026ed1418360: 9cf7 76ff 

  0x0000026ed1418364: ;   {other}
  0x0000026ed1418364: 0f1f 8400 | 5468 008d | ba45 ffff | ff4c 8b54 | 2448 4c89 | 5424 204c | 8b54 2450 | 4c89 5424 
  0x0000026ed1418384: 284c 8b54 | 2458 4c89 | 5424 504c | 8b54 2478 | 4c89 5424 | 7044 8b9c | 2480 0000 | 0044 895c 
  0x0000026ed14183a4: 247c 6690 

  0x0000026ed14183a8: ;   {runtime_call UncommonTrapBlob}
  0x0000026ed14183a8: c5f8 77e8 

  0x0000026ed14183ac: ; ImmutableOopMap {rbp=NarrowOop [32]=Oop [40]=Oop [80]=Oop [104]=Oop [112]=Oop [124]=NarrowOop [128]=NarrowOop [136]=Oop [144]=Oop }
                      ;*ifnull {reexecute=1 rethrow=0 return_oop=0}
                      ; - (reexecute) java.lang.Package::isSealed@17
                      ; - java.net.URLClassLoader::getAndVerifyPackage@14
                      ; - java.net.URLClassLoader::defineClass@46
                      ; - java.net.URLClassLoader$1::run@43
                      ; - java.net.URLClassLoader$1::run@1
                      ; - java.security.AccessController::executePrivileged@29
                      ; - java.security.AccessController::doPrivileged@13
                      ; - java.net.URLClassLoader::findClass@13
  0x0000026ed14183ac: 50f7 76ff 

  0x0000026ed14183b0: ;   {other}
  0x0000026ed14183b0: 0f1f 8400 | a068 008e | ba45 ffff | ff48 8b6c | 2448 4c8b | 5424 504c | 8954 2420 | 4c8b 5424 
  0x0000026ed14183d0: 584c 8954 | 2440 4c8b | 5424 784c | 8954 2450 | 4c8b 5424 | 604c 8954 | 2458 448b | 9c24 8000 
  0x0000026ed14183f0: 0000 4489 | 5c24 604c | 8b94 2488 | 0000 004c | 8954 2470 

  0x0000026ed1418404: ;   {runtime_call UncommonTrapBlob}
  0x0000026ed1418404: c5f8 77e8 

  0x0000026ed1418408: ; ImmutableOopMap {rbp=Oop [32]=Oop [64]=Oop [80]=Oop [96]=NarrowOop [104]=Oop [112]=Oop [144]=Oop }
                      ;*ifnull {reexecute=1 rethrow=0 return_oop=0}
                      ; - (reexecute) java.net.URLClassLoader::getAndVerifyPackage@62
                      ; - java.net.URLClassLoader::defineClass@46
                      ; - java.net.URLClassLoader$1::run@43
                      ; - java.net.URLClassLoader$1::run@1
                      ; - java.security.AccessController::executePrivileged@29
                      ; - java.security.AccessController::doPrivileged@13
                      ; - java.net.URLClassLoader::findClass@13
  0x0000026ed1418408: f4f6 76ff 

  0x0000026ed141840c: ;   {other}
  0x0000026ed141840c: 0f1f 8400 | fc68 008f | ba45 ffff | ff48 8b6c | 2448 4c8b | 5424 504c | 8954 2420 | 4c8b 5424 
  0x0000026ed141842c: 584c 8954 | 2440 4c8b | 5424 784c | 8954 2450 | 4c8b 5424 | 604c 8954 | 2458 448b | 9c24 8000 
  0x0000026ed141844c: 0000 4489 | 5c24 6044 | 8b54 2470 | 4489 5424 | 644c 898c | 24a8 0000 | 0066 6690 

  0x0000026ed1418468: ;   {runtime_call UncommonTrapBlob}
  0x0000026ed1418468: c5f8 77e8 

  0x0000026ed141846c: ; ImmutableOopMap {rbp=Oop [32]=Oop [64]=Oop [80]=Oop [96]=NarrowOop [100]=NarrowOop [104]=Oop [136]=Oop [144]=Oop [152]=Oop }
                      ;*ifge {reexecute=1 rethrow=0 return_oop=0}
                      ; - (reexecute) java.lang.StringConcatHelper::newArray@13
                      ; - java.lang.StringConcatHelper::simpleConcat@61
                      ; - java.lang.String::concat@11
                      ; - java.net.URLClassLoader::isSealed@15
                      ; - java.net.URLClassLoader::getAndVerifyPackage@68
                      ; - java.net.URLClassLoader::defineClass@46
                      ; - java.net.URLClassLoader$1::run@43
                      ; - java.net.URLClassLoader$1::run@1
                      ; - java.security.AccessController::executePrivileged@29
                      ; - java.security.AccessController::doPrivileged@13
                      ; - java.net.URLClassLoader::findClass@13
  0x0000026ed141846c: 90f6 76ff 

  0x0000026ed1418470: ;   {other}
  0x0000026ed1418470: 0f1f 8400 | 6069 0090 | ba45 ffff | ff48 8b6c | 2448 4c8b | 5c24 504c | 895c 2420 | 4c8b 5c24 
  0x0000026ed1418490: 584c 895c | 2440 4c89 | 6c24 504c | 8b5c 2460 | 4c89 5c24 | 5844 8b9c | 2480 0000 | 0044 895c 
  0x0000026ed14184b0: 2460 4c89 | 6c24 6844 | 8984 2484 | 0000 0044 | 8994 2488 | 0000 0044 | 8994 248c | 0000 0090 
  0x0000026ed14184d0: ;   {runtime_call UncommonTrapBlob}
  0x0000026ed14184d0: c5f8 77e8 

  0x0000026ed14184d4: ; ImmutableOopMap {rbp=Oop [32]=Oop [64]=Oop [80]=Oop [96]=NarrowOop [104]=Oop [132]=NarrowOop [136]=NarrowOop [140]=NarrowOop }
                      ;*ifnonnull {reexecute=1 rethrow=0 return_oop=0}
                      ; - (reexecute) java.util.Objects::requireNonNull@1
                      ; - java.util.jar.JarFile::getInputStream@4
                      ; - jdk.internal.loader.URLClassPath$JarLoader$2::getInputStream@11
                      ; - jdk.internal.loader.Resource::cachedInputStream@9
                      ; - jdk.internal.loader.Resource::getByteBuffer@1
                      ; - java.net.URLClassLoader::defineClass@132
                      ; - java.net.URLClassLoader$1::run@43
                      ; - java.net.URLClassLoader$1::run@1
                      ; - java.security.AccessController::executePrivileged@29
                      ; - java.security.AccessController::doPrivileged@13
                      ; - java.net.URLClassLoader::findClass@13
  0x0000026ed14184d4: 28f6 76ff 

  0x0000026ed14184d8: ;   {other}
  0x0000026ed14184d8: 0f1f 8400 | c869 0091 | ba45 ffff | ff4c 8b5c | 2448 4c89 | 5c24 204c | 8b5c 2450 | 4c89 5c24 
  0x0000026ed14184f8: 284c 8b5c | 2458 4c89 | 5c24 484c | 896c 2458 | 448b 8c24 | 8000 0000 | 4489 4c24 | 684c 896c 
  0x0000026ed1418518: 2470 4489 | 8424 8800 | 0000 4489 | 9424 8c00 | 0000 899c | 2490 0000 | 0089 8c24 | 9400 0000 
  0x0000026ed1418538: 4489 8424 | 9800 0000 

  0x0000026ed1418540: ;   {runtime_call UncommonTrapBlob}
  0x0000026ed1418540: c5f8 77e8 

  0x0000026ed1418544: ; ImmutableOopMap {[32]=Oop [40]=Oop [72]=Oop [88]=Oop [104]=NarrowOop [112]=Oop [136]=NarrowOop [140]=NarrowOop [144]=NarrowOop [148]=NarrowOop [152]=NarrowOop }
                      ;*ifeq {reexecute=1 rethrow=0 return_oop=0}
                      ; - (reexecute) java.util.zip.ZipFile::ensureOpen@4
                      ; - java.util.zip.ZipFile::getInputStream@31
                      ; - java.util.jar.JarFile::getInputStream@21
                      ; - jdk.internal.loader.URLClassPath$JarLoader$2::getInputStream@11
                      ; - jdk.internal.loader.Resource::cachedInputStream@9
                      ; - jdk.internal.loader.Resource::getByteBuffer@1
                      ; - java.net.URLClassLoader::defineClass@132
                      ; - java.net.URLClassLoader$1::run@43
                      ; - java.net.URLClassLoader$1::run@1
                      ; - java.security.AccessController::executePrivileged@29
                      ; - java.security.AccessController::doPrivileged@13
                      ; - java.net.URLClassLoader::findClass@13
  0x0000026ed1418544: b8f5 76ff 

  0x0000026ed1418548: ;   {other}
  0x0000026ed1418548: 0f1f 8400 | 386a 0092 | ba45 ffff | ff4c 8b5c | 2448 4c89 | 5c24 204c | 8b5c 2450 | 4c89 5c24 
  0x0000026ed1418568: 284c 8b5c | 2458 4c89 | 5c24 484c | 896c 2458 | 448b 8c24 | 8000 0000 | 4489 4c24 | 684c 896c 
  0x0000026ed1418588: 2470 4489 | 8424 8800 | 0000 4489 | 9424 8c00 | 0000 899c | 2490 0000 | 0089 8c24 | 9400 0000 
  0x0000026ed14185a8: 4489 8424 | 9800 0000 

  0x0000026ed14185b0: ;   {runtime_call UncommonTrapBlob}
  0x0000026ed14185b0: c5f8 77e8 

  0x0000026ed14185b4: ; ImmutableOopMap {rbp=NarrowOop [32]=Oop [40]=Oop [72]=Oop [88]=Oop [104]=NarrowOop [112]=Oop [136]=NarrowOop [140]=NarrowOop [144]=NarrowOop [148]=NarrowOop [152]=NarrowOop }
                      ;*ifnonnull {reexecute=1 rethrow=0 return_oop=0}
                      ; - (reexecute) java.util.zip.ZipFile::ensureOpen@25
                      ; - java.util.zip.ZipFile::getInputStream@31
                      ; - java.util.jar.JarFile::getInputStream@21
                      ; - jdk.internal.loader.URLClassPath$JarLoader$2::getInputStream@11
                      ; - jdk.internal.loader.Resource::cachedInputStream@9
                      ; - jdk.internal.loader.Resource::getByteBuffer@1
                      ; - java.net.URLClassLoader::defineClass@132
                      ; - java.net.URLClassLoader$1::run@43
                      ; - java.net.URLClassLoader$1::run@1
                      ; - java.security.AccessController::executePrivileged@29
                      ; - java.security.AccessController::doPrivileged@13
                      ; - java.net.URLClassLoader::findClass@13
  0x0000026ed14185b4: 48f5 76ff 

  0x0000026ed14185b8: ;   {other}
  0x0000026ed14185b8: 0f1f 8400 | a86a 0093 | ba45 ffff | ff48 8b6c | 2448 4c8b | 5c24 504c | 895c 2420 | 4c8b 5c24 
  0x0000026ed14185d8: 584c 895c | 2440 4c8b | 5c24 684c | 895c 2448 | 4c8b 5c24 | 604c 895c | 2458 448b | 9c24 8000 
  0x0000026ed14185f8: 0000 4489 | 5c24 6044 | 8994 2480 | 0000 0044 | 8984 2484 | 0000 0044 | 8994 2488 | 0000 0090 
  0x0000026ed1418618: ;   {runtime_call UncommonTrapBlob}
  0x0000026ed1418618: c5f8 77e8 

  0x0000026ed141861c: ; ImmutableOopMap {rbp=Oop [32]=Oop [64]=Oop [72]=Oop [96]=NarrowOop [128]=NarrowOop [136]=NarrowOop }
                      ;*if_icmpne {reexecute=1 rethrow=0 return_oop=0}
                      ; - (reexecute) java.util.zip.ZipFile::getInputStream@69
                      ; - java.util.jar.JarFile::getInputStream@21
                      ; - jdk.internal.loader.URLClassPath$JarLoader$2::getInputStream@11
                      ; - jdk.internal.loader.Resource::cachedInputStream@9
                      ; - jdk.internal.loader.Resource::getByteBuffer@1
                      ; - java.net.URLClassLoader::defineClass@132
                      ; - java.net.URLClassLoader$1::run@43
                      ; - java.net.URLClassLoader$1::run@1
                      ; - java.security.AccessController::executePrivileged@29
                      ; - java.security.AccessController::doPrivileged@13
                      ; - java.net.URLClassLoader::findClass@13
  0x0000026ed141861c: e0f4 76ff 

  0x0000026ed1418620: ;   {other}
  0x0000026ed1418620: 0f1f 8400 | 106b 0094 | ba45 ffff | ff45 33d2 | 493b eabd | ffff ffff | 7c08 400f | 95c5 400f 
  0x0000026ed1418640: b6ed 4c8b | 5424 484c | 8954 2420 | 4c8b 5424 | 504c 8954 | 2428 4c8b | 5424 584c | 8954 2448 
  0x0000026ed1418660: 4c8b 5424 | 684c 8954 | 2458 448b | 9c24 8000 | 0000 4489 | 5c24 7490 

  0x0000026ed1418678: ;   {runtime_call UncommonTrapBlob}
  0x0000026ed1418678: c5f8 77e8 

  0x0000026ed141867c: ; ImmutableOopMap {[32]=Oop [40]=Oop [72]=Oop [88]=Oop [104]=Oop [112]=NarrowOop [116]=NarrowOop [120]=NarrowOop [136]=Oop }
                      ;*ifgt {reexecute=1 rethrow=0 return_oop=0}
                      ; - (reexecute) java.util.zip.ZipFile::getInputStream@195
                      ; - java.util.jar.JarFile::getInputStream@21
                      ; - jdk.internal.loader.URLClassPath$JarLoader$2::getInputStream@11
                      ; - jdk.internal.loader.Resource::cachedInputStream@9
                      ; - jdk.internal.loader.Resource::getByteBuffer@1
                      ; - java.net.URLClassLoader::defineClass@132
                      ; - java.net.URLClassLoader$1::run@43
                      ; - java.net.URLClassLoader$1::run@1
                      ; - java.security.AccessController::executePrivileged@29
                      ; - java.security.AccessController::doPrivileged@13
                      ; - java.net.URLClassLoader::findClass@13
  0x0000026ed141867c: 80f4 76ff 

  0x0000026ed1418680: ;   {other}
  0x0000026ed1418680: 0f1f 8400 | 706b 0095 | 4c89 5c24 

  0x0000026ed141868c: ;   {metadata('java/lang/StringBuilder')}
  0x0000026ed141868c: 2048 ba40 | 8000 de6e | 0200 0048 | 8b6c 2448 | 4c8b 5424 | 784c 8954 | 2470 6690 

  0x0000026ed14186a8: ;   {runtime_call _new_instance_Java}
  0x0000026ed14186a8: c5f8 77e8 

  0x0000026ed14186ac: ; ImmutableOopMap {rbp=Oop [32]=Oop [48]=Oop [72]=Oop [80]=Oop [88]=Oop [104]=Oop [112]=Oop [120]=Oop [128]=NarrowOop [136]=Oop [144]=Oop }
                      ;*new {reexecute=0 rethrow=0 return_oop=1}
                      ; - java.lang.StringConcatHelper::newString@38
                      ; - java.lang.StringConcatHelper::simpleConcat@90
                      ; - java.lang.String::concat@11
                      ; - java.net.URLClassLoader::isSealed@15
                      ; - java.net.URLClassLoader::getAndVerifyPackage@68
                      ; - java.net.URLClassLoader::defineClass@46
                      ; - java.net.URLClassLoader$1::run@43
                      ; - java.net.URLClassLoader$1::run@1
                      ; - java.security.AccessController::executePrivileged@29
                      ; - java.security.AccessController::doPrivileged@13
                      ; - java.net.URLClassLoader::findClass@13
  0x0000026ed14186ac: 50ef 83ff 

  0x0000026ed14186b0: ;   {other}
  0x0000026ed14186b0: 0f1f 8400 | a06b 0096 | e9c7 d6ff 

  0x0000026ed14186bc: ;   {metadata('java/lang/InternalError')}
  0x0000026ed14186bc: ff48 ba38 | 0701 de6e | 0200 0048 | 8b6c 2448 | 4c8b 5424 | 784c 8954 | 2428 6690 

  0x0000026ed14186d8: ;   {runtime_call _new_instance_Java}
  0x0000026ed14186d8: c5f8 77e8 

  0x0000026ed14186dc: ; ImmutableOopMap {rbp=Oop [40]=Oop [48]=Oop [72]=Oop [80]=Oop [88]=Oop [104]=Oop [120]=Oop [128]=NarrowOop [136]=Oop [144]=Oop }
                      ;*new {reexecute=0 rethrow=0 return_oop=1}
                      ; - java.lang.StringConcatHelper::newString@34
                      ; - java.lang.StringConcatHelper::simpleConcat@90
                      ; - java.lang.String::concat@11
                      ; - java.net.URLClassLoader::isSealed@15
                      ; - java.net.URLClassLoader::getAndVerifyPackage@68
                      ; - java.net.URLClassLoader::defineClass@46
                      ; - java.net.URLClassLoader$1::run@43
                      ; - java.net.URLClassLoader$1::run@1
                      ; - java.security.AccessController::executePrivileged@29
                      ; - java.security.AccessController::doPrivileged@13
                      ; - java.net.URLClassLoader::findClass@13
  0x0000026ed14186dc: 20ef 83ff 

  0x0000026ed14186e0: ;   {other}
  0x0000026ed14186e0: 0f1f 8400 | d06b 0097 | e943 d6ff | ffba 45ff | ffff 488b | 6c24 484c | 8b54 2450 | 4c89 5424 
  0x0000026ed1418700: 204c 8b54 | 2458 4c89 | 5424 404c | 8b54 2478 | 4c89 5424 | 504c 8b54 | 2460 4c89 | 5424 5844 
  0x0000026ed1418720: 8b94 2480 | 0000 0044 | 8954 2460 | 4c8b 9424 | 8800 0000 | 4c89 9424 | 8000 0000 | 4889 8424 
  0x0000026ed1418740: 9800 0000 | 8974 2464 

  0x0000026ed1418748: ;   {runtime_call UncommonTrapBlob}
  0x0000026ed1418748: c5f8 77e8 

  0x0000026ed141874c: ; ImmutableOopMap {rbp=Oop [32]=Oop [64]=Oop [80]=Oop [96]=NarrowOop [104]=Oop [128]=Oop [144]=Oop [152]=Oop }
                      ;*ifle {reexecute=1 rethrow=0 return_oop=0}
                      ; - (reexecute) java.util.HashMap::getNode@14
                      ; - java.util.HashMap::get@2
                      ; - java.util.jar.Manifest::getAttributes@5
                      ; - java.util.jar.Manifest::getTrustedAttributes@2
                      ; - java.util.jar.JavaUtilJarAccessImpl::getTrustedAttributes@2
                      ; - java.net.URLClassLoader::isSealed@18
                      ; - java.net.URLClassLoader::getAndVerifyPackage@68
                      ; - java.net.URLClassLoader::defineClass@46
                      ; - java.net.URLClassLoader$1::run@43
                      ; - java.net.URLClassLoader$1::run@1
                      ; - java.security.AccessController::executePrivileged@29
                      ; - java.security.AccessController::doPrivileged@13
                      ; - java.net.URLClassLoader::findClass@13
  0x0000026ed141874c: b0f3 76ff 

  0x0000026ed1418750: ;   {other}
  0x0000026ed1418750: 0f1f 8400 | 406c 0098 | ba45 ffff | ff48 8b6c | 2448 4c8b | 5424 504c | 8954 2420 | 4c8b 5424 
  0x0000026ed1418770: 584c 8954 | 2440 4c8b | 5424 784c | 8954 2450 | 4c8b 5424 | 604c 8954 | 2458 8b8c | 2480 0000 
  0x0000026ed1418790: 0089 4c24 | 604c 8b94 | 2488 0000 | 004c 894c | 2478 4c89 | 9424 8000 | 0000 4c89 | 8424 8800 
  0x0000026ed14187b0: 0000 4489 | 5c24 6490 

  0x0000026ed14187b8: ;   {runtime_call UncommonTrapBlob}
  0x0000026ed14187b8: c5f8 77e8 

  0x0000026ed14187bc: ; ImmutableOopMap {rbp=Oop [32]=Oop [64]=Oop [80]=Oop [96]=NarrowOop [104]=Oop [120]=Oop [128]=Oop [136]=Oop }
                      ;*ifle {reexecute=1 rethrow=0 return_oop=0}
                      ; - (reexecute) java.util.HashMap::getNode@14
                      ; - java.util.LinkedHashMap::get@2
                      ; - java.util.jar.Attributes::get@5
                      ; - java.util.jar.Attributes::getValue@2
                      ; - java.net.URLClassLoader::isSealed@58
                      ; - java.net.URLClassLoader::getAndVerifyPackage@68
                      ; - java.net.URLClassLoader::defineClass@46
                      ; - java.net.URLClassLoader$1::run@43
                      ; - java.net.URLClassLoader$1::run@1
                      ; - java.security.AccessController::executePrivileged@29
                      ; - java.security.AccessController::doPrivileged@13
                      ; - java.net.URLClassLoader::findClass@13
  0x0000026ed14187bc: 40f3 76ff 

  0x0000026ed14187c0: ;   {other}
  0x0000026ed14187c0: 0f1f 8400 | b06c 0099 | ba3f 0000 | 0048 8b6c | 2430 4c8b | 5424 504c | 8954 2420 | 4c8b 5424 
  0x0000026ed14187e0: 584c 8954 | 2448 4c8b | 5424 784c | 8954 2458 | 448b 9424 | 8000 0000 | 4489 5424 | 7866 6690 
  0x0000026ed1418800: ;   {runtime_call UncommonTrapBlob}
  0x0000026ed1418800: c5f8 77e8 

  0x0000026ed1418804: ; ImmutableOopMap {rbp=Oop [32]=Oop [64]=Oop [72]=Oop [88]=Oop [104]=Oop [112]=Oop [120]=NarrowOop [136]=Oop }
                      ;*new {reexecute=0 rethrow=0 return_oop=0}
                      ; - java.util.jar.Manifest::getTrustedAttributes@28
                      ; - java.util.jar.JavaUtilJarAccessImpl::getTrustedAttributes@2
                      ; - java.net.URLClassLoader::isSealed@18
                      ; - java.net.URLClassLoader::getAndVerifyPackage@68
                      ; - java.net.URLClassLoader::defineClass@46
                      ; - java.net.URLClassLoader$1::run@43
                      ; - java.net.URLClassLoader$1::run@1
                      ; - java.security.AccessController::executePrivileged@29
                      ; - java.security.AccessController::doPrivileged@13
                      ; - java.net.URLClassLoader::findClass@13
  0x0000026ed1418804: f8f2 76ff 

  0x0000026ed1418808: ;   {other}
  0x0000026ed1418808: 0f1f 8400 | f86c 009a | 4d8b ca44 | 8bd2 bace | ffff ff48 | 8b6c 2448 | 4c8b 4424 | 304c 8944 
  0x0000026ed1418828: 2428 4c8b | 4424 584c | 8944 2430 | 4c89 4c24 | 4089 4c24 | 484c 895c | 2450 895c | 244c 4489 
  0x0000026ed1418848: 5424 5890 

  0x0000026ed141884c: ;   {runtime_call UncommonTrapBlob}
  0x0000026ed141884c: c5f8 77e8 

  0x0000026ed1418850: ; ImmutableOopMap {rbp=Oop [40]=Oop [48]=Oop [72]=NarrowOop [80]=Oop }
                      ;*invokestatic inflate {reexecute=0 rethrow=0 return_oop=0}
                      ; - java.lang.String::getBytes@40
                      ; - java.lang.StringConcatHelper::prepend@21
                      ; - java.lang.StringConcatHelper::simpleConcat@81
                      ; - java.lang.String::concat@11
                      ; - java.net.URLClassLoader$1::run@13
                      ; - java.net.URLClassLoader$1::run@1
                      ; - java.security.AccessController::executePrivileged@29
                      ; - java.security.AccessController::doPrivileged@13
                      ; - java.net.URLClassLoader::findClass@13
  0x0000026ed1418850: acf2 76ff 

  0x0000026ed1418854: ;   {other}
  0x0000026ed1418854: 0f1f 8400 | 446d 009b | baf6 ffff | ff48 8b6c | 2448 4c8b | 5424 504c | 8954 2420 | 4c8b 5424 
  0x0000026ed1418874: 584c 8954 | 2440 4c89 | 6c24 504c | 8b54 2460 | 4c89 5424 | 5844 8b94 | 2480 0000 | 0044 8954 
  0x0000026ed1418894: 2460 448b | 5424 7844 | 8954 2474 | 4489 5c24 | 7c66 6690 

  0x0000026ed14188a8: ;   {runtime_call UncommonTrapBlob}
  0x0000026ed14188a8: c5f8 77e8 

  0x0000026ed14188ac: ; ImmutableOopMap {rbp=Oop [32]=Oop [64]=Oop [80]=Oop [96]=NarrowOop [104]=Oop [112]=NarrowOop [116]=NarrowOop [124]=NarrowOop }
                      ;*invokevirtual getEntryPos {reexecute=0 rethrow=0 return_oop=0}
                      ; - java.util.zip.ZipFile::getInputStream@63
                      ; - java.util.jar.JarFile::getInputStream@21
                      ; - jdk.internal.loader.URLClassPath$JarLoader$2::getInputStream@11
                      ; - jdk.internal.loader.Resource::cachedInputStream@9
                      ; - jdk.internal.loader.Resource::getByteBuffer@1
                      ; - java.net.URLClassLoader::defineClass@132
                      ; - java.net.URLClassLoader$1::run@43
                      ; - java.net.URLClassLoader$1::run@1
                      ; - java.security.AccessController::executePrivileged@29
                      ; - java.security.AccessController::doPrivileged@13
                      ; - java.net.URLClassLoader::findClass@13
  0x0000026ed14188ac: 50f2 76ff 

  0x0000026ed14188b0: ;   {other}
  0x0000026ed14188b0: 0f1f 8400 | a06d 009c 

  0x0000026ed14188b8: ;   {metadata('java/io/ByteArrayInputStream')}
  0x0000026ed14188b8: 48ba a023 | 05de 6e02 | 0000 488b | 6c24 4890 

  0x0000026ed14188c8: ;   {runtime_call _new_instance_Java}
  0x0000026ed14188c8: c5f8 77e8 

  0x0000026ed14188cc: ; ImmutableOopMap {rbp=Oop [32]=NarrowOop [40]=Oop [52]=NarrowOop [64]=Oop [72]=Oop [80]=Oop [88]=Oop [104]=Oop [112]=Oop [120]=Oop [128]=NarrowOop [132]=NarrowOop [136]=Oop }
                      ;*new {reexecute=0 rethrow=0 return_oop=1}
                      ; - java.util.jar.JarFile::getManifestFromReference@109
                      ; - java.util.jar.JarFile::getManifest@1
                      ; - jdk.internal.loader.URLClassPath$JarLoader$2::getManifest@22
                      ; - java.net.URLClassLoader::defineClass@34
                      ; - java.net.URLClassLoader$1::run@43
                      ; - java.net.URLClassLoader$1::run@1
                      ; - java.security.AccessController::executePrivileged@29
                      ; - java.security.AccessController::doPrivileged@13
                      ; - java.net.URLClassLoader::findClass@13
  0x0000026ed14188cc: 30ed 83ff 

  0x0000026ed14188d0: ;   {other}
  0x0000026ed14188d0: 0f1f 8400 | c06d 009d | e939 d7ff 

  0x0000026ed14188dc: ;   {metadata('java/util/jar/Manifest')}
  0x0000026ed14188dc: ff48 baa0 | e104 de6e | 0200 0048 | 8b6c 2448 

  0x0000026ed14188ec: ;   {runtime_call _new_instance_Java}
  0x0000026ed14188ec: c5f8 77e8 

  0x0000026ed14188f0: ; ImmutableOopMap {rbp=Oop [32]=NarrowOop [52]=NarrowOop [72]=Oop [80]=Oop [88]=Oop [104]=Oop [112]=Oop [120]=Oop [128]=NarrowOop [136]=Oop }
                      ;*new {reexecute=0 rethrow=0 return_oop=1}
                      ; - java.util.jar.JarFile::getManifestFromReference@101
                      ; - java.util.jar.JarFile::getManifest@1
                      ; - jdk.internal.loader.URLClassPath$JarLoader$2::getManifest@22
                      ; - java.net.URLClassLoader::defineClass@34
                      ; - java.net.URLClassLoader$1::run@43
                      ; - java.net.URLClassLoader$1::run@1
                      ; - java.security.AccessController::executePrivileged@29
                      ; - java.security.AccessController::doPrivileged@13
                      ; - java.net.URLClassLoader::findClass@13
  0x0000026ed14188f0: 0ced 83ff 

  0x0000026ed14188f4: ;   {other}
  0x0000026ed14188f4: 0f1f 8400 | e46d 009e | e99f d6ff 

  0x0000026ed1418900: ;   {metadata('java/util/jar/Attributes')}
  0x0000026ed1418900: ff48 ba40 | 8816 de6e | 0200 0048 | 8b6c 2448 

  0x0000026ed1418910: ;   {runtime_call _new_instance_Java}
  0x0000026ed1418910: c5f8 77e8 

  0x0000026ed1418914: ; ImmutableOopMap {rbp=Oop [32]=NarrowOop [40]=Oop [52]=NarrowOop [64]=Oop [72]=Oop [80]=Oop [88]=Oop [104]=Oop [120]=Oop [128]=NarrowOop [132]=NarrowOop [136]=Oop [144]=Oop }
                      ;*new {reexecute=0 rethrow=0 return_oop=1}
                      ; - java.util.jar.Manifest::<init>@5
                      ; - java.util.jar.JarFile::getManifestFromReference@121
                      ; - java.util.jar.JarFile::getManifest@1
                      ; - jdk.internal.loader.URLClassPath$JarLoader$2::getManifest@22
                      ; - java.net.URLClassLoader::defineClass@34
                      ; - java.net.URLClassLoader$1::run@43
                      ; - java.net.URLClassLoader$1::run@1
                      ; - java.security.AccessController::executePrivileged@29
                      ; - java.security.AccessController::doPrivileged@13
                      ; - java.net.URLClassLoader::findClass@13
  0x0000026ed1418914: e8ec 83ff 

  0x0000026ed1418918: ;   {other}
  0x0000026ed1418918: 0f1f 8400 | 086e 009f | e964 d7ff 

  0x0000026ed1418924: ;   {metadata('java/util/HashMap')}
  0x0000026ed1418924: ff48 ba68 | a908 de6e | 0200 0048 | 8b6c 2448 

  0x0000026ed1418934: ;   {runtime_call _new_instance_Java}
  0x0000026ed1418934: c5f8 77e8 

  0x0000026ed1418938: ; ImmutableOopMap {rbp=Oop [32]=NarrowOop [40]=Oop [52]=NarrowOop [56]=Oop [64]=Oop [72]=Oop [80]=Oop [88]=Oop [104]=Oop [120]=Oop [128]=NarrowOop [132]=NarrowOop [136]=Oop [144]=Oop }
                      ;*new {reexecute=0 rethrow=0 return_oop=1}
                      ; - java.util.jar.Manifest::<init>@16
                      ; - java.util.jar.JarFile::getManifestFromReference@121
                      ; - java.util.jar.JarFile::getManifest@1
                      ; - jdk.internal.loader.URLClassPath$JarLoader$2::getManifest@22
                      ; - java.net.URLClassLoader::defineClass@34
                      ; - java.net.URLClassLoader$1::run@43
                      ; - java.net.URLClassLoader$1::run@1
                      ; - java.security.AccessController::executePrivileged@29
                      ; - java.security.AccessController::doPrivileged@13
                      ; - java.net.URLClassLoader::findClass@13
  0x0000026ed1418938: c4ec 83ff 

  0x0000026ed141893c: ;   {other}
  0x0000026ed141893c: 0f1f 8400 | 2c6e 00a0 | 4c8b d0e9 | 56d8 ffff | ba45 ffff | ff4c 8b54 | 2450 4c89 | 5424 204c 
  0x0000026ed141895c: 8b54 2458 | 4c89 5424 | 484c 8b54 | 2478 4c89 | 5424 5844 | 8b94 2480 | 0000 0044 | 8954 2470 
  0x0000026ed141897c: 4c8b 9424 | 8800 0000 | 4c89 9424 | 8000 0000 | 4889 8424 | 9000 0000 

  0x0000026ed1418994: ;   {runtime_call UncommonTrapBlob}
  0x0000026ed1418994: c5f8 77e8 

  0x0000026ed1418998: ; ImmutableOopMap {rbp=Oop [32]=Oop [64]=Oop [72]=Oop [88]=Oop [104]=Oop [112]=NarrowOop [128]=Oop [144]=Oop }
                      ;*ifnonnull {reexecute=1 rethrow=0 return_oop=0}
                      ; - (reexecute) java.net.URLClassLoader::isSealed@42
                      ; - java.net.URLClassLoader::getAndVerifyPackage@68
                      ; - java.net.URLClassLoader::defineClass@46
                      ; - java.net.URLClassLoader$1::run@43
                      ; - java.net.URLClassLoader$1::run@1
                      ; - java.security.AccessController::executePrivileged@29
                      ; - java.security.AccessController::doPrivileged@13
                      ; - java.net.URLClassLoader::findClass@13
  0x0000026ed1418998: 64f1 76ff 

  0x0000026ed141899c: ;   {other}
  0x0000026ed141899c: 0f1f 8400 | 8c6e 00a1 | ba45 ffff | ff4c 8b54 | 2448 4c89 | 5424 204c | 8b54 2450 | 4c89 5424 
  0x0000026ed14189bc: 284c 8b54 | 2458 4c89 | 5424 484c | 8b54 2478 | 4c89 5424 | 5844 8b9c | 2480 0000 | 0044 895c 
  0x0000026ed14189dc: 2470 4c89 | 8c24 8000 | 0000 4c89 | 8424 9000 | 0000 4889 | bc24 9800 | 0000 6690 

  0x0000026ed14189f8: ;   {runtime_call UncommonTrapBlob}
  0x0000026ed14189f8: c5f8 77e8 

  0x0000026ed14189fc: ; ImmutableOopMap {[32]=Oop [40]=Oop [72]=Oop [88]=Oop [104]=Oop [112]=NarrowOop [128]=Oop [136]=Oop [144]=Oop [152]=Oop }
                      ;*ifeq {reexecute=1 rethrow=0 return_oop=0}
                      ; - (reexecute) java.util.LinkedHashMap::get@16
                      ; - java.util.jar.Attributes::get@5
                      ; - java.util.jar.Attributes::getValue@2
                      ; - java.net.URLClassLoader::isSealed@58
                      ; - java.net.URLClassLoader::getAndVerifyPackage@68
                      ; - java.net.URLClassLoader::defineClass@46
                      ; - java.net.URLClassLoader$1::run@43
                      ; - java.net.URLClassLoader$1::run@1
                      ; - java.security.AccessController::executePrivileged@29
                      ; - java.security.AccessController::doPrivileged@13
                      ; - java.net.URLClassLoader::findClass@13
  0x0000026ed14189fc: 00f1 76ff 

  0x0000026ed1418a00: ;   {other}
  0x0000026ed1418a00: 0f1f 8400 | f06e 00a2 

  0x0000026ed1418a08: ;   {metadata('java/lang/String')}
  0x0000026ed1418a08: 4d8b d348 | ba78 e800 | de6e 0200 | 004c 8b5c | 2448 4c89 | 5c24 204c | 8954 2438 

  0x0000026ed1418a24: ;   {runtime_call _new_instance_Java}
  0x0000026ed1418a24: c5f8 77e8 

  0x0000026ed1418a28: ; ImmutableOopMap {rbp=NarrowOop [32]=Oop [48]=Oop [56]=Oop [72]=Oop [88]=Oop }
                      ;*new {reexecute=0 rethrow=0 return_oop=1}
                      ; - java.lang.StringConcatHelper::newString@24
                      ; - java.lang.StringConcatHelper::simpleConcat@90
                      ; - java.lang.String::concat@11
                      ; - java.net.URLClassLoader$1::run@13
                      ; - java.net.URLClassLoader$1::run@1
                      ; - java.security.AccessController::executePrivileged@29
                      ; - java.security.AccessController::doPrivileged@13
                      ; - java.net.URLClassLoader::findClass@13
  0x0000026ed1418a28: d4eb 83ff 

  0x0000026ed1418a2c: ;   {other}
  0x0000026ed1418a2c: 0f1f 8400 | 1c6f 00a3 | e9b8 d8ff | ffba 45ff | ffff 4c8b | 5424 484c | 8954 2420 | 4c8b 5424 
  0x0000026ed1418a4c: 504c 8954 | 2428 6690 

  0x0000026ed1418a54: ;   {runtime_call UncommonTrapBlob}
  0x0000026ed1418a54: c5f8 77e8 

  0x0000026ed1418a58: ; ImmutableOopMap {rbp=NarrowOop [32]=Oop [40]=Oop [88]=Oop [112]=Oop [120]=Oop [128]=NarrowOop [136]=Oop [144]=Oop }
                      ;*ifnull {reexecute=1 rethrow=0 return_oop=0}
                      ; - (reexecute) java.util.concurrent.ConcurrentHashMap::get@143
                      ; - java.lang.ClassLoader::getDefinedPackage@13
                      ; - java.net.URLClassLoader::getAndVerifyPackage@2
                      ; - java.net.URLClassLoader::defineClass@46
                      ; - java.net.URLClassLoader$1::run@43
                      ; - java.net.URLClassLoader$1::run@1
                      ; - java.security.AccessController::executePrivileged@29
                      ; - java.security.AccessController::doPrivileged@13
                      ; - java.net.URLClassLoader::findClass@13
  0x0000026ed1418a58: a4f0 76ff 

  0x0000026ed1418a5c: ;   {other}
  0x0000026ed1418a5c: 0f1f 8400 | 4c6f 00a4 | ba45 ffff | ff4c 8b54 | 2440 4c89 | 5424 204c | 8b54 2458 | 4c89 5424 
  0x0000026ed1418a7c: 5089 8424 | 8400 0000 

  0x0000026ed1418a84: ;   {runtime_call UncommonTrapBlob}
  0x0000026ed1418a84: c5f8 77e8 

  0x0000026ed1418a88: ; ImmutableOopMap {rbp=Oop [32]=Oop [80]=Oop [112]=Oop [120]=Oop [128]=NarrowOop [136]=Oop [144]=Oop }
                      ;*ifeq {reexecute=1 rethrow=0 return_oop=0}
                      ; - (reexecute) java.util.concurrent.ConcurrentHashMap::get@152
                      ; - java.lang.ClassLoader::getDefinedPackage@13
                      ; - java.net.URLClassLoader::getAndVerifyPackage@2
                      ; - java.net.URLClassLoader::defineClass@46
                      ; - java.net.URLClassLoader$1::run@43
                      ; - java.net.URLClassLoader$1::run@1
                      ; - java.security.AccessController::executePrivileged@29
                      ; - java.security.AccessController::doPrivileged@13
                      ; - java.net.URLClassLoader::findClass@13
  0x0000026ed1418a88: 74f0 76ff 

  0x0000026ed1418a8c: ;   {other}
  0x0000026ed1418a8c: 0f1f 8400 | 7c6f 00a5 | bade ffff | ff4c 8b54 | 2450 4c89 | 5424 204c | 8b54 2458 | 4c89 5424 
  0x0000026ed1418aac: 484c 8b54 | 2478 4c89 | 5424 5844 | 8b9c 2480 | 0000 0044 | 895c 2478 

  0x0000026ed1418ac4: ;   {runtime_call UncommonTrapBlob}
  0x0000026ed1418ac4: c5f8 77e8 

  0x0000026ed1418ac8: ; ImmutableOopMap {rbp=Oop [32]=Oop [64]=Oop [72]=Oop [88]=Oop [104]=Oop [112]=Oop [120]=NarrowOop [136]=Oop }
                      ;*invokevirtual close {reexecute=0 rethrow=0 return_oop=0}
                      ; - java.util.jar.JarFile::getManifestFromReference@152
                      ; - java.util.jar.JarFile::getManifest@1
                      ; - jdk.internal.loader.URLClassPath$JarLoader$2::getManifest@22
                      ; - java.net.URLClassLoader::defineClass@34
                      ; - java.net.URLClassLoader$1::run@43
                      ; - java.net.URLClassLoader$1::run@1
                      ; - java.security.AccessController::executePrivileged@29
                      ; - java.security.AccessController::doPrivileged@13
                      ; - java.net.URLClassLoader::findClass@13
  0x0000026ed1418ac8: 34f0 76ff 

  0x0000026ed1418acc: ;   {other}
  0x0000026ed1418acc: 0f1f 8400 | bc6f 00a6 | bace ffff | ff48 8b6c | 2448 4c8b | 5c24 504c | 895c 2420 | 4c8b 5c24 
  0x0000026ed1418aec: 584c 895c | 2448 4c8b | 5c24 784c | 895c 2458 | 448b 9c24 | 8000 0000 | 4489 5c24 | 7444 8994 
  0x0000026ed1418b0c: 24b8 0000 | 0066 6690 

  0x0000026ed1418b14: ;   {runtime_call UncommonTrapBlob}
  0x0000026ed1418b14: c5f8 77e8 

  0x0000026ed1418b18: ; ImmutableOopMap {rbp=Oop [32]=Oop [64]=NarrowOop [72]=Oop [88]=Oop [104]=Oop [112]=NarrowOop [116]=NarrowOop [136]=Oop [144]=Oop [168]=Oop }
                      ;*invokestatic inflate {reexecute=0 rethrow=0 return_oop=0}
                      ; - java.lang.String::getBytes@40
                      ; - java.lang.StringConcatHelper::prepend@21
                      ; - java.lang.StringConcatHelper::simpleConcat@81
                      ; - java.lang.String::concat@11
                      ; - java.net.URLClassLoader::isSealed@15
                      ; - java.net.URLClassLoader::getAndVerifyPackage@68
                      ; - java.net.URLClassLoader::defineClass@46
                      ; - java.net.URLClassLoader$1::run@43
                      ; - java.net.URLClassLoader$1::run@1
                      ; - java.security.AccessController::executePrivileged@29
                      ; - java.security.AccessController::doPrivileged@13
                      ; - java.net.URLClassLoader::findClass@13
  0x0000026ed1418b18: e4ef 76ff 

  0x0000026ed1418b1c: ;   {other}
  0x0000026ed1418b1c: 0f1f 8400 | 0c70 00a7 | ba45 ffff | ff4c 8b54 | 2448 4c89 | 5424 204c | 8b54 2450 | 4c89 5424 
  0x0000026ed1418b3c: 2866 6690 

  0x0000026ed1418b40: ;   {runtime_call UncommonTrapBlob}
  0x0000026ed1418b40: c5f8 77e8 

  0x0000026ed1418b44: ; ImmutableOopMap {rbp=NarrowOop [32]=Oop [40]=Oop [88]=Oop [104]=NarrowOop [112]=Oop [120]=Oop [128]=NarrowOop [136]=Oop [144]=Oop }
                      ;*ifnull {reexecute=1 rethrow=0 return_oop=0}
                      ; - (reexecute) java.util.concurrent.ConcurrentHashMap::get@143
                      ; - java.lang.ClassLoader::definePackage@47
                      ; - java.lang.ClassLoader::getDefinedPackage@32
                      ; - java.net.URLClassLoader::getAndVerifyPackage@2
                      ; - java.net.URLClassLoader::defineClass@46
                      ; - java.net.URLClassLoader$1::run@43
                      ; - java.net.URLClassLoader$1::run@1
                      ; - java.security.AccessController::executePrivileged@29
                      ; - java.security.AccessController::doPrivileged@13
                      ; - java.net.URLClassLoader::findClass@13
  0x0000026ed1418b44: b8ef 76ff 

  0x0000026ed1418b48: ;   {other}
  0x0000026ed1418b48: 0f1f 8400 | 3870 00a8 | ba45 ffff | ff4c 8b5c | 2440 4c89 | 5c24 204c | 8b5c 2458 | 4c89 5c24 
  0x0000026ed1418b68: 5089 8424 | b800 0000 

  0x0000026ed1418b70: ;   {runtime_call UncommonTrapBlob}
  0x0000026ed1418b70: c5f8 77e8 

  0x0000026ed1418b74: ; ImmutableOopMap {rbp=Oop [32]=Oop [80]=Oop [104]=NarrowOop [112]=Oop [120]=Oop [128]=NarrowOop [136]=Oop [144]=Oop }
                      ;*ifeq {reexecute=1 rethrow=0 return_oop=0}
                      ; - (reexecute) java.util.concurrent.ConcurrentHashMap::get@152
                      ; - java.lang.ClassLoader::definePackage@47
                      ; - java.lang.ClassLoader::getDefinedPackage@32
                      ; - java.net.URLClassLoader::getAndVerifyPackage@2
                      ; - java.net.URLClassLoader::defineClass@46
                      ; - java.net.URLClassLoader$1::run@43
                      ; - java.net.URLClassLoader$1::run@1
                      ; - java.security.AccessController::executePrivileged@29
                      ; - java.security.AccessController::doPrivileged@13
                      ; - java.net.URLClassLoader::findClass@13
  0x0000026ed1418b74: 88ef 76ff 

  0x0000026ed1418b78: ;   {other}
  0x0000026ed1418b78: 0f1f 8400 | 6870 00a9 | ba45 ffff | ff48 8b6c | 2448 4c8b | 5424 504c | 8954 2420 | 4c8b 5424 
  0x0000026ed1418b98: 584c 8954 | 2440 4c8b | 5424 784c | 8954 2450 | 4c8b 5424 | 604c 8954 | 2458 448b | 9424 8000 
  0x0000026ed1418bb8: 0000 4489 | 5424 604c | 8b94 2488 | 0000 004c | 8994 2480 | 0000 004c | 898c 2488 | 0000 004c 
  0x0000026ed1418bd8: 898c 2490 | 0000 0048 | 898c 24a0 | 0000 0089 | 5c24 6444 | 899c 24a8 | 0000 0090 

  0x0000026ed1418bf4: ;   {runtime_call UncommonTrapBlob}
  0x0000026ed1418bf4: c5f8 77e8 

  0x0000026ed1418bf8: ; ImmutableOopMap {rbp=Oop [32]=Oop [64]=Oop [80]=Oop [96]=NarrowOop [100]=NarrowOop [104]=Oop [128]=Oop [136]=Oop [144]=Oop [160]=Oop }
                      ;*ifeq {reexecute=1 rethrow=0 return_oop=0}
                      ; - (reexecute) java.util.HashMap::getNode@85
                      ; - java.util.HashMap::get@2
                      ; - java.util.jar.Manifest::getAttributes@5
                      ; - java.util.jar.Manifest::getTrustedAttributes@2
                      ; - java.util.jar.JavaUtilJarAccessImpl::getTrustedAttributes@2
                      ; - java.net.URLClassLoader::isSealed@18
                      ; - java.net.URLClassLoader::getAndVerifyPackage@68
                      ; - java.net.URLClassLoader::defineClass@46
                      ; - java.net.URLClassLoader$1::run@43
                      ; - java.net.URLClassLoader$1::run@1
                      ; - java.security.AccessController::executePrivileged@29
                      ; - java.security.AccessController::doPrivileged@13
                      ; - java.net.URLClassLoader::findClass@13
  0x0000026ed1418bf8: 04ef 76ff 

  0x0000026ed1418bfc: ;   {other}
  0x0000026ed1418bfc: 0f1f 8400 | ec70 00aa | ba45 ffff | ff48 8b6c | 2448 488b | 4c24 5048 | 894c 2420 | 488b 4c24 
  0x0000026ed1418c1c: 5848 894c | 2440 488b | 4c24 7848 | 894c 2450 | 488b 4c24 | 6048 894c | 2458 8b8c | 2480 0000 
  0x0000026ed1418c3c: 0089 4c24 | 6048 8b8c | 2488 0000 | 004c 894c | 2478 4889 | 8c24 8000 | 0000 4c89 | 8424 8800 
  0x0000026ed1418c5c: 0000 4489 | 5c24 6444 | 8994 2490 | 0000 0090 

  0x0000026ed1418c6c: ;   {runtime_call UncommonTrapBlob}
  0x0000026ed1418c6c: c5f8 77e8 

  0x0000026ed1418c70: ; ImmutableOopMap {rbp=Oop [32]=Oop [64]=Oop [80]=Oop [96]=NarrowOop [100]=NarrowOop [104]=Oop [120]=Oop [128]=Oop [136]=Oop }
                      ;*ifeq {reexecute=1 rethrow=0 return_oop=0}
                      ; - (reexecute) java.util.HashMap::getNode@85
                      ; - java.util.LinkedHashMap::get@2
                      ; - java.util.jar.Attributes::get@5
                      ; - java.util.jar.Attributes::getValue@2
                      ; - java.net.URLClassLoader::isSealed@58
                      ; - java.net.URLClassLoader::getAndVerifyPackage@68
                      ; - java.net.URLClassLoader::defineClass@46
                      ; - java.net.URLClassLoader$1::run@43
                      ; - java.net.URLClassLoader$1::run@1
                      ; - java.security.AccessController::executePrivileged@29
                      ; - java.security.AccessController::doPrivileged@13
                      ; - java.net.URLClassLoader::findClass@13
  0x0000026ed1418c70: 8cee 76ff 

  0x0000026ed1418c74: ;   {other}
  0x0000026ed1418c74: 0f1f 8400 | 6471 00ab 

  0x0000026ed1418c7c: ;   {metadata('java/lang/String')}
  0x0000026ed1418c7c: 48ba 78e8 | 00de 6e02 | 0000 4c8b | 5424 484c | 8954 2438 

  0x0000026ed1418c90: ;   {runtime_call _new_instance_Java}
  0x0000026ed1418c90: c5f8 77e8 

  0x0000026ed1418c94: ; ImmutableOopMap {rbp=NarrowOop [32]=Oop [48]=Oop [56]=Oop [72]=Oop [80]=Oop [88]=Oop [104]=Oop [112]=NarrowOop [120]=Oop [128]=NarrowOop [136]=Oop [144]=Oop [168]=Oop }
                      ;*new {reexecute=0 rethrow=0 return_oop=1}
                      ; - java.lang.StringConcatHelper::newString@24
                      ; - java.lang.StringConcatHelper::simpleConcat@90
                      ; - java.lang.String::concat@11
                      ; - java.net.URLClassLoader::isSealed@15
                      ; - java.net.URLClassLoader::getAndVerifyPackage@68
                      ; - java.net.URLClassLoader::defineClass@46
                      ; - java.net.URLClassLoader$1::run@43
                      ; - java.net.URLClassLoader$1::run@1
                      ; - java.security.AccessController::executePrivileged@29
                      ; - java.security.AccessController::doPrivileged@13
                      ; - java.net.URLClassLoader::findClass@13
  0x0000026ed1418c94: 68e9 83ff 

  0x0000026ed1418c98: ;   {other}
  0x0000026ed1418c98: 0f1f 8400 | 8871 00ac | e915 d7ff | ff49 8bd7 | c5f8 7749 | ba20 a482 | 62fc 7f00 | 0041 ffd2 
  0x0000026ed1418cb8: ;   {other}
  0x0000026ed1418cb8: 0f1f 8400 | 0000 0000 | e985 caff | ff49 8bd7 | c5f8 7749 | ba20 a482 | 62fc 7f00 | 0041 ffd2 
  0x0000026ed1418cd8: ;   {other}
  0x0000026ed1418cd8: 0f1f 8400 | 0000 0000 | e916 caff | ff49 8bd7 | c5f8 7749 | ba20 a482 | 62fc 7f00 | 0041 ffd2 
  0x0000026ed1418cf8: ;   {other}
  0x0000026ed1418cf8: 0f1f 8400 | 0000 0000 | e9e9 c7ff | ff49 8bd7 | c5f8 7749 | ba20 a482 | 62fc 7f00 | 0041 ffd2 
  0x0000026ed1418d18: ;   {other}
  0x0000026ed1418d18: 0f1f 8400 | 0000 0000 | e9c4 c8ff | ff49 8bd7 | c5f8 7749 | ba20 a482 | 62fc 7f00 | 0041 ffd2 
  0x0000026ed1418d38: ;   {other}
  0x0000026ed1418d38: 0f1f 8400 | 0000 0000 | e9f9 c7ff | ff49 8bd7 | c5f8 7749 | ba20 a482 | 62fc 7f00 | 0041 ffd2 
  0x0000026ed1418d58: ;   {other}
  0x0000026ed1418d58: 0f1f 8400 | 0000 0000 | e9ee c8ff 

  0x0000026ed1418d64: ;   {metadata('java/lang/String')}
  0x0000026ed1418d64: ff48 ba78 | e800 de6e | 0200 0048 | 8b6c 2448 

  0x0000026ed1418d74: ;   {runtime_call _new_instance_Java}
  0x0000026ed1418d74: c5f8 77e8 

  0x0000026ed1418d78: ; ImmutableOopMap {rbp=Oop [32]=Oop [48]=Oop [72]=Oop [80]=Oop [88]=Oop [104]=Oop [112]=NarrowOop [120]=Oop [128]=NarrowOop [136]=Oop [144]=Oop }
                      ;*new {reexecute=0 rethrow=0 return_oop=1}
                      ; - java.lang.StringConcatHelper::simpleConcat@17
                      ; - java.lang.String::concat@11
                      ; - java.net.URLClassLoader::isSealed@15
                      ; - java.net.URLClassLoader::getAndVerifyPackage@68
                      ; - java.net.URLClassLoader::defineClass@46
                      ; - java.net.URLClassLoader$1::run@43
                      ; - java.net.URLClassLoader$1::run@1
                      ; - java.security.AccessController::executePrivileged@29
                      ; - java.security.AccessController::doPrivileged@13
                      ; - java.net.URLClassLoader::findClass@13
  0x0000026ed1418d78: 84e8 83ff 

  0x0000026ed1418d7c: ;   {other}
  0x0000026ed1418d7c: 0f1f 8400 | 6c72 00ad | e920 d7ff | ffba 45ff | ffff 4c8b | 5c24 504c | 895c 2428 | 4c8b 5c24 
  0x0000026ed1418d9c: 584c 895c | 2448 4c8b | 5c24 684c | 895c 2458 | 448b 9c24 | 8000 0000 | 4489 5c24 | 6848 8984 
  0x0000026ed1418dbc: 2480 0000 | 0066 6690 

  0x0000026ed1418dc4: ;   {runtime_call UncommonTrapBlob}
  0x0000026ed1418dc4: c5f8 77e8 

  0x0000026ed1418dc8: ; ImmutableOopMap {rbp=NarrowOop [32]=Oop [40]=Oop [72]=Oop [88]=Oop [104]=NarrowOop [120]=Oop [128]=Oop [136]=Oop }
                      ;*ifnull {reexecute=1 rethrow=0 return_oop=0}
                      ; - (reexecute) java.util.jar.JarFile::maybeInstantiateVerifier@27
                      ; - java.util.jar.JarFile::ensureInitialization@1
                      ; - java.util.jar.JavaUtilJarAccessImpl::ensureInitialization@1
                      ; - jdk.internal.loader.URLClassPath$JarLoader$2::getManifest@10
                      ; - java.net.URLClassLoader::defineClass@34
                      ; - java.net.URLClassLoader$1::run@43
                      ; - java.net.URLClassLoader$1::run@1
                      ; - java.security.AccessController::executePrivileged@29
                      ; - java.security.AccessController::doPrivileged@13
                      ; - java.net.URLClassLoader::findClass@13
  0x0000026ed1418dc8: 34ed 76ff 

  0x0000026ed1418dcc: ;   {other}
  0x0000026ed1418dcc: 0f1f 8400 | bc72 00ae | 4c8b 9424 | 9000 0000 | 458b 522c | 4585 d20f | 84a8 d8ff | ff4d 8b5f 
  0x0000026ed1418dec: 2849 8bca | 4d85 db0f | 8457 0d00 | 004d 8b57 | 384b 894c | 1af8 4983 | c3f8 4d89 | 5f28 e982 
  0x0000026ed1418e0c: d8ff ff4c | 8b94 2490 | 0000 0045 | 8b52 1445 | 85d2 0f84 | ffd9 ffff | 4d8b 5f28 | 498b ca4d 
  0x0000026ed1418e2c: 85db 0f84 | 5c0d 0000 | 4d8b 5738 | 4b89 4c1a | f849 83c3 | f84d 895f | 28e9 d9d9 | ffff 448b 
  0x0000026ed1418e4c: 5d1c 4585 | db0f 848b | d9ff ff4d | 8b57 2849 | 8bcb 4d85 | d20f 8409 | 0d00 004d | 8b5f 384b 
  0x0000026ed1418e6c: 894c 13f8 | 4983 c2f8 | 4d89 5728 | e965 d9ff | ff4c 8b94 | 2490 0000 | 0045 8b5a | 1045 85db 
  0x0000026ed1418e8c: 0f84 19db | ffff 4d8b | 5728 498b | cb4d 85d2 | 0f84 0e0d | 0000 4d8b | 5f38 4b89 | 4c13 f849 
  0x0000026ed1418eac: 83c2 f84d | 8957 28e9 | f3da ffff | 448b 551c | 4585 d20f | 84a5 daff | ff4d 8b5f 

  0x0000026ed1418ec8: ;   {no_reloc}
  0x0000026ed1418ec8: 2849 8bca | 4d85 db0f | 84fb 0c00 | 004d 8b57 | 384b 894c | 1af8 4983 | c3f8 4d89 | 5f28 e97f 
  0x0000026ed1418ee8: daff ff4c | 8b94 2490 | 0000 0045 | 8b52 2445 | 85d2 0f84 | 12de ffff | 4d8b 5f28 | 498b ca4d 
  0x0000026ed1418f08: 85db 0f84 | a00d 0000 | 4d8b 5738 | 4b89 4c1a | f849 83c3 | f84d 895f | 28e9 ecdd | ffff 4c8b 
  0x0000026ed1418f28: 9424 9000 | 0000 458b | 5238 4585 | d20f 841a | dfff ff4d | 8b5f 2849 | 8bca 4d85 | db0f 84c5 
  0x0000026ed1418f48: 0c00 004d | 8b57 384b | 894c 1af8 | 4983 c3f8 | 4d89 5f28 | e9f4 deff | ff4c 8b54 | 2468 458b 
  0x0000026ed1418f68: 5230 4585 | d20f 8428 | dfff ff4d | 8b5f 2849 | 8bca 4d85 | db0f 846d | 0c00 004d | 8b57 384b 
  0x0000026ed1418f88: 894c 1af8 | 4983 c3f8 | 4d89 5f28 | e902 dfff | ff4c 8b94 | 2490 0000 | 0045 8b52 | 3445 85d2 
  0x0000026ed1418fa8: 0f84 f8dd | ffff 4d8b | 5f28 498b | ca4d 85db | 0f84 d20c | 0000 4d8b | 5738 4b89 | 4c1a f849 
  0x0000026ed1418fc8: ;   {no_reloc}
  0x0000026ed1418fc8: 83c3 f84d | 895f 28e9 | d2dd ffff | 4c8b 9424 | 9000 0000 | 458b 521c | 4585 d20f | 84f2 dbff 
  0x0000026ed1418fe8: ff4d 8b5f | 2849 8bca | 4d85 db0f | 8437 0c00 | 004d 8b57 | 384b 894c | 1af8 4983 | c3f8 4d89 
  0x0000026ed1419008: 5f28 e9cc | dbff ff4c | 8b94 2490 | 0000 0045 | 8b52 1845 | 85d2 0f84 | 1cdb ffff | 4d8b 5f28 
  0x0000026ed1419028: 498b ca4d | 85db 0f84 | 1c0c 0000 | 4d8b 5738 | 4b89 4c1a | f849 83c3 | f84d 895f | 28e9 f6da 
  0x0000026ed1419048: ffff 448b | 5d1c 4585 | db0f 849b | daff ff4d | 8b57 2849 | 8bcb 4d85 | d20f 8409 | 0c00 004d 
  0x0000026ed1419068: 8b5f 384b | 894c 13f8 | 4983 c2f8 | 4d89 5728 | e975 daff | ff4d 8b57 | 484d 8b5f | 58f0 8344 
  0x0000026ed1419088: 24c0 0080 | 3900 0f84 | d3d7 ffff | 4488 214d | 85d2 7520 | 498b d7c5 | f877 49ba | 00a4 8262 
  0x0000026ed14190a8: fc7f 0000 

  0x0000026ed14190ac: ;   {other}
  0x0000026ed14190ac: 41ff d20f | 1f84 0000 | 0000 00e9 | abd7 ffff | 4b89 4c13 | f849 83c2 | f84d 8957 | 48e9 99d7 
  0x0000026ed14190cc: ffff 4d8b | 5758 4d8b | 5f48 f083 | 4424 c000 | 8039 000f | 8433 d7ff | ff44 8821 | 4d85 db75 
  0x0000026ed14190ec: 2049 8bd7 | c5f8 7749 | ba00 a482 | 62fc 7f00 | 0041 ffd2 

  0x0000026ed1419100: ;   {other}
  0x0000026ed1419100: 0f1f 8400 | 0000 0000 | e90b d7ff | ff4b 894c | 1af8 4983 | c3f8 4d89 | 5f48 e9f9 | d6ff ff4d 
  0x0000026ed1419120: 8b57 484d | 8b5f 58f0 | 8344 24c0 | 0080 3900 | 0f84 b9d8 | ffff 4488 | 214d 85d2 | 7520 498b 
  0x0000026ed1419140: d7c5 f877 | 49ba 00a4 | 8262 fc7f | 0000 41ff 

  0x0000026ed1419150: ;   {other}
  0x0000026ed1419150: d20f 1f84 | 0000 0000 | 00e9 91d8 | ffff 4b89 | 4c13 f849 | 83c2 f84d | 8957 48e9 | 7fd8 ffff 
  0x0000026ed1419170: 4d8b 5758 | 4d8b 5f48 | f083 4424 | c000 8039 | 000f 8419 | d8ff ff44 | 8821 4d85 | db75 2049 
  0x0000026ed1419190: 8bd7 c5f8 | 7749 ba00 | a482 62fc | 7f00 0041 

  0x0000026ed14191a0: ;   {other}
  0x0000026ed14191a0: ffd2 0f1f | 8400 0000 | 0000 e9f1 | d7ff ff4b | 894c 1af8 | 4983 c3f8 | 4d89 5f48 | e9df d7ff 
  0x0000026ed14191c0: ff4d 8b57 | 584d 8b5f | 48f0 8344 | 24c0 0080 | 3900 0f84 | 2fdb ffff | 4488 214d | 85db 7520 
  0x0000026ed14191e0: 498b d7c5 | f877 49ba | 00a4 8262 | fc7f 0000 

  0x0000026ed14191f0: ;   {other}
  0x0000026ed14191f0: 41ff d20f | 1f84 0000 | 0000 00e9 | 07db ffff | 4b89 4c1a | f849 83c3 | f84d 895f | 48e9 f5da 
  0x0000026ed1419210: ffff 4d8b | 5748 4d8b | 5f58 f083 | 4424 c000 | 8039 000f | 8426 dbff | ff44 8821 | 4d85 d275 
  0x0000026ed1419230: 2049 8bd7 | c5f8 7749 | ba00 a482 | 62fc 7f00 | 0041 ffd2 

  0x0000026ed1419244: ;   {other}
  0x0000026ed1419244: 0f1f 8400 | 0000 0000 | e9fe daff | ff4b 894c | 13f8 4983 | c2f8 4d89 | 5748 e9ec | daff ff4d 
  0x0000026ed1419264: 8b57 584d | 8b5f 48f0 | 8344 24c0 | 0080 3900 | 0f84 9cd9 | ffff 4488 | 214d 85db | 7520 498b 
  0x0000026ed1419284: d7c5 f877 | 49ba 00a4 | 8262 fc7f | 0000 41ff 

  0x0000026ed1419294: ;   {other}
  0x0000026ed1419294: d20f 1f84 | 0000 0000 | 00e9 74d9 | ffff 4b89 | 4c1a f849 | 83c3 f84d | 895f 48e9 | 62d9 ffff 
  0x0000026ed14192b4: 4d8b 5748 | 4d8b 5f58 | f083 4424 | c000 8039 | 000f 84b9 | d8ff ff44 | 8821 4d85 | d275 2049 
  0x0000026ed14192d4: 8bd7 c5f8 | 7749 ba00 | a482 62fc | 7f00 0041 

  0x0000026ed14192e4: ;   {other}
  0x0000026ed14192e4: ffd2 0f1f | 8400 0000 | 0000 e991 | d8ff ff4b | 894c 13f8 | 4983 c2f8 | 4d89 5748 | e97f d8ff 
  0x0000026ed1419304: ff4d 8b57 | 584d 8b5f | 48f0 8344 | 24c0 0080 | 3900 0f84 | 74db ffff | 4488 214d | 85db 7520 
  0x0000026ed1419324: 498b d7c5 | f877 49ba | 00a4 8262 | fc7f 0000 

  0x0000026ed1419334: ;   {other}
  0x0000026ed1419334: 41ff d20f | 1f84 0000 | 0000 00e9 | 4cdb ffff | 4b89 4c1a | f849 83c3 | f84d 895f | 48e9 3adb 
  0x0000026ed1419354: ffff 4d8b | 5758 4d8b | 5f48 f083 | 4424 c000 | 8039 000f | 8474 daff | ff44 8821 | 4d85 db75 
  0x0000026ed1419374: 2049 8bd7 | c5f8 7749 | ba00 a482 | 62fc 7f00 | 0041 ffd2 

  0x0000026ed1419388: ;   {other}
  0x0000026ed1419388: 0f1f 8400 | 0000 0000 | e94c daff | ff4b 894c | 1af8 4983 | c3f8 4d89 | 5f48 e93a | daff ff4d 
  0x0000026ed14193a8: 8b57 584d | 8b5f 48f0 | 8344 24c0 | 0080 3900 | 0f84 77d7 | ffff 4488 | 214d 85db | 7520 498b 
  0x0000026ed14193c8: d7c5 f877 | 49ba 00a4 | 8262 fc7f | 0000 41ff 

  0x0000026ed14193d8: ;   {other}
  0x0000026ed14193d8: d20f 1f84 | 0000 0000 | 00e9 4fd7 | ffff 4b89 | 4c1a f849 | 83c3 f84d | 895f 48e9 | 3dd7 ffff 
  0x0000026ed14193f8: 4d8b 5758 | 4d8b 5f48 | f083 4424 | c000 8039 | 000f 84d0 | d2ff ff44 | 8821 4d85 | db75 2049 
  0x0000026ed1419418: 8bd7 c5f8 | 7749 ba00 | a482 62fc | 7f00 0041 

  0x0000026ed1419428: ;   {other}
  0x0000026ed1419428: ffd2 0f1f | 8400 0000 | 0000 e9a8 | d2ff ff4b | 894c 1af8 | 4983 c3f8 | 4d89 5f48 | e996 d2ff 
  0x0000026ed1419448: ff4d 8b57 | 584d 8b5f | 48f0 8344 | 24c0 0080 | 3900 0f84 | 26d2 ffff | 4488 214d | 85db 7520 
  0x0000026ed1419468: 498b d7c5 | f877 49ba | 00a4 8262 | fc7f 0000 

  0x0000026ed1419478: ;   {other}
  0x0000026ed1419478: 41ff d20f | 1f84 0000 | 0000 00e9 | fed1 ffff | 4b89 4c1a | f849 83c3 | f84d 895f | 48e9 ecd1 
  0x0000026ed1419498: ffff baf6 | ffff ff48 | 8b6c 2438 | 4c8b 5424 | 504c 8954 | 2420 4c8b | 5424 584c | 8954 2440 
  0x0000026ed14194b8: 4c8b 5424 | 784c 8954 | 2450 4c8b | 5424 604c | 8954 2458 

  0x0000026ed14194cc: ;   {runtime_call UncommonTrapBlob}
  0x0000026ed14194cc: c5f8 77e8 

  0x0000026ed14194d0: ; ImmutableOopMap {rbp=Oop [32]=Oop [64]=Oop [80]=Oop [120]=Oop [128]=NarrowOop [136]=Oop [144]=Oop }
                      ;*arraylength {reexecute=0 rethrow=0 return_oop=0}
                      ; - java.lang.String::length@4
                      ; - java.lang.StringConcatHelper::prepend@2
                      ; - java.lang.StringConcatHelper::simpleConcat@81
                      ; - java.lang.String::concat@11
                      ; - java.net.URLClassLoader::isSealed@15
                      ; - java.net.URLClassLoader::getAndVerifyPackage@68
                      ; - java.net.URLClassLoader::defineClass@46
                      ; - java.net.URLClassLoader$1::run@43
                      ; - java.net.URLClassLoader$1::run@1
                      ; - java.security.AccessController::executePrivileged@29
                      ; - java.security.AccessController::doPrivileged@13
                      ; - java.net.URLClassLoader::findClass@13
  0x0000026ed14194d0: 2ce6 76ff 

  0x0000026ed14194d4: ;   {other}
  0x0000026ed14194d4: 0f1f 8400 | c479 00af | ba45 ffff | ff48 8b6c | 2430 4c8b | 5424 504c | 8954 2420 | 4c8b 5424 
  0x0000026ed14194f4: 584c 8954 | 2448 4c8b | 5424 684c | 8954 2458 | 448b 9c24 | 8000 0000 | 4489 5c24 | 7048 8984 
  0x0000026ed1419514: 2490 0000 | 0066 6690 

  0x0000026ed141951c: ;   {runtime_call UncommonTrapBlob}
  0x0000026ed141951c: c5f8 77e8 

  0x0000026ed1419520: ; ImmutableOopMap {rbp=Oop [32]=Oop [64]=NarrowOop [68]=NarrowOop [72]=Oop [88]=Oop [104]=Oop [112]=NarrowOop [144]=Oop }
                      ;*ifnull {reexecute=1 rethrow=0 return_oop=0}
                      ; - (reexecute) java.util.jar.JarFile::maybeInstantiateVerifier@27
                      ; - java.util.jar.JarFile::getInputStream@9
                      ; - jdk.internal.loader.URLClassPath$JarLoader$2::getInputStream@11
                      ; - jdk.internal.loader.Resource::cachedInputStream@9
                      ; - jdk.internal.loader.Resource::getByteBuffer@1
                      ; - java.net.URLClassLoader::defineClass@132
                      ; - java.net.URLClassLoader$1::run@43
                      ; - java.net.URLClassLoader$1::run@1
                      ; - java.security.AccessController::executePrivileged@29
                      ; - java.security.AccessController::doPrivileged@13
                      ; - java.net.URLClassLoader::findClass@13
  0x0000026ed1419520: dce5 76ff 

  0x0000026ed1419524: ;   {other}
  0x0000026ed1419524: 0f1f 8400 | 147a 00b0 | baf6 ffff | ff48 8b6c | 2448 4c8b | 5424 304c | 8954 2428 

  0x0000026ed1419540: ;   {runtime_call UncommonTrapBlob}
  0x0000026ed1419540: c5f8 77e8 

  0x0000026ed1419544: ; ImmutableOopMap {rbp=Oop [40]=Oop [88]=Oop }
                      ;*invokevirtual append {reexecute=0 rethrow=0 return_oop=0}
                      ; - java.lang.StringConcatHelper::newString@52
                      ; - java.lang.StringConcatHelper::simpleConcat@90
                      ; - java.lang.String::concat@11
                      ; - java.net.URLClassLoader$1::run@13
                      ; - java.net.URLClassLoader$1::run@1
                      ; - java.security.AccessController::executePrivileged@29
                      ; - java.security.AccessController::doPrivileged@13
                      ; - java.net.URLClassLoader::findClass@13
  0x0000026ed1419544: b8e5 76ff 

  0x0000026ed1419548: ;   {other}
  0x0000026ed1419548: 0f1f 8400 | 387a 00b1 | baf6 ffff | ff4c 8b54 | 2430 4c89 | 5424 2890 

  0x0000026ed1419560: ;   {runtime_call UncommonTrapBlob}
  0x0000026ed1419560: c5f8 77e8 

  0x0000026ed1419564: ; ImmutableOopMap {rbp=Oop [40]=Oop [88]=Oop }
                      ;*invokevirtual append {reexecute=0 rethrow=0 return_oop=0}
                      ; - java.lang.StringConcatHelper::newString@57
                      ; - java.lang.StringConcatHelper::simpleConcat@90
                      ; - java.lang.String::concat@11
                      ; - java.net.URLClassLoader$1::run@13
                      ; - java.net.URLClassLoader$1::run@1
                      ; - java.security.AccessController::executePrivileged@29
                      ; - java.security.AccessController::doPrivileged@13
                      ; - java.net.URLClassLoader::findClass@13
  0x0000026ed1419564: 98e5 76ff 

  0x0000026ed1419568: ;   {other}
  0x0000026ed1419568: 0f1f 8400 | 587a 00b2 | baf6 ffff | ff4c 8b54 | 2430 4c89 | 5424 2890 

  0x0000026ed1419580: ;   {runtime_call UncommonTrapBlob}
  0x0000026ed1419580: c5f8 77e8 

  0x0000026ed1419584: ; ImmutableOopMap {rbp=Oop [40]=Oop [88]=Oop }
                      ;*invokevirtual toString {reexecute=0 rethrow=0 return_oop=0}
                      ; - java.lang.StringConcatHelper::newString@60
                      ; - java.lang.StringConcatHelper::simpleConcat@90
                      ; - java.lang.String::concat@11
                      ; - java.net.URLClassLoader$1::run@13
                      ; - java.net.URLClassLoader$1::run@1
                      ; - java.security.AccessController::executePrivileged@29
                      ; - java.security.AccessController::doPrivileged@13
                      ; - java.net.URLClassLoader::findClass@13
  0x0000026ed1419584: 78e5 76ff 

  0x0000026ed1419588: ;   {other}
  0x0000026ed1419588: 0f1f 8400 | 787a 00b3 | baf6 ffff | ff4c 8b54 | 2450 4c89 | 5424 204c | 8b54 2458 | 4c89 5424 
  0x0000026ed14195a8: 484c 8b54 | 2470 4c89 | 5424 5890 

  0x0000026ed14195b4: ;   {runtime_call UncommonTrapBlob}
  0x0000026ed14195b4: c5f8 77e8 

  0x0000026ed14195b8: ; ImmutableOopMap {rbp=Oop [32]=Oop [72]=Oop [88]=Oop [120]=Oop [128]=NarrowOop [136]=Oop [144]=Oop }
                      ;*invokevirtual append {reexecute=0 rethrow=0 return_oop=0}
                      ; - java.lang.StringConcatHelper::newString@52
                      ; - java.lang.StringConcatHelper::simpleConcat@90
                      ; - java.lang.String::concat@11
                      ; - java.net.URLClassLoader::isSealed@15
                      ; - java.net.URLClassLoader::getAndVerifyPackage@68
                      ; - java.net.URLClassLoader::defineClass@46
                      ; - java.net.URLClassLoader$1::run@43
                      ; - java.net.URLClassLoader$1::run@1
                      ; - java.security.AccessController::executePrivileged@29
                      ; - java.security.AccessController::doPrivileged@13
                      ; - java.net.URLClassLoader::findClass@13
  0x0000026ed14195b8: 44e5 76ff 

  0x0000026ed14195bc: ;   {other}
  0x0000026ed14195bc: 0f1f 8400 | ac7a 00b4 | baf6 ffff | ff4c 8b54 | 2450 4c89 | 5424 204c | 8b54 2458 | 4c89 5424 
  0x0000026ed14195dc: 404c 8b54 | 2470 4c89 | 5424 504c | 8b54 2460 | 4c89 5424 | 5866 6690 

  0x0000026ed14195f4: ;   {runtime_call UncommonTrapBlob}
  0x0000026ed14195f4: c5f8 77e8 

  0x0000026ed14195f8: ; ImmutableOopMap {rbp=Oop [32]=Oop [64]=Oop [80]=Oop [120]=Oop [128]=NarrowOop [136]=Oop [144]=Oop }
                      ;*invokevirtual append {reexecute=0 rethrow=0 return_oop=0}
                      ; - java.lang.StringConcatHelper::newString@57
                      ; - java.lang.StringConcatHelper::simpleConcat@90
                      ; - java.lang.String::concat@11
                      ; - java.net.URLClassLoader::isSealed@15
                      ; - java.net.URLClassLoader::getAndVerifyPackage@68
                      ; - java.net.URLClassLoader::defineClass@46
                      ; - java.net.URLClassLoader$1::run@43
                      ; - java.net.URLClassLoader$1::run@1
                      ; - java.security.AccessController::executePrivileged@29
                      ; - java.security.AccessController::doPrivileged@13
                      ; - java.net.URLClassLoader::findClass@13
  0x0000026ed14195f8: 04e5 76ff 

  0x0000026ed14195fc: ;   {other}
  0x0000026ed14195fc: 0f1f 8400 | ec7a 00b5 | baf6 ffff | ff4c 8b54 | 2450 4c89 | 5424 204c | 8b54 2458 | 4c89 5424 
  0x0000026ed141961c: 404c 8b54 | 2470 4c89 | 5424 504c | 8b54 2460 | 4c89 5424 | 5866 6690 

  0x0000026ed1419634: ;   {runtime_call UncommonTrapBlob}
  0x0000026ed1419634: c5f8 77e8 

  0x0000026ed1419638: ; ImmutableOopMap {rbp=Oop [32]=Oop [64]=Oop [80]=Oop [120]=Oop [128]=NarrowOop [136]=Oop [144]=Oop }
                      ;*invokevirtual toString {reexecute=0 rethrow=0 return_oop=0}
                      ; - java.lang.StringConcatHelper::newString@60
                      ; - java.lang.StringConcatHelper::simpleConcat@90
                      ; - java.lang.String::concat@11
                      ; - java.net.URLClassLoader::isSealed@15
                      ; - java.net.URLClassLoader::getAndVerifyPackage@68
                      ; - java.net.URLClassLoader::defineClass@46
                      ; - java.net.URLClassLoader$1::run@43
                      ; - java.net.URLClassLoader$1::run@1
                      ; - java.security.AccessController::executePrivileged@29
                      ; - java.security.AccessController::doPrivileged@13
                      ; - java.net.URLClassLoader::findClass@13
  0x0000026ed1419638: c4e4 76ff 

  0x0000026ed141963c: ;   {other}
  0x0000026ed141963c: 0f1f 8400 | 2c7b 00b6 | ba45 ffff | ff4c 8b54 | 2428 4c89 | 5424 204c | 8b54 2450 | 4c89 5424 
  0x0000026ed141965c: 284c 8b54 | 2458 4c89 | 5424 484c | 8b54 2478 | 4c89 5424 | 5844 8b94 | 2480 0000 | 0044 8954 
  0x0000026ed141967c: 2478 8984 | 2480 0000 | 0066 6690 

  0x0000026ed1419688: ;   {runtime_call UncommonTrapBlob}
  0x0000026ed1419688: c5f8 77e8 

  0x0000026ed141968c: ; ImmutableOopMap {rbp=Oop [32]=Oop [40]=Oop [72]=Oop [88]=Oop [104]=Oop [112]=Oop [120]=NarrowOop [136]=Oop [144]=Oop }
                      ;*ifeq {reexecute=1 rethrow=0 return_oop=0}
                      ; - (reexecute) java.util.HashMap::getNode@131
                      ; - java.util.HashMap::get@2
                      ; - java.util.jar.Manifest::getAttributes@5
                      ; - java.util.jar.Manifest::getTrustedAttributes@2
                      ; - java.util.jar.JavaUtilJarAccessImpl::getTrustedAttributes@2
                      ; - java.net.URLClassLoader::isSealed@18
                      ; - java.net.URLClassLoader::getAndVerifyPackage@68
                      ; - java.net.URLClassLoader::defineClass@46
                      ; - java.net.URLClassLoader$1::run@43
                      ; - java.net.URLClassLoader$1::run@1
                      ; - java.security.AccessController::executePrivileged@29
                      ; - java.security.AccessController::doPrivileged@13
                      ; - java.net.URLClassLoader::findClass@13
  0x0000026ed141968c: 70e4 76ff 

  0x0000026ed1419690: ;   {other}
  0x0000026ed1419690: 0f1f 8400 | 807b 00b7 | ba45 ffff | ff4c 8b54 | 2450 4c89 | 5424 204c | 8b54 2458 | 4c89 5424 
  0x0000026ed14196b0: 484c 8b54 | 2478 4c89 | 5424 5844 | 8b94 2480 | 0000 0044 | 8954 2478 | 8984 2480 | 0000 0090 
  0x0000026ed14196d0: ;   {runtime_call UncommonTrapBlob}
  0x0000026ed14196d0: c5f8 77e8 

  0x0000026ed14196d4: ; ImmutableOopMap {rbp=Oop [32]=Oop [64]=Oop [72]=Oop [88]=Oop [104]=Oop [112]=Oop [120]=NarrowOop [136]=Oop [144]=Oop }
                      ;*ifeq {reexecute=1 rethrow=0 return_oop=0}
                      ; - (reexecute) java.util.HashMap::getNode@131
                      ; - java.util.LinkedHashMap::get@2
                      ; - java.util.jar.Attributes::get@5
                      ; - java.util.jar.Attributes::getValue@2
                      ; - java.net.URLClassLoader::isSealed@58
                      ; - java.net.URLClassLoader::getAndVerifyPackage@68
                      ; - java.net.URLClassLoader::defineClass@46
                      ; - java.net.URLClassLoader$1::run@43
                      ; - java.net.URLClassLoader$1::run@1
                      ; - java.security.AccessController::executePrivileged@29
                      ; - java.security.AccessController::doPrivileged@13
                      ; - java.net.URLClassLoader::findClass@13
  0x0000026ed14196d4: 28e4 76ff 

  0x0000026ed14196d8: ;   {other}
  0x0000026ed14196d8: 0f1f 8400 | c87b 00b8 

  0x0000026ed14196e0: ;   {metadata('java/util/jar/JarVerifier')}
  0x0000026ed14196e0: 48ba 789e | 16de 6e02 | 0000 6690 

  0x0000026ed14196ec: ;   {runtime_call _new_instance_Java}
  0x0000026ed14196ec: c5f8 77e8 

  0x0000026ed14196f0: ; ImmutableOopMap {rbp=Oop [32]=NarrowOop [52]=NarrowOop [64]=Oop [72]=Oop [80]=Oop [88]=Oop [104]=Oop [112]=Oop [120]=Oop [128]=NarrowOop [136]=Oop }
                      ;*new {reexecute=0 rethrow=0 return_oop=1}
                      ; - java.util.jar.JarFile::getManifestFromReference@69
                      ; - java.util.jar.JarFile::getManifest@1
                      ; - jdk.internal.loader.URLClassPath$JarLoader$2::getManifest@22
                      ; - java.net.URLClassLoader::defineClass@34
                      ; - java.net.URLClassLoader$1::run@43
                      ; - java.net.URLClassLoader$1::run@1
                      ; - java.security.AccessController::executePrivileged@29
                      ; - java.security.AccessController::doPrivileged@13
                      ; - java.net.URLClassLoader::findClass@13
  0x0000026ed14196f0: 0cdf 83ff 

  0x0000026ed14196f4: ;   {other}
  0x0000026ed14196f4: 0f1f 8400 | e47b 00b9 | e914 cfff 

  0x0000026ed1419700: ;   {metadata('java/util/Hashtable')}
  0x0000026ed1419700: ff48 bab8 | d300 de6e | 0200 0090 

  0x0000026ed141970c: ;   {runtime_call _new_instance_Java}
  0x0000026ed141970c: c5f8 77e8 

  0x0000026ed1419710: ; ImmutableOopMap {rbp=Oop [32]=NarrowOop [52]=NarrowOop [72]=Oop [80]=Oop [88]=Oop [104]=Oop [112]=Oop [120]=Oop [128]=NarrowOop [136]=Oop [144]=Oop }
                      ;*new {reexecute=0 rethrow=0 return_oop=1}
                      ; - java.util.jar.JarVerifier::<init>@35
                      ; - java.util.jar.JarFile::getManifestFromReference@78
                      ; - java.util.jar.JarFile::getManifest@1
                      ; - jdk.internal.loader.URLClassPath$JarLoader$2::getManifest@22
                      ; - java.net.URLClassLoader::defineClass@34
                      ; - java.net.URLClassLoader$1::run@43
                      ; - java.net.URLClassLoader$1::run@1
                      ; - java.security.AccessController::executePrivileged@29
                      ; - java.security.AccessController::doPrivileged@13
                      ; - java.net.URLClassLoader::findClass@13
  0x0000026ed1419710: ecde 83ff 

  0x0000026ed1419714: ;   {other}
  0x0000026ed1419714: 0f1f 8400 | 047c 00ba | e90b d0ff 

  0x0000026ed1419720: ;   {metadata('java/util/Hashtable$Entry'[])}
  0x0000026ed1419720: ff48 baa8 | 7f13 de6e | 0200 0041 | b80b 0000 | 0066 6690 

  0x0000026ed1419734: ;   {runtime_call _new_array_Java}
  0x0000026ed1419734: c5f8 77e8 

  0x0000026ed1419738: ; ImmutableOopMap {rbp=Oop [32]=NarrowOop [40]=Oop [52]=NarrowOop [72]=Oop [80]=Oop [88]=Oop [104]=Oop [112]=Oop [120]=Oop [128]=NarrowOop [136]=Oop [144]=Oop }
                      ;*anewarray {reexecute=0 rethrow=0 return_oop=1}
                      ; - java.util.Hashtable::<init>@93
                      ; - java.util.Hashtable::<init>@5
                      ; - java.util.jar.JarVerifier::<init>@39
                      ; - java.util.jar.JarFile::getManifestFromReference@78
                      ; - java.util.jar.JarFile::getManifest@1
                      ; - jdk.internal.loader.URLClassPath$JarLoader$2::getManifest@22
                      ; - java.net.URLClassLoader::defineClass@34
                      ; - java.net.URLClassLoader$1::run@43
                      ; - java.net.URLClassLoader$1::run@1
                      ; - java.security.AccessController::executePrivileged@29
                      ; - java.security.AccessController::doPrivileged@13
                      ; - java.net.URLClassLoader::findClass@13
  0x0000026ed1419738: c4db 83ff 

  0x0000026ed141973c: ;   {other}
  0x0000026ed141973c: 0f1f 8400 | 2c7c 00bb | 4c8b d0e9 | 88d0 ffff 

  0x0000026ed141974c: ;   {metadata('java/util/Hashtable')}
  0x0000026ed141974c: 48ba b8d3 | 00de 6e02 | 0000 488b | 6c24 2890 

  0x0000026ed141975c: ;   {runtime_call _new_instance_Java}
  0x0000026ed141975c: c5f8 77e8 

  0x0000026ed1419760: ; ImmutableOopMap {rbp=Oop [32]=NarrowOop [52]=NarrowOop [72]=Oop [80]=Oop [88]=Oop [104]=Oop [112]=Oop [120]=Oop [128]=NarrowOop [136]=Oop [144]=Oop }
                      ;*new {reexecute=0 rethrow=0 return_oop=1}
                      ; - java.util.jar.JarVerifier::<init>@46
                      ; - java.util.jar.JarFile::getManifestFromReference@78
                      ; - java.util.jar.JarFile::getManifest@1
                      ; - jdk.internal.loader.URLClassPath$JarLoader$2::getManifest@22
                      ; - java.net.URLClassLoader::defineClass@34
                      ; - java.net.URLClassLoader$1::run@43
                      ; - java.net.URLClassLoader$1::run@1
                      ; - java.security.AccessController::executePrivileged@29
                      ; - java.security.AccessController::doPrivileged@13
                      ; - java.net.URLClassLoader::findClass@13
  0x0000026ed1419760: 9cde 83ff 

  0x0000026ed1419764: ;   {other}
  0x0000026ed1419764: 0f1f 8400 | 547c 00bc | e943 d1ff 

  0x0000026ed1419770: ;   {metadata('java/util/Hashtable$Entry'[])}
  0x0000026ed1419770: ff48 baa8 | 7f13 de6e | 0200 0041 | b80b 0000 | 0066 6690 

  0x0000026ed1419784: ;   {runtime_call _new_array_Java}
  0x0000026ed1419784: c5f8 77e8 

  0x0000026ed1419788: ; ImmutableOopMap {rbp=Oop [32]=NarrowOop [40]=Oop [52]=NarrowOop [72]=Oop [80]=Oop [88]=Oop [104]=Oop [112]=Oop [120]=Oop [128]=NarrowOop [136]=Oop [144]=Oop }
                      ;*anewarray {reexecute=0 rethrow=0 return_oop=1}
                      ; - java.util.Hashtable::<init>@93
                      ; - java.util.Hashtable::<init>@5
                      ; - java.util.jar.JarVerifier::<init>@50
                      ; - java.util.jar.JarFile::getManifestFromReference@78
                      ; - java.util.jar.JarFile::getManifest@1
                      ; - jdk.internal.loader.URLClassPath$JarLoader$2::getManifest@22
                      ; - java.net.URLClassLoader::defineClass@34
                      ; - java.net.URLClassLoader$1::run@43
                      ; - java.net.URLClassLoader$1::run@1
                      ; - java.security.AccessController::executePrivileged@29
                      ; - java.security.AccessController::doPrivileged@13
                      ; - java.net.URLClassLoader::findClass@13
  0x0000026ed1419788: 74db 83ff 

  0x0000026ed141978c: ;   {other}
  0x0000026ed141978c: 0f1f 8400 | 7c7c 00bd | 4c8b d0e9 | c0d1 ffff 

  0x0000026ed141979c: ;   {metadata('java/util/Hashtable')}
  0x0000026ed141979c: 48ba b8d3 | 00de 6e02 | 0000 488b | 6c24 2890 

  0x0000026ed14197ac: ;   {runtime_call _new_instance_Java}
  0x0000026ed14197ac: c5f8 77e8 

  0x0000026ed14197b0: ; ImmutableOopMap {rbp=Oop [32]=NarrowOop [52]=NarrowOop [72]=Oop [80]=Oop [88]=Oop [104]=Oop [112]=Oop [120]=Oop [128]=NarrowOop [136]=Oop [144]=Oop }
                      ;*new {reexecute=0 rethrow=0 return_oop=1}
                      ; - java.util.jar.JarVerifier::<init>@57
                      ; - java.util.jar.JarFile::getManifestFromReference@78
                      ; - java.util.jar.JarFile::getManifest@1
                      ; - jdk.internal.loader.URLClassPath$JarLoader$2::getManifest@22
                      ; - java.net.URLClassLoader::defineClass@34
                      ; - java.net.URLClassLoader$1::run@43
                      ; - java.net.URLClassLoader$1::run@1
                      ; - java.security.AccessController::executePrivileged@29
                      ; - java.security.AccessController::doPrivileged@13
                      ; - java.net.URLClassLoader::findClass@13
  0x0000026ed14197b0: 4cde 83ff 

  0x0000026ed14197b4: ;   {other}
  0x0000026ed14197b4: 0f1f 8400 | a47c 00be | e97b d2ff 

  0x0000026ed14197c0: ;   {metadata('java/util/ArrayList')}
  0x0000026ed14197c0: ff48 bad0 | 890b de6e | 0200 0048 | 8b6c 2428 

  0x0000026ed14197d0: ;   {runtime_call _new_instance_Java}
  0x0000026ed14197d0: c5f8 77e8 

  0x0000026ed14197d4: ; ImmutableOopMap {rbp=Oop [32]=NarrowOop [48]=NarrowOop [52]=NarrowOop [72]=Oop [80]=Oop [88]=Oop [104]=Oop [112]=Oop [120]=Oop [128]=NarrowOop [136]=Oop [144]=Oop }
                      ;*new {reexecute=0 rethrow=0 return_oop=1}
                      ; - java.util.jar.JarVerifier::<init>@70
                      ; - java.util.jar.JarFile::getManifestFromReference@78
                      ; - java.util.jar.JarFile::getManifest@1
                      ; - jdk.internal.loader.URLClassPath$JarLoader$2::getManifest@22
                      ; - java.net.URLClassLoader::defineClass@34
                      ; - java.net.URLClassLoader$1::run@43
                      ; - java.net.URLClassLoader$1::run@1
                      ; - java.security.AccessController::executePrivileged@29
                      ; - java.security.AccessController::doPrivileged@13
                      ; - java.net.URLClassLoader::findClass@13
  0x0000026ed14197d4: 28de 83ff 

  0x0000026ed14197d8: ;   {other}
  0x0000026ed14197d8: 0f1f 8400 | c87c 00bf | 4c8b d0e9 | ddd3 ffff 

  0x0000026ed14197e8: ;   {metadata('java/io/ByteArrayOutputStream')}
  0x0000026ed14197e8: 48ba a000 | 22de 6e02 | 0000 488b | 6c24 4890 

  0x0000026ed14197f8: ;   {runtime_call _new_instance_Java}
  0x0000026ed14197f8: c5f8 77e8 

  0x0000026ed14197fc: ; ImmutableOopMap {rbp=Oop [32]=NarrowOop [48]=NarrowOop [52]=NarrowOop [72]=Oop [80]=Oop [88]=Oop [104]=Oop [112]=Oop [120]=Oop [128]=NarrowOop [136]=Oop [144]=Oop }
                      ;*new {reexecute=0 rethrow=0 return_oop=1}
                      ; - java.util.jar.JarVerifier::<init>@81
                      ; - java.util.jar.JarFile::getManifestFromReference@78
                      ; - java.util.jar.JarFile::getManifest@1
                      ; - jdk.internal.loader.URLClassPath$JarLoader$2::getManifest@22
                      ; - java.net.URLClassLoader::defineClass@34
                      ; - java.net.URLClassLoader$1::run@43
                      ; - java.net.URLClassLoader$1::run@1
                      ; - java.security.AccessController::executePrivileged@29
                      ; - java.security.AccessController::doPrivileged@13
                      ; - java.net.URLClassLoader::findClass@13
  0x0000026ed14197fc: 00de 83ff 

  0x0000026ed1419800: ;   {other}
  0x0000026ed1419800: 0f1f 8400 | f07c 00c0 | 4c8b d0e9 | 53d4 ffff 

  0x0000026ed1419810: ;   {metadata('java/util/ArrayList')}
  0x0000026ed1419810: 48ba d089 | 0bde 6e02 | 0000 488b | 6c24 4890 

  0x0000026ed1419820: ;   {runtime_call _new_instance_Java}
  0x0000026ed1419820: c5f8 77e8 

  0x0000026ed1419824: ; ImmutableOopMap {rbp=Oop [32]=NarrowOop [48]=NarrowOop [52]=NarrowOop [72]=Oop [80]=Oop [88]=Oop [104]=Oop [112]=Oop [120]=Oop [128]=NarrowOop [136]=Oop [144]=Oop }
                      ;*new {reexecute=0 rethrow=0 return_oop=1}
                      ; - java.util.jar.JarVerifier::<init>@92
                      ; - java.util.jar.JarFile::getManifestFromReference@78
                      ; - java.util.jar.JarFile::getManifest@1
                      ; - jdk.internal.loader.URLClassPath$JarLoader$2::getManifest@22
                      ; - java.net.URLClassLoader::defineClass@34
                      ; - java.net.URLClassLoader$1::run@43
                      ; - java.net.URLClassLoader$1::run@1
                      ; - java.security.AccessController::executePrivileged@29
                      ; - java.security.AccessController::doPrivileged@13
                      ; - java.net.URLClassLoader::findClass@13
  0x0000026ed1419824: d8dd 83ff 

  0x0000026ed1419828: ;   {other}
  0x0000026ed1419828: 0f1f 8400 | 187d 00c1 | 4c8b d0e9 | 58d5 ffff 

  0x0000026ed1419838: ;   {metadata('java/util/HashMap')}
  0x0000026ed1419838: 48ba 68a9 | 08de 6e02 | 0000 488b | 6c24 4890 

  0x0000026ed1419848: ;   {runtime_call _new_instance_Java}
  0x0000026ed1419848: c5f8 77e8 

  0x0000026ed141984c: ; ImmutableOopMap {rbp=Oop [32]=NarrowOop [48]=NarrowOop [52]=NarrowOop [72]=Oop [80]=Oop [88]=Oop [104]=Oop [112]=Oop [120]=Oop [128]=NarrowOop [136]=Oop [144]=Oop }
                      ;*new {reexecute=0 rethrow=0 return_oop=1}
                      ; - java.util.jar.JarVerifier::<init>@103
                      ; - java.util.jar.JarFile::getManifestFromReference@78
                      ; - java.util.jar.JarFile::getManifest@1
                      ; - jdk.internal.loader.URLClassPath$JarLoader$2::getManifest@22
                      ; - java.net.URLClassLoader::defineClass@34
                      ; - java.net.URLClassLoader$1::run@43
                      ; - java.net.URLClassLoader$1::run@1
                      ; - java.security.AccessController::executePrivileged@29
                      ; - java.security.AccessController::doPrivileged@13
                      ; - java.net.URLClassLoader::findClass@13
  0x0000026ed141984c: b0dd 83ff 

  0x0000026ed1419850: ;   {other}
  0x0000026ed1419850: 0f1f 8400 | 407d 00c2 | 4c8b d0e9 | dfd5 ffff | 41b8 2000 

  0x0000026ed1419864: ;   {metadata({type array byte})}
  0x0000026ed1419864: 0000 48ba | 1823 00de | 6e02 0000 | 4c8b 5424 | 484c 8954 | 2428 6690 

  0x0000026ed141987c: ;   {runtime_call _new_array_Java}
  0x0000026ed141987c: c5f8 77e8 

  0x0000026ed1419880: ; ImmutableOopMap {rbp=Oop [32]=NarrowOop [40]=Oop [48]=NarrowOop [52]=NarrowOop [72]=Oop [80]=Oop [88]=Oop [104]=Oop [112]=Oop [120]=Oop [128]=NarrowOop [136]=Oop [144]=Oop }
                      ;*newarray {reexecute=0 rethrow=0 return_oop=1}
                      ; - java.io.ByteArrayOutputStream::<init>@37
                      ; - java.io.ByteArrayOutputStream::<init>@3
                      ; - java.util.jar.JarVerifier::<init>@85
                      ; - java.util.jar.JarFile::getManifestFromReference@78
                      ; - java.util.jar.JarFile::getManifest@1
                      ; - jdk.internal.loader.URLClassPath$JarLoader$2::getManifest@22
                      ; - java.net.URLClassLoader::defineClass@34
                      ; - java.net.URLClassLoader$1::run@43
                      ; - java.net.URLClassLoader$1::run@1
                      ; - java.security.AccessController::executePrivileged@29
                      ; - java.security.AccessController::doPrivileged@13
                      ; - java.net.URLClassLoader::findClass@13
  0x0000026ed1419880: 7cda 83ff 

  0x0000026ed1419884: ;   {other}
  0x0000026ed1419884: 0f1f 8400 | 747d 00c3 | e93d d4ff 

  0x0000026ed1419890: ;   {metadata('java/util/Hashtable$Entry'[])}
  0x0000026ed1419890: ff48 baa8 | 7f13 de6e | 0200 0041 | b80b 0000 | 0066 6690 

  0x0000026ed14198a4: ;   {runtime_call _new_array_Java}
  0x0000026ed14198a4: c5f8 77e8 

  0x0000026ed14198a8: ; ImmutableOopMap {rbp=Oop [32]=NarrowOop [40]=Oop [52]=NarrowOop [72]=Oop [80]=Oop [88]=Oop [104]=Oop [112]=Oop [120]=Oop [128]=NarrowOop [136]=Oop [144]=Oop }
                      ;*anewarray {reexecute=0 rethrow=0 return_oop=1}
                      ; - java.util.Hashtable::<init>@93
                      ; - java.util.Hashtable::<init>@4
                      ; - java.util.jar.JarVerifier::<init>@63
                      ; - java.util.jar.JarFile::getManifestFromReference@78
                      ; - java.util.jar.JarFile::getManifest@1
                      ; - jdk.internal.loader.URLClassPath$JarLoader$2::getManifest@22
                      ; - java.net.URLClassLoader::defineClass@34
                      ; - java.net.URLClassLoader$1::run@43
                      ; - java.net.URLClassLoader$1::run@1
                      ; - java.security.AccessController::executePrivileged@29
                      ; - java.security.AccessController::doPrivileged@13
                      ; - java.net.URLClassLoader::findClass@13
  0x0000026ed14198a8: 54da 83ff 

  0x0000026ed14198ac: ;   {other}
  0x0000026ed14198ac: 0f1f 8400 | 9c7d 00c4 | 4c8b d0e9 | 28d2 ffff | 498b d7c5 | f877 49ba | 20a4 8262 | fc7f 0000 
  0x0000026ed14198cc: ;   {other}
  0x0000026ed14198cc: 41ff d20f | 1f84 0000 | 0000 00e9 | dcc8 ffff | 498b d7c5 | f877 49ba | 20a4 8262 | fc7f 0000 
  0x0000026ed14198ec: ;   {other}
  0x0000026ed14198ec: 41ff d20f | 1f84 0000 | 0000 00e9 | bec7 ffff | 498b d7c5 | f877 49ba | 20a4 8262 | fc7f 0000 
  0x0000026ed141990c: ;   {other}
  0x0000026ed141990c: 41ff d20f | 1f84 0000 | 0000 00e9 | f1c7 ffff | 498b d7c5 | f877 49ba | 20a4 8262 | fc7f 0000 
  0x0000026ed141992c: ;   {other}
  0x0000026ed141992c: 41ff d20f | 1f84 0000 | 0000 00e9 | f3c8 ffff | bae4 ffff | ff4c 8b54 | 2448 4c89 | 5424 204c 
  0x0000026ed141994c: 8b54 2450 | 4c89 5424 | 2866 6690 

  0x0000026ed1419958: ;   {runtime_call UncommonTrapBlob}
  0x0000026ed1419958: c5f8 77e8 

  0x0000026ed141995c: ; ImmutableOopMap {rbp=NarrowOop [32]=Oop [40]=Oop [88]=Oop [104]=NarrowOop [120]=Oop [128]=NarrowOop [136]=Oop [144]=Oop }
                      ;*baload {reexecute=0 rethrow=0 return_oop=0}
                      ; - java.lang.StringLatin1::hashCode@34
                      ; - java.lang.String::hashCode@27
                      ; - java.util.concurrent.ConcurrentHashMap::get@1
                      ; - java.lang.ClassLoader::getDefinedPackage@13
                      ; - java.net.URLClassLoader::getAndVerifyPackage@2
                      ; - java.net.URLClassLoader::defineClass@46
                      ; - java.net.URLClassLoader$1::run@43
                      ; - java.net.URLClassLoader$1::run@1
                      ; - java.security.AccessController::executePrivileged@29
                      ; - java.security.AccessController::doPrivileged@13
                      ; - java.net.URLClassLoader::findClass@13
  0x0000026ed141995c: a0e1 76ff 

  0x0000026ed1419960: ;   {other}
  0x0000026ed1419960: 0f1f 8400 | 507e 00c5 | bae4 ffff | ff48 8b6c | 2448 4c8b | 4424 504c | 8944 2420 | 4c8b 4424 
  0x0000026ed1419980: 584c 8944 | 2440 4c8b | 4424 784c | 8944 2450 | 4c8b 4424 | 604c 8944 | 2458 8b9c | 2480 0000 
  0x0000026ed14199a0: 0089 5c24 | 604c 8b84 | 2488 0000 | 004c 8984 | 2480 0000 | 0048 8984 | 24a0 0000 | 0044 8954 
  0x0000026ed14199c0: 2464 89b4 | 24a8 0000 | 0048 8984 | 24b0 0000 | 0044 899c | 24ac 0000 | 0066 6690 

  0x0000026ed14199dc: ;   {runtime_call UncommonTrapBlob}
  0x0000026ed14199dc: c5f8 77e8 

  0x0000026ed14199e0: ; ImmutableOopMap {rbp=Oop [32]=Oop [64]=Oop [80]=Oop [96]=NarrowOop [100]=NarrowOop [104]=Oop [128]=Oop [144]=Oop [160]=Oop [172]=NarrowOop [176]=Oop }
                      ;*baload {reexecute=0 rethrow=0 return_oop=0}
                      ; - java.lang.StringLatin1::hashCode@34
                      ; - java.lang.String::hashCode@27
                      ; - java.util.HashMap::hash@9
                      ; - java.util.HashMap::getNode@23
                      ; - java.util.HashMap::get@2
                      ; - java.util.jar.Manifest::getAttributes@5
                      ; - java.util.jar.Manifest::getTrustedAttributes@2
                      ; - java.util.jar.JavaUtilJarAccessImpl::getTrustedAttributes@2
                      ; - java.net.URLClassLoader::isSealed@18
                      ; - java.net.URLClassLoader::getAndVerifyPackage@68
                      ; - java.net.URLClassLoader::defineClass@46
                      ; - java.net.URLClassLoader$1::run@43
                      ; - java.net.URLClassLoader$1::run@1
                      ; - java.security.AccessController::executePrivileged@29
                      ; - java.security.AccessController::doPrivileged@13
                      ; - java.net.URLClassLoader::findClass@13
  0x0000026ed14199e0: 1ce1 76ff 

  0x0000026ed14199e4: ;   {other}
  0x0000026ed14199e4: 0f1f 8400 | d47e 00c6 | bade ffff | ff4c 8b54 | 2450 4c89 | 5424 204c | 8b54 2458 | 4c89 5424 
  0x0000026ed1419a04: 484c 8b54 | 2478 4c89 | 5424 5844 | 8b9c 2480 | 0000 0044 | 895c 2478 | 4c8b 9424 | 8800 0000 
  0x0000026ed1419a24: 4c89 9424 | 8000 0000 

  0x0000026ed1419a2c: ;   {runtime_call UncommonTrapBlob}
  0x0000026ed1419a2c: c5f8 77e8 

  0x0000026ed1419a30: ; ImmutableOopMap {rbp=Oop [32]=Oop [64]=Oop [72]=Oop [88]=Oop [104]=Oop [112]=Oop [120]=NarrowOop [128]=Oop [144]=Oop }
                      ;*invokevirtual getName {reexecute=0 rethrow=0 return_oop=0}
                      ; - java.util.jar.JarFile::getManifestFromReference@74
                      ; - java.util.jar.JarFile::getManifest@1
                      ; - jdk.internal.loader.URLClassPath$JarLoader$2::getManifest@22
                      ; - java.net.URLClassLoader::defineClass@34
                      ; - java.net.URLClassLoader$1::run@43
                      ; - java.net.URLClassLoader$1::run@1
                      ; - java.security.AccessController::executePrivileged@29
                      ; - java.security.AccessController::doPrivileged@13
                      ; - java.net.URLClassLoader::findClass@13
  0x0000026ed1419a30: cce0 76ff 

  0x0000026ed1419a34: ;   {other}
  0x0000026ed1419a34: 0f1f 8400 | 247f 00c7 | ba0f 0000 | 004c 8b54 | 2428 4c89 | 5424 204c | 8b54 2450 | 4c89 5424 
  0x0000026ed1419a54: 284c 8b54 | 2458 4c89 | 5424 484c | 8b54 2478 | 4c89 5424 | 5844 8b9c | 2480 0000 | 0044 895c 
  0x0000026ed1419a74: 2478 4c8b | 9424 8800 | 0000 4c89 | 9424 8000 | 0000 6690 

  0x0000026ed1419a88: ;   {runtime_call UncommonTrapBlob}
  0x0000026ed1419a88: c5f8 77e8 

  0x0000026ed1419a8c: ; ImmutableOopMap {rbp=Oop [32]=Oop [40]=Oop [72]=Oop [88]=Oop [104]=Oop [112]=Oop [120]=NarrowOop [128]=Oop [144]=Oop }
                      ;*new {reexecute=0 rethrow=0 return_oop=0}
                      ; - java.util.Hashtable::<init>@53
                      ; - java.util.Hashtable::<init>@5
                      ; - java.util.jar.JarVerifier::<init>@39
                      ; - java.util.jar.JarFile::getManifestFromReference@78
                      ; - java.util.jar.JarFile::getManifest@1
                      ; - jdk.internal.loader.URLClassPath$JarLoader$2::getManifest@22
                      ; - java.net.URLClassLoader::defineClass@34
                      ; - java.net.URLClassLoader$1::run@43
                      ; - java.net.URLClassLoader$1::run@1
                      ; - java.security.AccessController::executePrivileged@29
                      ; - java.security.AccessController::doPrivileged@13
                      ; - java.net.URLClassLoader::findClass@13
  0x0000026ed1419a8c: 70e0 76ff 

  0x0000026ed1419a90: ;   {other}
  0x0000026ed1419a90: 0f1f 8400 | 807f 00c8 | ba0f 0000 | 004c 8b54 | 2428 4c89 | 5424 204c | 8b54 2450 | 4c89 5424 
  0x0000026ed1419ab0: 284c 8b54 | 2458 4c89 | 5424 484c | 8b54 2478 | 4c89 5424 | 5844 8b9c | 2480 0000 | 0044 895c 
  0x0000026ed1419ad0: 2478 4c8b | 9424 8800 | 0000 4c89 | 9424 8000 | 0000 6690 

  0x0000026ed1419ae4: ;   {runtime_call UncommonTrapBlob}
  0x0000026ed1419ae4: c5f8 77e8 

  0x0000026ed1419ae8: ; ImmutableOopMap {rbp=Oop [32]=Oop [40]=Oop [72]=Oop [88]=Oop [104]=Oop [112]=Oop [120]=NarrowOop [128]=Oop [144]=Oop }
                      ;*new {reexecute=0 rethrow=0 return_oop=0}
                      ; - java.util.Hashtable::<init>@53
                      ; - java.util.Hashtable::<init>@5
                      ; - java.util.jar.JarVerifier::<init>@50
                      ; - java.util.jar.JarFile::getManifestFromReference@78
                      ; - java.util.jar.JarFile::getManifest@1
                      ; - jdk.internal.loader.URLClassPath$JarLoader$2::getManifest@22
                      ; - java.net.URLClassLoader::defineClass@34
                      ; - java.net.URLClassLoader$1::run@43
                      ; - java.net.URLClassLoader$1::run@1
                      ; - java.security.AccessController::executePrivileged@29
                      ; - java.security.AccessController::doPrivileged@13
                      ; - java.net.URLClassLoader::findClass@13
  0x0000026ed1419ae8: 14e0 76ff 

  0x0000026ed1419aec: ;   {other}
  0x0000026ed1419aec: 0f1f 8400 | dc7f 00c9 | ba0f 0000 | 004c 8b54 | 2428 4c89 | 5424 204c | 8b54 2450 | 4c89 5424 
  0x0000026ed1419b0c: 284c 8b54 | 2458 4c89 | 5424 484c | 8b54 2478 | 4c89 5424 | 5844 8b9c | 2480 0000 | 0044 895c 
  0x0000026ed1419b2c: 2478 4c8b | 9424 8800 | 0000 4c89 | 9424 8000 | 0000 6690 

  0x0000026ed1419b40: ;   {runtime_call UncommonTrapBlob}
  0x0000026ed1419b40: c5f8 77e8 

  0x0000026ed1419b44: ; ImmutableOopMap {rbp=Oop [32]=Oop [40]=Oop [72]=Oop [88]=Oop [104]=Oop [112]=Oop [120]=NarrowOop [128]=Oop [144]=Oop }
                      ;*new {reexecute=0 rethrow=0 return_oop=0}
                      ; - java.util.Hashtable::<init>@53
                      ; - java.util.Hashtable::<init>@4
                      ; - java.util.jar.JarVerifier::<init>@63
                      ; - java.util.jar.JarFile::getManifestFromReference@78
                      ; - java.util.jar.JarFile::getManifest@1
                      ; - jdk.internal.loader.URLClassPath$JarLoader$2::getManifest@22
                      ; - java.net.URLClassLoader::defineClass@34
                      ; - java.net.URLClassLoader$1::run@43
                      ; - java.net.URLClassLoader$1::run@1
                      ; - java.security.AccessController::executePrivileged@29
                      ; - java.security.AccessController::doPrivileged@13
                      ; - java.net.URLClassLoader::findClass@13
  0x0000026ed1419b44: b8df 76ff 

  0x0000026ed1419b48: ;   {other}
  0x0000026ed1419b48: 0f1f 8400 | 3880 00ca | 498b d7c5 | f877 49ba | 20a4 8262 | fc7f 0000 

  0x0000026ed1419b60: ;   {other}
  0x0000026ed1419b60: 41ff d20f | 1f84 0000 | 0000 00e9 | 21cb ffff | 498b d7c5 | f877 49ba | 20a4 8262 | fc7f 0000 
  0x0000026ed1419b80: ;   {other}
  0x0000026ed1419b80: 41ff d20f | 1f84 0000 | 0000 00e9 | 52cc ffff | 498b d7c5 | f877 49ba | 20a4 8262 | fc7f 0000 
  0x0000026ed1419ba0: ;   {other}
  0x0000026ed1419ba0: 41ff d20f | 1f84 0000 | 0000 00e9 | 73cc ffff | 498b d7c5 | f877 49ba | 20a4 8262 | fc7f 0000 
  0x0000026ed1419bc0: ;   {other}
  0x0000026ed1419bc0: 41ff d20f | 1f84 0000 | 0000 00e9 | dbcd ffff | 498b d7c5 | f877 49ba | 20a4 8262 | fc7f 0000 
  0x0000026ed1419be0: ;   {other}
  0x0000026ed1419be0: 41ff d20f | 1f84 0000 | 0000 00e9 | 7acd ffff | 498b d7c5 | f877 49ba | 20a4 8262 | fc7f 0000 
  0x0000026ed1419c00: ;   {other}
  0x0000026ed1419c00: 41ff d20f | 1f84 0000 | 0000 00e9 | 8bd2 ffff | 498b d7c5 | f877 49ba | 20a4 8262 | fc7f 0000 
  0x0000026ed1419c20: ;   {other}
  0x0000026ed1419c20: 41ff d20f | 1f84 0000 | 0000 00e9 | 25d2 ffff | 498b d7c5 | f877 49ba | 20a4 8262 | fc7f 0000 
  0x0000026ed1419c40: ;   {other}
  0x0000026ed1419c40: 41ff d20f | 1f84 0000 | 0000 00e9 | 8bcf ffff | 498b d7c5 | f877 49ba | 20a4 8262 | fc7f 0000 
  0x0000026ed1419c60: ;   {other}
  0x0000026ed1419c60: 41ff d20f | 1f84 0000 | 0000 00e9 | d0ce ffff | 498b d7c5 | f877 49ba | 20a4 8262 | fc7f 0000 
  0x0000026ed1419c80: ;   {other}
  0x0000026ed1419c80: 41ff d20f | 1f84 0000 | 0000 00e9 | 62ce ffff | 498b d7c5 | f877 49ba | 20a4 8262 | fc7f 0000 
  0x0000026ed1419ca0: ;   {other}
  0x0000026ed1419ca0: 41ff d20f | 1f84 0000 | 0000 00e9 | f6d0 ffff | 498b d7c5 | f877 49ba | 20a4 8262 | fc7f 0000 
  0x0000026ed1419cc0: ;   {other}
  0x0000026ed1419cc0: 41ff d20f | 1f84 0000 | 0000 00e9 | 42d0 ffff | bade ffff | ff48 8b6c | 2448 448b | 5c24 4444 
  0x0000026ed1419ce0: 895c 2420 | 4c8b 5424 | 584c 8954 | 2448 448b | 5424 4044 | 8954 2424 | 4889 4424 | 5866 6690 
  0x0000026ed1419d00: ;   {runtime_call UncommonTrapBlob}
  0x0000026ed1419d00: c5f8 77e8 

  0x0000026ed1419d04: ; ImmutableOopMap {rbp=Oop [36]=NarrowOop [56]=Oop [72]=Oop [88]=Oop [96]=Oop [104]=Oop [112]=Oop }
                      ;*checkcast {reexecute=0 rethrow=0 return_oop=0}
                      ; - java.util.jar.JarFile::getJarEntry@5
                      ; - jdk.internal.loader.URLClassPath$JarLoader::getResource@22
                      ; - jdk.internal.loader.URLClassPath::getResource@53
                      ; - java.net.URLClassLoader$1::run@26
                      ; - java.net.URLClassLoader$1::run@1
                      ; - java.security.AccessController::executePrivileged@29
                      ; - java.security.AccessController::doPrivileged@13
                      ; - java.net.URLClassLoader::findClass@13
  0x0000026ed1419d04: f8dd 76ff 

  0x0000026ed1419d08: ;   {other}
  0x0000026ed1419d08: 0f1f 8400 | f881 00cb | bade ffff | ff4c 8b54 | 2448 4c89 | 5424 204c | 8b54 2450 | 4c89 5424 
  0x0000026ed1419d28: 284c 8b54 | 2478 4c89 | 5424 7044 | 8b94 2480 | 0000 0044 | 8954 2478 | 4c8b 9424 | 8800 0000 
  0x0000026ed1419d48: 4c89 9424 | 8000 0000 

  0x0000026ed1419d50: ;   {runtime_call UncommonTrapBlob}
  0x0000026ed1419d50: c5f8 77e8 

  0x0000026ed1419d54: ; ImmutableOopMap {rbp=NarrowOop [32]=Oop [40]=Oop [88]=Oop [112]=Oop [120]=NarrowOop [128]=Oop [136]=Oop [144]=Oop }
                      ;*checkcast {reexecute=0 rethrow=0 return_oop=0}
                      ; - java.lang.ClassLoader::getDefinedPackage@16
                      ; - java.net.URLClassLoader::getAndVerifyPackage@2
                      ; - java.net.URLClassLoader::defineClass@46
                      ; - java.net.URLClassLoader$1::run@43
                      ; - java.net.URLClassLoader$1::run@1
                      ; - java.security.AccessController::executePrivileged@29
                      ; - java.security.AccessController::doPrivileged@13
                      ; - java.net.URLClassLoader::findClass@13
  0x0000026ed1419d54: a8dd 76ff 

  0x0000026ed1419d58: ;   {other}
  0x0000026ed1419d58: 0f1f 8400 | 4882 00cc | bade ffff | ff48 8b6c | 2448 4c8b | 5424 304c | 8954 2420 | 4c8b 5424 
  0x0000026ed1419d78: 584c 8954 | 2448 4c8b | 5424 784c | 8954 2458 | 4889 8424 | 8000 0000 

  0x0000026ed1419d90: ;   {runtime_call UncommonTrapBlob}
  0x0000026ed1419d90: c5f8 77e8 

  0x0000026ed1419d94: ; ImmutableOopMap {rbp=Oop [32]=Oop [72]=Oop [88]=Oop [104]=NarrowOop [128]=Oop [136]=Oop [144]=Oop }
                      ;*checkcast {reexecute=0 rethrow=0 return_oop=0}
                      ; - java.lang.ClassLoader::definePackage@81
                      ; - java.lang.ClassLoader::getDefinedPackage@32
                      ; - java.net.URLClassLoader::getAndVerifyPackage@2
                      ; - java.net.URLClassLoader::defineClass@46
                      ; - java.net.URLClassLoader$1::run@43
                      ; - java.net.URLClassLoader$1::run@1
                      ; - java.security.AccessController::executePrivileged@29
                      ; - java.security.AccessController::doPrivileged@13
                      ; - java.net.URLClassLoader::findClass@13
  0x0000026ed1419d94: 68dd 76ff 

  0x0000026ed1419d98: ;   {other}
  0x0000026ed1419d98: 0f1f 8400 | 8882 00cd | bade ffff | ff4c 8b54 | 2448 4c89 | 5424 204c | 8b54 2450 | 4c89 5424 
  0x0000026ed1419db8: 284c 8b54 | 2458 4c89 | 5424 484c | 8b54 2478 | 4c89 5424 | 5844 8b9c | 2480 0000 | 0044 895c 
  0x0000026ed1419dd8: 2470 4c89 | 8c24 8000 | 0000 6690 

  0x0000026ed1419de4: ;   {runtime_call UncommonTrapBlob}
  0x0000026ed1419de4: c5f8 77e8 

  0x0000026ed1419de8: ; ImmutableOopMap {rbp=NarrowOop [32]=Oop [40]=Oop [72]=Oop [88]=Oop [104]=Oop [112]=NarrowOop [128]=Oop [136]=Oop }
                      ;*checkcast {reexecute=0 rethrow=0 return_oop=0}
                      ; - java.util.jar.Attributes::getValue@5
                      ; - java.net.URLClassLoader::isSealed@58
                      ; - java.net.URLClassLoader::getAndVerifyPackage@68
                      ; - java.net.URLClassLoader::defineClass@46
                      ; - java.net.URLClassLoader$1::run@43
                      ; - java.net.URLClassLoader$1::run@1
                      ; - java.security.AccessController::executePrivileged@29
                      ; - java.security.AccessController::doPrivileged@13
                      ; - java.net.URLClassLoader::findClass@13
  0x0000026ed1419de8: 14dd 76ff 

  0x0000026ed1419dec: ;   {other}
  0x0000026ed1419dec: 0f1f 8400 | dc82 00ce | bade ffff | ff4c 8b54 | 2448 4c89 | 5424 204c | 8b54 2450 | 4c89 5424 
  0x0000026ed1419e0c: 284c 8b54 | 2458 4c89 | 5424 484c | 8b54 2478 | 4c89 5424 | 5844 8b94 | 2480 0000 | 0044 8954 
  0x0000026ed1419e2c: 2470 4c89 | 8c24 9000 | 0000 4c89 | 8c24 9800 | 0000 4889 | 8c24 a000 | 0000 6690 

  0x0000026ed1419e48: ;   {runtime_call UncommonTrapBlob}
  0x0000026ed1419e48: c5f8 77e8 

  0x0000026ed1419e4c: ; ImmutableOopMap {rbp=NarrowOop [32]=Oop [40]=Oop [72]=Oop [88]=Oop [104]=Oop [112]=NarrowOop [136]=Oop [144]=Oop [152]=Oop [160]=Oop }
                      ;*checkcast {reexecute=0 rethrow=0 return_oop=0}
                      ; - java.util.jar.Manifest::getAttributes@10
                      ; - java.util.jar.Manifest::getTrustedAttributes@2
                      ; - java.util.jar.JavaUtilJarAccessImpl::getTrustedAttributes@2
                      ; - java.net.URLClassLoader::isSealed@18
                      ; - java.net.URLClassLoader::getAndVerifyPackage@68
                      ; - java.net.URLClassLoader::defineClass@46
                      ; - java.net.URLClassLoader$1::run@43
                      ; - java.net.URLClassLoader$1::run@1
                      ; - java.security.AccessController::executePrivileged@29
                      ; - java.security.AccessController::doPrivileged@13
                      ; - java.net.URLClassLoader::findClass@13
  0x0000026ed1419e4c: b0dc 76ff 

  0x0000026ed1419e50: ;   {other}
  0x0000026ed1419e50: 0f1f 8400 | 4083 00cf | bade ffff | ff4c 8b54 | 2448 4c89 | 5424 204c | 8b54 2450 | 4c89 5424 
  0x0000026ed1419e70: 2844 899c | 2484 0000 | 0066 6690 

  0x0000026ed1419e7c: ;   {runtime_call UncommonTrapBlob}
  0x0000026ed1419e7c: c5f8 77e8 

  0x0000026ed1419e80: ; ImmutableOopMap {rbp=NarrowOop [32]=Oop [40]=Oop [88]=Oop [120]=Oop [128]=NarrowOop [132]=NarrowOop [136]=Oop [144]=Oop }
                      ;*instanceof {reexecute=0 rethrow=0 return_oop=0}
                      ; - java.lang.String::equals@8
                      ; - java.util.concurrent.ConcurrentHashMap::get@73
                      ; - java.lang.ClassLoader::getDefinedPackage@13
                      ; - java.net.URLClassLoader::getAndVerifyPackage@2
                      ; - java.net.URLClassLoader::defineClass@46
                      ; - java.net.URLClassLoader$1::run@43
                      ; - java.net.URLClassLoader$1::run@1
                      ; - java.security.AccessController::executePrivileged@29
                      ; - java.security.AccessController::doPrivileged@13
                      ; - java.net.URLClassLoader::findClass@13
  0x0000026ed1419e80: 7cdc 76ff 

  0x0000026ed1419e84: ;   {other}
  0x0000026ed1419e84: 0f1f 8400 | 7483 00d0 | bade ffff | ff4c 8b54 | 2448 4c89 | 5424 204c | 8b54 2450 | 4c89 5424 
  0x0000026ed1419ea4: 2844 8984 | 24b8 0000 | 0066 6690 

  0x0000026ed1419eb0: ;   {runtime_call UncommonTrapBlob}
  0x0000026ed1419eb0: c5f8 77e8 

  0x0000026ed1419eb4: ; ImmutableOopMap {rbp=NarrowOop [32]=Oop [40]=Oop [88]=Oop [104]=NarrowOop [120]=Oop [128]=NarrowOop [136]=Oop [144]=Oop [184]=NarrowOop }
                      ;*instanceof {reexecute=0 rethrow=0 return_oop=0}
                      ; - java.lang.String::equals@8
                      ; - java.util.concurrent.ConcurrentHashMap::get@73
                      ; - java.lang.ClassLoader::definePackage@47
                      ; - java.lang.ClassLoader::getDefinedPackage@32
                      ; - java.net.URLClassLoader::getAndVerifyPackage@2
                      ; - java.net.URLClassLoader::defineClass@46
                      ; - java.net.URLClassLoader$1::run@43
                      ; - java.net.URLClassLoader$1::run@1
                      ; - java.security.AccessController::executePrivileged@29
                      ; - java.security.AccessController::doPrivileged@13
                      ; - java.net.URLClassLoader::findClass@13
  0x0000026ed1419eb4: 48dc 76ff 

  0x0000026ed1419eb8: ;   {other}
  0x0000026ed1419eb8: 0f1f 8400 | a883 00d1 | bade ffff | ff4c 8b54 | 2448 4c89 | 5424 204c | 8b54 2450 | 4c89 5424 
  0x0000026ed1419ed8: 2866 6690 

  0x0000026ed1419edc: ;   {runtime_call UncommonTrapBlob}
  0x0000026ed1419edc: c5f8 77e8 

  0x0000026ed1419ee0: ; ImmutableOopMap {rbp=NarrowOop [32]=Oop [40]=Oop [88]=Oop [104]=NarrowOop [120]=Oop [128]=NarrowOop [136]=Oop [144]=Oop }
                      ;*checkcast {reexecute=0 rethrow=0 return_oop=0}
                      ; - java.lang.ClassLoader::definePackage@50
                      ; - java.lang.ClassLoader::getDefinedPackage@32
                      ; - java.net.URLClassLoader::getAndVerifyPackage@2
                      ; - java.net.URLClassLoader::defineClass@46
                      ; - java.net.URLClassLoader$1::run@43
                      ; - java.net.URLClassLoader$1::run@1
                      ; - java.security.AccessController::executePrivileged@29
                      ; - java.security.AccessController::doPrivileged@13
                      ; - java.net.URLClassLoader::findClass@13
  0x0000026ed1419ee0: 1cdc 76ff 

  0x0000026ed1419ee4: ;   {other}
  0x0000026ed1419ee4: 0f1f 8400 | d483 00d2 | bade ffff | ff48 8b6c | 2448 448b | 5c24 4444 | 895c 2420 | 4c8b 5424 
  0x0000026ed1419f04: 584c 8954 | 2448 448b | 5424 4044 | 8954 2424 | 4889 4424 | 5866 6690 

  0x0000026ed1419f1c: ;   {runtime_call UncommonTrapBlob}
  0x0000026ed1419f1c: c5f8 77e8 

  0x0000026ed1419f20: ; ImmutableOopMap {rbp=Oop [36]=NarrowOop [56]=Oop [72]=Oop [88]=Oop [96]=Oop [104]=Oop [112]=Oop }
                      ;*checkcast {reexecute=0 rethrow=0 return_oop=0}
                      ; - java.util.jar.JarFile::getEntry@23
                      ; - java.util.jar.JarFile::getJarEntry@2
                      ; - jdk.internal.loader.URLClassPath$JarLoader::getResource@22
                      ; - jdk.internal.loader.URLClassPath::getResource@53
                      ; - java.net.URLClassLoader$1::run@26
                      ; - java.net.URLClassLoader$1::run@1
                      ; - java.security.AccessController::executePrivileged@29
                      ; - java.security.AccessController::doPrivileged@13
                      ; - java.net.URLClassLoader::findClass@13
  0x0000026ed1419f20: dcdb 76ff 

  0x0000026ed1419f24: ;   {other}
  0x0000026ed1419f24: 0f1f 8400 | 1484 00d3 | bade ffff | ff4c 8b54 | 2448 4c89 | 5424 204c | 8b54 2450 | 4c89 5424 
  0x0000026ed1419f44: 284c 8b54 | 2458 4c89 | 5424 484c | 8b54 2478 | 4c89 5424 | 5866 6690 

  0x0000026ed1419f5c: ;   {runtime_call UncommonTrapBlob}
  0x0000026ed1419f5c: c5f8 77e8 

  0x0000026ed1419f60: ; ImmutableOopMap {rbp=NarrowOop [32]=Oop [40]=Oop [72]=Oop [88]=Oop [104]=Oop [128]=NarrowOop [136]=Oop }
                      ;*checkcast {reexecute=0 rethrow=0 return_oop=0}
                      ; - java.util.jar.JarFile::getManifestFromReference@14
                      ; - java.util.jar.JarFile::getManifest@1
                      ; - jdk.internal.loader.URLClassPath$JarLoader$2::getManifest@22
                      ; - java.net.URLClassLoader::defineClass@34
                      ; - java.net.URLClassLoader$1::run@43
                      ; - java.net.URLClassLoader$1::run@1
                      ; - java.security.AccessController::executePrivileged@29
                      ; - java.security.AccessController::doPrivileged@13
                      ; - java.net.URLClassLoader::findClass@13
  0x0000026ed1419f60: 9cdb 76ff 

  0x0000026ed1419f64: ;   {other}
  0x0000026ed1419f64: 0f1f 8400 | 5484 00d4 | baf6 ffff | ff48 8b6c | 2448 4c8b | 5424 304c | 8954 2428 

  0x0000026ed1419f80: ;   {runtime_call UncommonTrapBlob}
  0x0000026ed1419f80: c5f8 77e8 

  0x0000026ed1419f84: ; ImmutableOopMap {rbp=Oop [40]=Oop [88]=Oop }
                      ;*invokevirtual concat {reexecute=0 rethrow=0 return_oop=0}
                      ; - java.net.URLClassLoader$1::run@13
                      ; - java.net.URLClassLoader$1::run@1
                      ; - java.security.AccessController::executePrivileged@29
                      ; - java.security.AccessController::doPrivileged@13
                      ; - java.net.URLClassLoader::findClass@13
  0x0000026ed1419f84: 78db 76ff 

  0x0000026ed1419f88: ;   {other}
  0x0000026ed1419f88: 0f1f 8400 | 7884 00d5 | baf6 ffff | ff48 8b6c | 2448 4c8b | 5424 304c | 8954 2428 

  0x0000026ed1419fa4: ;   {runtime_call UncommonTrapBlob}
  0x0000026ed1419fa4: c5f8 77e8 

  0x0000026ed1419fa8: ; ImmutableOopMap {rbp=Oop [40]=Oop [88]=Oop }
                      ;*arraylength {reexecute=0 rethrow=0 return_oop=0}
                      ; - java.lang.String::isEmpty@4
                      ; - java.lang.StringConcatHelper::simpleConcat@11
                      ; - java.lang.String::concat@11
                      ; - java.net.URLClassLoader$1::run@13
                      ; - java.net.URLClassLoader$1::run@1
                      ; - java.security.AccessController::executePrivileged@29
                      ; - java.security.AccessController::doPrivileged@13
                      ; - java.net.URLClassLoader::findClass@13
  0x0000026ed1419fa8: 54db 76ff 

  0x0000026ed1419fac: ;   {other}
  0x0000026ed1419fac: 0f1f 8400 | 9c84 00d6 | baf6 ffff | ff48 8b6c | 2448 4c8b | 5424 304c | 8954 2428 

  0x0000026ed1419fc8: ;   {runtime_call UncommonTrapBlob}
  0x0000026ed1419fc8: c5f8 77e8 

  0x0000026ed1419fcc: ; ImmutableOopMap {rbp=Oop [40]=Oop [88]=Oop }
                      ;*arraylength {reexecute=0 rethrow=0 return_oop=0}
                      ; - java.lang.String::length@4
                      ; - java.lang.StringConcatHelper::prepend@2
                      ; - java.lang.StringConcatHelper::simpleConcat@81
                      ; - java.lang.String::concat@11
                      ; - java.net.URLClassLoader$1::run@13
                      ; - java.net.URLClassLoader$1::run@1
                      ; - java.security.AccessController::executePrivileged@29
                      ; - java.security.AccessController::doPrivileged@13
                      ; - java.net.URLClassLoader::findClass@13
  0x0000026ed1419fcc: 30db 76ff 

  0x0000026ed1419fd0: ;   {other}
  0x0000026ed1419fd0: 0f1f 8400 | c084 00d7 | baf6 ffff | ff48 8b6c | 2448 4c8b | 5424 504c | 8954 2420 | 4c8b 5424 
  0x0000026ed1419ff0: 584c 8954 | 2440 4c8b | 5424 784c | 8954 2450 

  0x0000026ed141a000: ;   {runtime_call UncommonTrapBlob}
  0x0000026ed141a000: c5f8 77e8 

  0x0000026ed141a004: ; ImmutableOopMap {rbp=Oop [32]=Oop [64]=Oop [80]=Oop [104]=Oop [112]=Oop [120]=Oop }
                      ;*arraylength {reexecute=0 rethrow=0 return_oop=0}
                      ; - java.lang.String::length@4
                      ; - java.lang.String::lastIndexOf@3
                      ; - java.net.URLClassLoader::defineClass@7
                      ; - java.net.URLClassLoader$1::run@43
                      ; - java.net.URLClassLoader$1::run@1
                      ; - java.security.AccessController::executePrivileged@29
                      ; - java.security.AccessController::doPrivileged@13
                      ; - java.net.URLClassLoader::findClass@13
  0x0000026ed141a004: f8da 76ff 

  0x0000026ed141a008: ;   {other}
  0x0000026ed141a008: 0f1f 8400 | f884 00d8 | baf6 ffff | ff48 8b6c | 2448 4c8b | 5c24 504c | 895c 2420 | 4c8b 5c24 
  0x0000026ed141a028: 584c 895c | 2440 4c8b | 5c24 784c | 895c 2450 | 4c8b 5c24 | 604c 895c | 2458 4489 | 5424 6090 
  0x0000026ed141a048: ;   {runtime_call UncommonTrapBlob}
  0x0000026ed141a048: c5f8 77e8 

  0x0000026ed141a04c: ; ImmutableOopMap {rbp=Oop [32]=Oop [64]=Oop [80]=Oop [104]=Oop [112]=Oop [120]=Oop }
                      ;*getfield csu {reexecute=1 rethrow=0 return_oop=0}
                      ; - (reexecute) jdk.internal.loader.URLClassPath$JarLoader$2::getCodeSourceURL@4
                      ; - java.net.URLClassLoader::defineClass@13
                      ; - java.net.URLClassLoader$1::run@43
                      ; - java.net.URLClassLoader$1::run@1
                      ; - java.security.AccessController::executePrivileged@29
                      ; - java.security.AccessController::doPrivileged@13
                      ; - java.net.URLClassLoader::findClass@13
  0x0000026ed141a04c: b0da 76ff 

  0x0000026ed141a050: ;   {other}
  0x0000026ed141a050: 0f1f 8400 | 4085 00d9 | baf6 ffff | ff48 8b6c | 2448 4c8b | 5424 504c | 8954 2420 | 4c8b 5424 
  0x0000026ed141a070: 684c 8954 | 2430 4c8b | 5424 584c | 8954 2440 | 4c8b 5424 | 784c 8954 | 2450 4c8b | 5424 604c 
  0x0000026ed141a090: 8954 2458 

  0x0000026ed141a094: ;   {runtime_call UncommonTrapBlob}
  0x0000026ed141a094: c5f8 77e8 

  0x0000026ed141a098: ; ImmutableOopMap {rbp=Oop [32]=Oop [48]=Oop [64]=Oop [80]=Oop [112]=Oop [120]=Oop [128]=NarrowOop [136]=Oop }
                      ;*getfield jar {reexecute=1 rethrow=0 return_oop=0}
                      ; - (reexecute) jdk.internal.loader.URLClassPath$JarLoader$2::getManifest@7
                      ; - java.net.URLClassLoader::defineClass@34
                      ; - java.net.URLClassLoader$1::run@43
                      ; - java.net.URLClassLoader$1::run@1
                      ; - java.security.AccessController::executePrivileged@29
                      ; - java.security.AccessController::doPrivileged@13
                      ; - java.net.URLClassLoader::findClass@13
  0x0000026ed141a098: 64da 76ff 

  0x0000026ed141a09c: ;   {other}
  0x0000026ed141a09c: 0f1f 8400 | 8c85 00da | baf6 ffff | ff48 8b6c | 2448 4c8b | 5424 504c | 8954 2420 | 4c8b 5424 
  0x0000026ed141a0bc: 584c 8954 | 2440 4c8b | 5424 784c | 8954 2450 | 4c8b 5424 | 604c 8954 | 2458 6690 

  0x0000026ed141a0d8: ;   {runtime_call UncommonTrapBlob}
  0x0000026ed141a0d8: c5f8 77e8 

  0x0000026ed141a0dc: ; ImmutableOopMap {rbp=Oop [32]=Oop [64]=Oop [80]=Oop [120]=Oop [128]=NarrowOop [136]=Oop }
                      ;*getfield jar {reexecute=1 rethrow=0 return_oop=0}
                      ; - (reexecute) jdk.internal.loader.URLClassPath$JarLoader$2::getManifest@19
                      ; - java.net.URLClassLoader::defineClass@34
                      ; - java.net.URLClassLoader$1::run@43
                      ; - java.net.URLClassLoader$1::run@1
                      ; - java.security.AccessController::executePrivileged@29
                      ; - java.security.AccessController::doPrivileged@13
                      ; - java.net.URLClassLoader::findClass@13
  0x0000026ed141a0dc: 20da 76ff 

  0x0000026ed141a0e0: ;   {other}
  0x0000026ed141a0e0: 0f1f 8400 | d085 00db | baf6 ffff | ff48 8b6c | 2448 4c8b | 5424 504c | 8954 2420 | 4c8b 5424 
  0x0000026ed141a100: 584c 8954 | 2440 4c8b | 5424 784c | 8954 2450 | 4c8b 5424 | 604c 8954 | 2458 6690 

  0x0000026ed141a11c: ;   {runtime_call UncommonTrapBlob}
  0x0000026ed141a11c: c5f8 77e8 

  0x0000026ed141a120: ; ImmutableOopMap {rbp=Oop [32]=Oop [64]=Oop [80]=Oop [120]=Oop [128]=NarrowOop [136]=Oop }
                      ;*invokevirtual getManifest {reexecute=0 rethrow=0 return_oop=0}
                      ; - jdk.internal.loader.URLClassPath$JarLoader$2::getManifest@22
                      ; - java.net.URLClassLoader::defineClass@34
                      ; - java.net.URLClassLoader$1::run@43
                      ; - java.net.URLClassLoader$1::run@1
                      ; - java.security.AccessController::executePrivileged@29
                      ; - java.security.AccessController::doPrivileged@13
                      ; - java.net.URLClassLoader::findClass@13
  0x0000026ed141a120: dcd9 76ff 

  0x0000026ed141a124: ;   {other}
  0x0000026ed141a124: 0f1f 8400 | 1486 00dc | baf4 ffff | ff48 8b6c | 2448 4c8b | 5424 504c | 8954 2420 | 4c8b 5424 
  0x0000026ed141a144: 584c 8954 | 2440 4c89 | 6c24 504c | 8b54 2460 | 4c89 5424 | 5866 6690 

  0x0000026ed141a15c: ;   {runtime_call UncommonTrapBlob}
  0x0000026ed141a15c: c5f8 77e8 

  0x0000026ed141a160: ; ImmutableOopMap {rbp=Oop [32]=Oop [64]=Oop [80]=Oop [128]=NarrowOop }
                      ;*instanceof {reexecute=0 rethrow=0 return_oop=0}
                      ; - jdk.internal.loader.Resource::getByteBuffer@6
                      ; - java.net.URLClassLoader::defineClass@132
                      ; - java.net.URLClassLoader$1::run@43
                      ; - java.net.URLClassLoader$1::run@1
                      ; - java.security.AccessController::executePrivileged@29
                      ; - java.security.AccessController::doPrivileged@13
                      ; - java.net.URLClassLoader::findClass@13
  0x0000026ed141a160: 9cd9 76ff 

  0x0000026ed141a164: ;   {other}
  0x0000026ed141a164: 0f1f 8400 | 5486 00dd | baf6 ffff | ff48 8b6c | 2420 4c8b | 5424 504c | 8954 2420 

  0x0000026ed141a180: ;   {runtime_call UncommonTrapBlob}
  0x0000026ed141a180: c5f8 77e8 

  0x0000026ed141a184: ; ImmutableOopMap {rbp=Oop [32]=Oop [64]=Oop [88]=Oop [112]=Oop }
                      ;*arraylength {reexecute=0 rethrow=0 return_oop=0}
                      ; - java.net.URLClassLoader::defineClass@217
                      ; - java.net.URLClassLoader$1::run@43
                      ; - java.net.URLClassLoader$1::run@1
                      ; - java.security.AccessController::executePrivileged@29
                      ; - java.security.AccessController::doPrivileged@13
                      ; - java.net.URLClassLoader::findClass@13
  0x0000026ed141a184: 78d9 76ff 

  0x0000026ed141a188: ;   {other}
  0x0000026ed141a188: 0f1f 8400 | 7886 00de | baf4 ffff | ff48 8b6c | 2448 4c8b | 5424 504c | 8954 2420 | 4c8b 5424 
  0x0000026ed141a1a8: 584c 8954 | 2440 4c8b | 5424 784c | 8954 2450 | 4c8b 5424 | 604c 8954 | 2458 6690 

  0x0000026ed141a1c4: ;   {runtime_call UncommonTrapBlob}
  0x0000026ed141a1c4: c5f8 77e8 

  0x0000026ed141a1c8: ; ImmutableOopMap {rbp=Oop [32]=Oop [64]=Oop [80]=Oop [104]=Oop [120]=Oop [128]=NarrowOop [136]=Oop }
                      ;*checkcast {reexecute=0 rethrow=0 return_oop=0}
                      ; - java.util.jar.JarFile::getManifestFromReference@14
                      ; - java.util.jar.JarFile::getManifest@1
                      ; - jdk.internal.loader.URLClassPath$JarLoader$2::getManifest@22
                      ; - java.net.URLClassLoader::defineClass@34
                      ; - java.net.URLClassLoader$1::run@43
                      ; - java.net.URLClassLoader$1::run@1
                      ; - java.security.AccessController::executePrivileged@29
                      ; - java.security.AccessController::doPrivileged@13
                      ; - java.net.URLClassLoader::findClass@13
  0x0000026ed141a1c8: 34d9 76ff 

  0x0000026ed141a1cc: ;   {other}
  0x0000026ed141a1cc: 0f1f 8400 | bc86 00df | baf6 ffff | ff48 8b6c | 2448 4c8b | 5424 504c | 8954 2420 | 4c8b 5424 
  0x0000026ed141a1ec: 584c 8954 | 2440 4c8b | 5424 784c | 8954 2450 | 4c8b 5424 | 604c 8954 | 2458 6690 

  0x0000026ed141a208: ;   {runtime_call UncommonTrapBlob}
  0x0000026ed141a208: c5f8 77e8 

  0x0000026ed141a20c: ; ImmutableOopMap {rbp=Oop [32]=Oop [64]=Oop [80]=Oop [120]=Oop [128]=NarrowOop [136]=Oop [144]=Oop }
                      ;*arraylength {reexecute=0 rethrow=0 return_oop=0}
                      ; - java.lang.String::isEmpty@4
                      ; - java.lang.ClassLoader::definePackage@1
                      ; - java.lang.ClassLoader::getDefinedPackage@32
                      ; - java.net.URLClassLoader::getAndVerifyPackage@2
                      ; - java.net.URLClassLoader::defineClass@46
                      ; - java.net.URLClassLoader$1::run@43
                      ; - java.net.URLClassLoader$1::run@1
                      ; - java.security.AccessController::executePrivileged@29
                      ; - java.security.AccessController::doPrivileged@13
                      ; - java.net.URLClassLoader::findClass@13
  0x0000026ed141a20c: f0d8 76ff 

  0x0000026ed141a210: ;   {other}
  0x0000026ed141a210: 0f1f 8400 | 0087 00e0 | baf6 ffff | ff48 8b6c | 2448 4c8b | 5424 504c | 8954 2420 | 4c8b 5424 
  0x0000026ed141a230: 584c 8954 | 2440 4c8b | 5424 784c | 8954 2450 | 4c8b 5424 | 604c 8954 | 2458 6690 

  0x0000026ed141a24c: ;   {runtime_call UncommonTrapBlob}
  0x0000026ed141a24c: c5f8 77e8 

  0x0000026ed141a250: ; ImmutableOopMap {rbp=Oop [32]=Oop [64]=Oop [80]=Oop [120]=Oop [128]=NarrowOop [136]=Oop [144]=Oop }
                      ;*invokevirtual isNamed {reexecute=0 rethrow=0 return_oop=0}
                      ; - java.lang.Package::isSealed@4
                      ; - java.net.URLClassLoader::getAndVerifyPackage@14
                      ; - java.net.URLClassLoader::defineClass@46
                      ; - java.net.URLClassLoader$1::run@43
                      ; - java.net.URLClassLoader$1::run@1
                      ; - java.security.AccessController::executePrivileged@29
                      ; - java.security.AccessController::doPrivileged@13
                      ; - java.net.URLClassLoader::findClass@13
  0x0000026ed141a250: acd8 76ff 

  0x0000026ed141a254: ;   {other}
  0x0000026ed141a254: 0f1f 8400 | 4487 00e1 | baf6 ffff | ff48 8b6c | 2448 4c8b | 5424 504c | 8954 2420 | 4c8b 5424 
  0x0000026ed141a274: 584c 8954 | 2440 4c8b | 5424 784c | 8954 2450 | 4c8b 5424 | 604c 8954 | 2458 6690 

  0x0000026ed141a290: ;   {runtime_call UncommonTrapBlob}
  0x0000026ed141a290: c5f8 77e8 

  0x0000026ed141a294: ; ImmutableOopMap {rbp=Oop [32]=Oop [64]=Oop [80]=Oop [120]=Oop [128]=NarrowOop [136]=Oop [144]=Oop }
                      ;*getfield sealBase {reexecute=1 rethrow=0 return_oop=0}
                      ; - (reexecute) java.lang.Package::isSealed@14
                      ; - java.net.URLClassLoader::getAndVerifyPackage@14
                      ; - java.net.URLClassLoader::defineClass@46
                      ; - java.net.URLClassLoader$1::run@43
                      ; - java.net.URLClassLoader$1::run@1
                      ; - java.security.AccessController::executePrivileged@29
                      ; - java.security.AccessController::doPrivileged@13
                      ; - java.net.URLClassLoader::findClass@13
  0x0000026ed141a294: 68d8 76ff 

  0x0000026ed141a298: ;   {other}
  0x0000026ed141a298: 0f1f 8400 | 8887 00e2 | baf6 ffff | ff48 8b6c | 2448 4c8b | 5424 504c | 8954 2420 | 4c8b 5424 
  0x0000026ed141a2b8: 584c 8954 | 2440 4c8b | 5424 784c | 8954 2450 | 4c8b 5424 | 604c 8954 | 2458 6690 

  0x0000026ed141a2d4: ;   {runtime_call UncommonTrapBlob}
  0x0000026ed141a2d4: c5f8 77e8 

  0x0000026ed141a2d8: ; ImmutableOopMap {rbp=Oop [32]=Oop [64]=Oop [80]=Oop [120]=Oop [128]=NarrowOop [136]=Oop [144]=Oop }
                      ;*invokevirtual concat {reexecute=0 rethrow=0 return_oop=0}
                      ; - java.net.URLClassLoader::isSealed@15
                      ; - java.net.URLClassLoader::getAndVerifyPackage@68
                      ; - java.net.URLClassLoader::defineClass@46
                      ; - java.net.URLClassLoader$1::run@43
                      ; - java.net.URLClassLoader$1::run@1
                      ; - java.security.AccessController::executePrivileged@29
                      ; - java.security.AccessController::doPrivileged@13
                      ; - java.net.URLClassLoader::findClass@13
  0x0000026ed141a2d8: 24d8 76ff 

  0x0000026ed141a2dc: ;   {other}
  0x0000026ed141a2dc: 0f1f 8400 | cc87 00e3 | baf6 ffff | ff48 8b6c | 2448 4c8b | 5424 504c | 8954 2420 | 4c8b 5424 
  0x0000026ed141a2fc: 584c 8954 | 2440 4c8b | 5424 784c | 8954 2450 | 4c8b 5424 | 604c 8954 | 2458 6690 

  0x0000026ed141a318: ;   {runtime_call UncommonTrapBlob}
  0x0000026ed141a318: c5f8 77e8 

  0x0000026ed141a31c: ; ImmutableOopMap {rbp=Oop [32]=Oop [64]=Oop [80]=Oop [120]=Oop [128]=NarrowOop [136]=Oop [144]=Oop }
                      ;*arraylength {reexecute=0 rethrow=0 return_oop=0}
                      ; - java.lang.String::isEmpty@4
                      ; - java.lang.StringConcatHelper::simpleConcat@11
                      ; - java.lang.String::concat@11
                      ; - java.net.URLClassLoader::isSealed@15
                      ; - java.net.URLClassLoader::getAndVerifyPackage@68
                      ; - java.net.URLClassLoader::defineClass@46
                      ; - java.net.URLClassLoader$1::run@43
                      ; - java.net.URLClassLoader$1::run@1
                      ; - java.security.AccessController::executePrivileged@29
                      ; - java.security.AccessController::doPrivileged@13
                      ; - java.net.URLClassLoader::findClass@13
  0x0000026ed141a31c: e0d7 76ff 

  0x0000026ed141a320: ;   {other}
  0x0000026ed141a320: 0f1f 8400 | 1088 00e4 | baf6 ffff | ff48 8b6c | 2448 4c8b | 5424 504c | 8954 2420 | 4c8b 5424 
  0x0000026ed141a340: 584c 8954 | 2440 4c8b | 5424 784c | 8954 2450 | 4c8b 5424 | 604c 8954 | 2458 4889 | 4424 7890 
  0x0000026ed141a360: ;   {runtime_call UncommonTrapBlob}
  0x0000026ed141a360: c5f8 77e8 

  0x0000026ed141a364: ; ImmutableOopMap {rbp=Oop [32]=Oop [64]=Oop [80]=Oop [120]=Oop [128]=NarrowOop [136]=Oop [144]=Oop }
                      ;*invokeinterface get {reexecute=0 rethrow=0 return_oop=0}
                      ; - java.util.jar.Manifest::getAttributes@5
                      ; - java.util.jar.Manifest::getTrustedAttributes@2
                      ; - java.util.jar.JavaUtilJarAccessImpl::getTrustedAttributes@2
                      ; - java.net.URLClassLoader::isSealed@18
                      ; - java.net.URLClassLoader::getAndVerifyPackage@68
                      ; - java.net.URLClassLoader::defineClass@46
                      ; - java.net.URLClassLoader$1::run@43
                      ; - java.net.URLClassLoader$1::run@1
                      ; - java.security.AccessController::executePrivileged@29
                      ; - java.security.AccessController::doPrivileged@13
                      ; - java.net.URLClassLoader::findClass@13
  0x0000026ed141a364: 98d7 76ff 

  0x0000026ed141a368: ;   {other}
  0x0000026ed141a368: 0f1f 8400 | 5888 00e5 | baf6 ffff | ff48 8b6c | 2448 4c8b | 5424 504c | 8954 2420 | 4c8b 5424 
  0x0000026ed141a388: 584c 8954 | 2440 4c8b | 5424 784c | 8954 2450 | 4c8b 5424 | 604c 8954 | 2458 4c89 | 4c24 7090 
  0x0000026ed141a3a8: ;   {runtime_call UncommonTrapBlob}
  0x0000026ed141a3a8: c5f8 77e8 

  0x0000026ed141a3ac: ; ImmutableOopMap {rbp=Oop [32]=Oop [64]=Oop [80]=Oop [112]=Oop [120]=Oop [128]=NarrowOop [136]=Oop }
                      ;*invokeinterface get {reexecute=0 rethrow=0 return_oop=0}
                      ; - java.util.jar.Attributes::get@5
                      ; - java.util.jar.Attributes::getValue@2
                      ; - java.net.URLClassLoader::isSealed@58
                      ; - java.net.URLClassLoader::getAndVerifyPackage@68
                      ; - java.net.URLClassLoader::defineClass@46
                      ; - java.net.URLClassLoader$1::run@43
                      ; - java.net.URLClassLoader$1::run@1
                      ; - java.security.AccessController::executePrivileged@29
                      ; - java.security.AccessController::doPrivileged@13
                      ; - java.net.URLClassLoader::findClass@13
  0x0000026ed141a3ac: 50d7 76ff 

  0x0000026ed141a3b0: ;   {other}
  0x0000026ed141a3b0: 0f1f 8400 | a088 00e6 | baf6 ffff | ff48 8b6c | 2448 4c8b | 5424 504c | 8954 2420 | 4c8b 5424 
  0x0000026ed141a3d0: 584c 8954 | 2440 4c89 | 6c24 504c | 8b54 2460 | 4c89 5424 | 584c 896c | 2468 6690 

  0x0000026ed141a3ec: ;   {runtime_call UncommonTrapBlob}
  0x0000026ed141a3ec: c5f8 77e8 

  0x0000026ed141a3f0: ; ImmutableOopMap {rbp=Oop [32]=Oop [64]=Oop [80]=Oop [104]=Oop [128]=NarrowOop }
                      ;*getfield jar {reexecute=1 rethrow=0 return_oop=0}
                      ; - (reexecute) jdk.internal.loader.URLClassPath$JarLoader$2::getInputStream@4
                      ; - jdk.internal.loader.Resource::cachedInputStream@9
                      ; - jdk.internal.loader.Resource::getByteBuffer@1
                      ; - java.net.URLClassLoader::defineClass@132
                      ; - java.net.URLClassLoader$1::run@43
                      ; - java.net.URLClassLoader$1::run@1
                      ; - java.security.AccessController::executePrivileged@29
                      ; - java.security.AccessController::doPrivileged@13
                      ; - java.net.URLClassLoader::findClass@13
  0x0000026ed141a3f0: 0cd7 76ff 

  0x0000026ed141a3f4: ;   {other}
  0x0000026ed141a3f4: 0f1f 8400 | e488 00e7 | baf6 ffff | ff48 8b6c | 2448 4c8b | 5c24 504c | 895c 2420 | 4c8b 5c24 
  0x0000026ed141a414: 584c 895c | 2440 4c89 | 6c24 504c | 8b5c 2460 | 4c89 5c24 | 5844 8b8c | 2480 0000 | 0044 894c 
  0x0000026ed141a434: 2460 4c89 | 6c24 6844 | 8984 2480 | 0000 0044 | 8994 2484 | 0000 0090 

  0x0000026ed141a44c: ;   {runtime_call UncommonTrapBlob}
  0x0000026ed141a44c: c5f8 77e8 

  0x0000026ed141a450: ; ImmutableOopMap {rbp=Oop [32]=Oop [64]=Oop [80]=Oop [96]=NarrowOop [104]=Oop [128]=NarrowOop [132]=NarrowOop }
                      ;*getfield zsrc {reexecute=1 rethrow=0 return_oop=0}
                      ; - (reexecute) java.util.zip.ZipFile::getInputStream@11
                      ; - java.util.jar.JarFile::getInputStream@21
                      ; - jdk.internal.loader.URLClassPath$JarLoader$2::getInputStream@11
                      ; - jdk.internal.loader.Resource::cachedInputStream@9
                      ; - jdk.internal.loader.Resource::getByteBuffer@1
                      ; - java.net.URLClassLoader::defineClass@132
                      ; - java.net.URLClassLoader$1::run@43
                      ; - java.net.URLClassLoader$1::run@1
                      ; - java.security.AccessController::executePrivileged@29
                      ; - java.security.AccessController::doPrivileged@13
                      ; - java.net.URLClassLoader::findClass@13
  0x0000026ed141a450: acd6 76ff 

  0x0000026ed141a454: ;   {other}
  0x0000026ed141a454: 0f1f 8400 | 4489 00e8 | baf6 ffff | ff48 8b6c | 2448 4c8b | 5c24 504c | 895c 2420 | 4c8b 5c24 
  0x0000026ed141a474: 584c 895c | 2440 4c89 | 6c24 504c | 8b5c 2460 | 4c89 5c24 | 5844 8b9c | 2480 0000 | 0044 895c 
  0x0000026ed141a494: 2460 4c89 | 6c24 6844 | 8984 2480 | 0000 0044 | 8994 2484 | 0000 0089 | 9c24 8800 | 0000 898c 
  0x0000026ed141a4b4: 248c 0000 | 0044 8984 | 2490 0000 | 0066 6690 

  0x0000026ed141a4c4: ;   {runtime_call UncommonTrapBlob}
  0x0000026ed141a4c4: c5f8 77e8 

  0x0000026ed141a4c8: ; ImmutableOopMap {rbp=Oop [32]=Oop [64]=Oop [80]=Oop [96]=NarrowOop [104]=Oop [128]=NarrowOop [132]=NarrowOop [136]=NarrowOop [140]=NarrowOop [144]=NarrowOop }
                      ;*getfield zsrc {reexecute=1 rethrow=0 return_oop=0}
                      ; - (reexecute) java.util.zip.ZipFile::ensureOpen@22
                      ; - java.util.zip.ZipFile::getInputStream@31
                      ; - java.util.jar.JarFile::getInputStream@21
                      ; - jdk.internal.loader.URLClassPath$JarLoader$2::getInputStream@11
                      ; - jdk.internal.loader.Resource::cachedInputStream@9
                      ; - jdk.internal.loader.Resource::getByteBuffer@1
                      ; - java.net.URLClassLoader::defineClass@132
                      ; - java.net.URLClassLoader$1::run@43
                      ; - java.net.URLClassLoader$1::run@1
                      ; - java.security.AccessController::executePrivileged@29
                      ; - java.security.AccessController::doPrivileged@13
                      ; - java.net.URLClassLoader::findClass@13
  0x0000026ed141a4c8: 34d6 76ff 

  0x0000026ed141a4cc: ;   {other}
  0x0000026ed141a4cc: 0f1f 8400 | bc89 00e9 | baf6 ffff | ff48 8b6c | 2448 4c8b | 5424 504c | 8954 2420 | 4c8b 5424 
  0x0000026ed141a4ec: 584c 8954 | 2448 4c8b | 5424 684c | 8954 2458 | 448b 9c24 | 8000 0000 | 4489 5c24 | 4448 8984 
  0x0000026ed141a50c: 2498 0000 | 0066 6690 

  0x0000026ed141a514: ;   {runtime_call UncommonTrapBlob}
  0x0000026ed141a514: c5f8 77e8 

  0x0000026ed141a518: ; ImmutableOopMap {rbp=Oop [32]=Oop [68]=NarrowOop [72]=Oop [88]=Oop [104]=Oop [112]=NarrowOop [120]=NarrowOop [152]=Oop }
                      ;*getfield cen {reexecute=1 rethrow=0 return_oop=0}
                      ; - (reexecute) java.util.zip.ZipFile::getInputStream@84
                      ; - java.util.jar.JarFile::getInputStream@21
                      ; - jdk.internal.loader.URLClassPath$JarLoader$2::getInputStream@11
                      ; - jdk.internal.loader.Resource::cachedInputStream@9
                      ; - jdk.internal.loader.Resource::getByteBuffer@1
                      ; - java.net.URLClassLoader::defineClass@132
                      ; - java.net.URLClassLoader$1::run@43
                      ; - java.net.URLClassLoader$1::run@1
                      ; - java.security.AccessController::executePrivileged@29
                      ; - java.security.AccessController::doPrivileged@13
                      ; - java.net.URLClassLoader::findClass@13
  0x0000026ed141a518: e4d5 76ff 

  0x0000026ed141a51c: ;   {other}
  0x0000026ed141a51c: 0f1f 8400 | 0c8a 00ea | baf6 ffff | ff48 8b6c | 2448 4c8b | 5424 504c | 8954 2420 | 4c8b 5424 
  0x0000026ed141a53c: 584c 8954 | 2448 4c8b | 5424 684c | 8954 2458 | 448b 9c24 | 8000 0000 | 4489 5c24 | 7466 6690 
  0x0000026ed141a55c: ;   {runtime_call UncommonTrapBlob}
  0x0000026ed141a55c: c5f8 77e8 

  0x0000026ed141a560: ; ImmutableOopMap {rbp=Oop [32]=Oop [64]=Oop [72]=Oop [88]=Oop [104]=Oop [112]=NarrowOop [116]=NarrowOop }
                      ;*monitorenter {reexecute=0 rethrow=0 return_oop=0}
                      ; - java.util.zip.ZipFile::getInputStream@226
                      ; - java.util.jar.JarFile::getInputStream@21
                      ; - jdk.internal.loader.URLClassPath$JarLoader$2::getInputStream@11
                      ; - jdk.internal.loader.Resource::cachedInputStream@9
                      ; - jdk.internal.loader.Resource::getByteBuffer@1
                      ; - java.net.URLClassLoader::defineClass@132
                      ; - java.net.URLClassLoader$1::run@43
                      ; - java.net.URLClassLoader$1::run@1
                      ; - java.security.AccessController::executePrivileged@29
                      ; - java.security.AccessController::doPrivileged@13
                      ; - java.net.URLClassLoader::findClass@13
  0x0000026ed141a560: 9cd5 76ff 

  0x0000026ed141a564: ;   {other}
  0x0000026ed141a564: 0f1f 8400 | 548a 00eb | ba45 ffff | ff48 8b6c | 2448 4c8b | 5424 504c | 8954 2420 | 4c8b 5424 
  0x0000026ed141a584: 684c 8954 | 2430 4c8b | 5424 704c | 8954 2438 | 4c8b 5424 | 584c 8954 | 2440 4c8b | 5424 784c 
  0x0000026ed141a5a4: 8954 2448 | 4c8b 5424 | 604c 8954 | 2458 4489 | 4c24 7890 

  0x0000026ed141a5b8: ;   {runtime_call UncommonTrapBlob}
  0x0000026ed141a5b8: c5f8 77e8 

  0x0000026ed141a5bc: ; ImmutableOopMap {rbp=Oop [32]=Oop [48]=Oop [56]=Oop [64]=Oop [72]=Oop [120]=NarrowOop [128]=NarrowOop [136]=Oop }
                      ;*ifnonnull {reexecute=1 rethrow=0 return_oop=0}
                      ; - (reexecute) jdk.internal.access.SharedSecrets::javaUtilJarAccess@5
                      ; - jdk.internal.loader.URLClassPath$JarLoader$2::getManifest@0
                      ; - java.net.URLClassLoader::defineClass@34
                      ; - java.net.URLClassLoader$1::run@43
                      ; - java.net.URLClassLoader$1::run@1
                      ; - java.security.AccessController::executePrivileged@29
                      ; - java.security.AccessController::doPrivileged@13
                      ; - java.net.URLClassLoader::findClass@13
  0x0000026ed141a5bc: 40d5 76ff 

  0x0000026ed141a5c0: ;   {other}
  0x0000026ed141a5c0: 0f1f 8400 | b08a 00ec | ba45 ffff | ff48 8b6c | 2448 4c8b | 5424 504c | 8954 2420 | 4c8b 5424 
  0x0000026ed141a5e0: 584c 8954 | 2450 4c8b | 5424 784c | 8954 2468 | 448b 9424 | 8000 0000 | 4489 5424 | 704c 8b94 
  0x0000026ed141a600: 2488 0000 | 004c 8954 | 2478 6690 

  0x0000026ed141a60c: ;   {runtime_call UncommonTrapBlob}
  0x0000026ed141a60c: c5f8 77e8 

  0x0000026ed141a610: ; ImmutableOopMap {rbp=Oop [32]=Oop [80]=Oop [104]=Oop [112]=NarrowOop [120]=Oop [144]=Oop }
                      ;*ifnonnull {reexecute=1 rethrow=0 return_oop=0}
                      ; - (reexecute) java.util.Objects::requireNonNull@1
                      ; - java.lang.ClassLoader::getDefinedPackage@4
                      ; - java.net.URLClassLoader::getAndVerifyPackage@2
                      ; - java.net.URLClassLoader::defineClass@46
                      ; - java.net.URLClassLoader$1::run@43
                      ; - java.net.URLClassLoader$1::run@1
                      ; - java.security.AccessController::executePrivileged@29
                      ; - java.security.AccessController::doPrivileged@13
                      ; - java.net.URLClassLoader::findClass@13
  0x0000026ed141a610: ecd4 76ff 

  0x0000026ed141a614: ;   {other}
  0x0000026ed141a614: 0f1f 8400 | 048b 00ed | baf6 ffff | ff48 8b6c | 2448 4c8b | 5424 504c | 8954 2420 | 4c8b 5424 
  0x0000026ed141a634: 584c 8954 | 2440 4c8b | 5424 784c | 8954 2450 | 4c8b 5424 | 604c 8954 | 2458 6690 

  0x0000026ed141a650: ;   {runtime_call UncommonTrapBlob}
  0x0000026ed141a650: c5f8 77e8 

  0x0000026ed141a654: ; ImmutableOopMap {rbp=Oop [32]=Oop [64]=Oop [80]=Oop [120]=Oop [128]=NarrowOop [136]=Oop [144]=Oop }
                      ;*arraylength {reexecute=0 rethrow=0 return_oop=0}
                      ; - java.lang.StringLatin1::hashCode@1
                      ; - java.lang.String::hashCode@27
                      ; - java.util.concurrent.ConcurrentHashMap::get@1
                      ; - java.lang.ClassLoader::getDefinedPackage@13
                      ; - java.net.URLClassLoader::getAndVerifyPackage@2
                      ; - java.net.URLClassLoader::defineClass@46
                      ; - java.net.URLClassLoader$1::run@43
                      ; - java.net.URLClassLoader$1::run@1
                      ; - java.security.AccessController::executePrivileged@29
                      ; - java.security.AccessController::doPrivileged@13
                      ; - java.net.URLClassLoader::findClass@13
  0x0000026ed141a654: a8d4 76ff 

  0x0000026ed141a658: ;   {other}
  0x0000026ed141a658: 0f1f 8400 | 488b 00ee | baf4 ffff | ff48 8b6c | 2448 4c8b | 5424 304c | 8954 2420 | 4c8b 5424 
  0x0000026ed141a678: 584c 8954 | 2448 4c8b | 5424 784c | 8954 2458 

  0x0000026ed141a688: ;   {runtime_call UncommonTrapBlob}
  0x0000026ed141a688: c5f8 77e8 

  0x0000026ed141a68c: ; ImmutableOopMap {rbp=Oop [32]=Oop [72]=Oop [88]=Oop [104]=NarrowOop [136]=Oop [144]=Oop }
                      ;*checkcast {reexecute=0 rethrow=0 return_oop=0}
                      ; - java.lang.ClassLoader::definePackage@81
                      ; - java.lang.ClassLoader::getDefinedPackage@32
                      ; - java.net.URLClassLoader::getAndVerifyPackage@2
                      ; - java.net.URLClassLoader::defineClass@46
                      ; - java.net.URLClassLoader$1::run@43
                      ; - java.net.URLClassLoader$1::run@1
                      ; - java.security.AccessController::executePrivileged@29
                      ; - java.security.AccessController::doPrivileged@13
                      ; - java.net.URLClassLoader::findClass@13
  0x0000026ed141a68c: 70d4 76ff 

  0x0000026ed141a690: ;   {other}
  0x0000026ed141a690: 0f1f 8400 | 808b 00ef | ba45 ffff | ff48 8b6c | 2448 4c8b | 5424 504c | 8954 2420 | 4c8b 5424 
  0x0000026ed141a6b0: 584c 8954 | 2440 4c8b | 5424 784c | 8954 2450 | 4c8b 5424 | 604c 8954 | 2458 448b | 9424 8000 
  0x0000026ed141a6d0: 0000 4489 | 5424 604c | 8b94 2488 | 0000 004c | 8954 2478 

  0x0000026ed141a6e4: ;   {runtime_call UncommonTrapBlob}
  0x0000026ed141a6e4: c5f8 77e8 

  0x0000026ed141a6e8: ; ImmutableOopMap {rbp=Oop [32]=Oop [64]=Oop [80]=Oop [96]=NarrowOop [104]=Oop [112]=NarrowOop [120]=Oop [144]=Oop }
                      ;*ifnonnull {reexecute=1 rethrow=0 return_oop=0}
                      ; - (reexecute) jdk.internal.access.SharedSecrets::javaUtilJarAccess@5
                      ; - java.net.URLClassLoader::isSealed@0
                      ; - java.net.URLClassLoader::getAndVerifyPackage@68
                      ; - java.net.URLClassLoader::defineClass@46
                      ; - java.net.URLClassLoader$1::run@43
                      ; - java.net.URLClassLoader$1::run@1
                      ; - java.security.AccessController::executePrivileged@29
                      ; - java.security.AccessController::doPrivileged@13
                      ; - java.net.URLClassLoader::findClass@13
  0x0000026ed141a6e8: 14d4 76ff 

  0x0000026ed141a6ec: ;   {other}
  0x0000026ed141a6ec: 0f1f 8400 | dc8b 00f0 | ba45 ffff | ff48 8b6c | 2448 4c8b | 5424 504c | 8954 2420 | 4c8b 5424 
  0x0000026ed141a70c: 584c 8954 | 2440 4c8b | 5424 784c | 8954 2450 | 4c8b 5424 | 604c 8954 | 2458 448b | 8424 8000 
  0x0000026ed141a72c: 0000 4489 | 4424 604c | 8b94 2488 | 0000 004c | 894c 2478 | 4c89 9424 | 8000 0000 | 4489 9c24 
  0x0000026ed141a74c: 8800 0000 

  0x0000026ed141a750: ;   {runtime_call UncommonTrapBlob}
  0x0000026ed141a750: c5f8 77e8 

  0x0000026ed141a754: ; ImmutableOopMap {rbp=Oop [32]=Oop [64]=Oop [80]=Oop [96]=NarrowOop [104]=Oop [120]=Oop [128]=Oop [136]=NarrowOop }
                      ;*ifnull {reexecute=1 rethrow=0 return_oop=0}
                      ; - (reexecute) java.net.URLClassLoader::isSealed@51
                      ; - java.net.URLClassLoader::getAndVerifyPackage@68
                      ; - java.net.URLClassLoader::defineClass@46
                      ; - java.net.URLClassLoader$1::run@43
                      ; - java.net.URLClassLoader$1::run@1
                      ; - java.security.AccessController::executePrivileged@29
                      ; - java.security.AccessController::doPrivileged@13
                      ; - java.net.URLClassLoader::findClass@13
  0x0000026ed141a754: a8d3 76ff 

  0x0000026ed141a758: ;   {other}
  0x0000026ed141a758: 0f1f 8400 | 488c 00f1 | baf6 ffff | ff48 8b6c | 2448 4c8b | 5424 504c | 8954 2420 | 4c8b 5424 
  0x0000026ed141a778: 584c 8954 | 2440 4c8b | 5424 784c | 8954 2450 | 4c8b 5424 | 604c 8954 | 2458 4c89 | 4c24 7090 
  0x0000026ed141a798: ;   {runtime_call UncommonTrapBlob}
  0x0000026ed141a798: c5f8 77e8 

  0x0000026ed141a79c: ; ImmutableOopMap {rbp=Oop [32]=Oop [64]=Oop [80]=Oop [112]=Oop [120]=Oop [128]=NarrowOop [136]=Oop }
                      ;*arraylength {reexecute=0 rethrow=0 return_oop=0}
                      ; - java.lang.String::length@4
                      ; - java.lang.String::equalsIgnoreCase@14
                      ; - java.net.URLClassLoader::isSealed@68
                      ; - java.net.URLClassLoader::getAndVerifyPackage@68
                      ; - java.net.URLClassLoader::defineClass@46
                      ; - java.net.URLClassLoader$1::run@43
                      ; - java.net.URLClassLoader$1::run@1
                      ; - java.security.AccessController::executePrivileged@29
                      ; - java.security.AccessController::doPrivileged@13
                      ; - java.net.URLClassLoader::findClass@13
  0x0000026ed141a79c: 60d3 76ff 

  0x0000026ed141a7a0: ;   {other}
  0x0000026ed141a7a0: 0f1f 8400 | 908c 00f2 | ba45 ffff | ff4c 8b54 | 2448 4c89 | 5424 204c | 8b54 2450 | 4c89 5424 
  0x0000026ed141a7c0: 2844 899c | 2484 0000 | 0066 6690 

  0x0000026ed141a7cc: ;   {runtime_call UncommonTrapBlob}
  0x0000026ed141a7cc: c5f8 77e8 

  0x0000026ed141a7d0: ; ImmutableOopMap {rbp=NarrowOop [32]=Oop [40]=Oop [88]=Oop [120]=Oop [128]=NarrowOop [132]=NarrowOop [136]=Oop [144]=Oop }
                      ;*ifnull {reexecute=1 rethrow=0 return_oop=0}
                      ; - (reexecute) java.util.concurrent.ConcurrentHashMap::get@67
                      ; - java.lang.ClassLoader::getDefinedPackage@13
                      ; - java.net.URLClassLoader::getAndVerifyPackage@2
                      ; - java.net.URLClassLoader::defineClass@46
                      ; - java.net.URLClassLoader$1::run@43
                      ; - java.net.URLClassLoader$1::run@1
                      ; - java.security.AccessController::executePrivileged@29
                      ; - java.security.AccessController::doPrivileged@13
                      ; - java.net.URLClassLoader::findClass@13
  0x0000026ed141a7d0: 2cd3 76ff 

  0x0000026ed141a7d4: ;   {other}
  0x0000026ed141a7d4: 0f1f 8400 | c48c 00f3 | baf6 ffff | ff48 8b6c | 2448 4c8b | 5424 504c | 8954 2420 | 4c8b 5424 
  0x0000026ed141a7f4: 584c 8954 | 2440 4c8b | 5424 784c | 8954 2450 | 4c8b 5424 | 604c 8954 | 2458 6690 

  0x0000026ed141a810: ;   {runtime_call UncommonTrapBlob}
  0x0000026ed141a810: c5f8 77e8 

  0x0000026ed141a814: ; ImmutableOopMap {rbp=Oop [32]=Oop [64]=Oop [80]=Oop [120]=Oop [128]=NarrowOop [136]=Oop [144]=Oop }
                      ;*arraylength {reexecute=0 rethrow=0 return_oop=0}
                      ; - java.lang.StringLatin1::hashCode@1
                      ; - java.lang.String::hashCode@27
                      ; - java.util.HashMap::hash@9
                      ; - java.util.HashMap::getNode@23
                      ; - java.util.HashMap::get@2
                      ; - java.util.jar.Manifest::getAttributes@5
                      ; - java.util.jar.Manifest::getTrustedAttributes@2
                      ; - java.util.jar.JavaUtilJarAccessImpl::getTrustedAttributes@2
                      ; - java.net.URLClassLoader::isSealed@18
                      ; - java.net.URLClassLoader::getAndVerifyPackage@68
                      ; - java.net.URLClassLoader::defineClass@46
                      ; - java.net.URLClassLoader$1::run@43
                      ; - java.net.URLClassLoader$1::run@1
                      ; - java.security.AccessController::executePrivileged@29
                      ; - java.security.AccessController::doPrivileged@13
                      ; - java.net.URLClassLoader::findClass@13
  0x0000026ed141a814: e8d2 76ff 

  0x0000026ed141a818: ;   {other}
  0x0000026ed141a818: 0f1f 8400 | 088d 00f4 | ba45 ffff | ff4c 8b54 | 2448 4c89 | 5424 204c | 8b54 2450 | 4c89 5424 
  0x0000026ed141a838: 284c 8b54 | 2458 4c89 | 5424 484c | 896c 2458 | 448b 9424 | 8000 0000 | 4489 5424 | 7c44 8984 
  0x0000026ed141a858: 2494 0000 | 0066 6690 

  0x0000026ed141a860: ;   {runtime_call UncommonTrapBlob}
  0x0000026ed141a860: c5f8 77e8 

  0x0000026ed141a864: ; ImmutableOopMap {rbp=NarrowOop [32]=Oop [40]=Oop [72]=Oop [88]=Oop [104]=Oop [112]=NarrowOop [116]=NarrowOop [120]=NarrowOop [124]=NarrowOop [148]=NarrowOop }
                      ;*ifnull {reexecute=1 rethrow=0 return_oop=0}
                      ; - (reexecute) java.util.Objects::equals@6
                      ; - java.util.zip.ZipFile::getInputStream@42
                      ; - java.util.jar.JarFile::getInputStream@21
                      ; - jdk.internal.loader.URLClassPath$JarLoader$2::getInputStream@11
                      ; - jdk.internal.loader.Resource::cachedInputStream@9
                      ; - jdk.internal.loader.Resource::getByteBuffer@1
                      ; - java.net.URLClassLoader::defineClass@132
                      ; - java.net.URLClassLoader$1::run@43
                      ; - java.net.URLClassLoader$1::run@1
                      ; - java.security.AccessController::executePrivileged@29
                      ; - java.security.AccessController::doPrivileged@13
                      ; - java.net.URLClassLoader::findClass@13
  0x0000026ed141a864: 98d2 76ff 

  0x0000026ed141a868: ;   {other}
  0x0000026ed141a868: 0f1f 8400 | 588d 00f5 | ba45 ffff | ff4c 8b54 | 2448 4c89 | 5424 204c | 8b54 2450 | 4c89 5424 
  0x0000026ed141a888: 2844 8984 | 24b8 0000 | 0066 6690 

  0x0000026ed141a894: ;   {runtime_call UncommonTrapBlob}
  0x0000026ed141a894: c5f8 77e8 

  0x0000026ed141a898: ; ImmutableOopMap {rbp=NarrowOop [32]=Oop [40]=Oop [88]=Oop [104]=NarrowOop [120]=Oop [128]=NarrowOop [136]=Oop [144]=Oop [184]=NarrowOop }
                      ;*ifnull {reexecute=1 rethrow=0 return_oop=0}
                      ; - (reexecute) java.util.concurrent.ConcurrentHashMap::get@67
                      ; - java.lang.ClassLoader::definePackage@47
                      ; - java.lang.ClassLoader::getDefinedPackage@32
                      ; - java.net.URLClassLoader::getAndVerifyPackage@2
                      ; - java.net.URLClassLoader::defineClass@46
                      ; - java.net.URLClassLoader$1::run@43
                      ; - java.net.URLClassLoader$1::run@1
                      ; - java.security.AccessController::executePrivileged@29
                      ; - java.security.AccessController::doPrivileged@13
                      ; - java.net.URLClassLoader::findClass@13
  0x0000026ed141a898: 64d2 76ff 

  0x0000026ed141a89c: ;   {other}
  0x0000026ed141a89c: 0f1f 8400 | 8c8d 00f6 | bab5 ffff | ff48 8b6c | 2420 4889 | 4424 3090 

  0x0000026ed141a8b4: ;   {runtime_call UncommonTrapBlob}
  0x0000026ed141a8b4: c5f8 77e8 

  0x0000026ed141a8b8: ; ImmutableOopMap {rbp=Oop [48]=Oop [88]=Oop [112]=Oop }
                      ;*astore_3 {reexecute=0 rethrow=0 return_oop=0}
                      ; - java.net.URLClassLoader$1::run@61
                      ; - java.net.URLClassLoader$1::run@1
                      ; - java.security.AccessController::executePrivileged@29
                      ; - java.security.AccessController::doPrivileged@13
                      ; - java.net.URLClassLoader::findClass@13
  0x0000026ed141a8b8: 44d2 76ff 

  0x0000026ed141a8bc: ;   {other}
  0x0000026ed141a8bc: 0f1f 8400 | ac8d 00f7 | ba45 ffff | ff4c 8b54 | 2450 4c89 | 5424 204c | 8b54 2458 | 4c89 5424 
  0x0000026ed141a8dc: 484c 8b54 | 2478 4c89 | 5424 5844 | 8b9c 2480 | 0000 0044 | 895c 2478 | 4c8b 9424 | 8800 0000 
  0x0000026ed141a8fc: 4c89 9424 | 8000 0000 

  0x0000026ed141a904: ;   {runtime_call UncommonTrapBlob}
  0x0000026ed141a904: c5f8 77e8 

  0x0000026ed141a908: ; ImmutableOopMap {rbp=Oop [32]=Oop [64]=Oop [72]=Oop [88]=Oop [104]=Oop [112]=Oop [120]=NarrowOop [128]=Oop }
                      ;*ifnull {reexecute=1 rethrow=0 return_oop=0}
                      ; - (reexecute) java.util.jar.JarFile::getManifestFromReference@148
                      ; - java.util.jar.JarFile::getManifest@1
                      ; - jdk.internal.loader.URLClassPath$JarLoader$2::getManifest@22
                      ; - java.net.URLClassLoader::defineClass@34
                      ; - java.net.URLClassLoader$1::run@43
                      ; - java.net.URLClassLoader$1::run@1
                      ; - java.security.AccessController::executePrivileged@29
                      ; - java.security.AccessController::doPrivileged@13
                      ; - java.net.URLClassLoader::findClass@13
  0x0000026ed141a908: f4d1 76ff 

  0x0000026ed141a90c: ;   {other}
  0x0000026ed141a90c: 0f1f 8400 | fc8d 00f8 | baf6 ffff | ff48 8b6c | 2448 4c8b | 5424 504c | 8954 2420 | 4c8b 5424 
  0x0000026ed141a92c: 584c 8954 | 2448 4c8b | 5424 784c | 8954 2458 | 448b 9424 | 8000 0000 | 4489 5424 | 704c 8b94 
  0x0000026ed141a94c: 2488 0000 | 004c 8954 | 2478 448b | 9c24 8400 | 0000 4489 | 5c24 7490 

  0x0000026ed141a964: ;   {runtime_call UncommonTrapBlob}
  0x0000026ed141a964: c5f8 77e8 

  0x0000026ed141a968: ; ImmutableOopMap {rbp=Oop [32]=Oop [64]=Oop [72]=Oop [88]=Oop [104]=Oop [112]=NarrowOop [116]=NarrowOop [120]=Oop [144]=Oop }
                      ;*arraylength {reexecute=0 rethrow=0 return_oop=0}
                      ; - java.io.ByteArrayInputStream::<init>@21
                      ; - java.util.jar.JarFile::getManifestFromReference@114
                      ; - java.util.jar.JarFile::getManifest@1
                      ; - jdk.internal.loader.URLClassPath$JarLoader$2::getManifest@22
                      ; - java.net.URLClassLoader::defineClass@34
                      ; - java.net.URLClassLoader$1::run@43
                      ; - java.net.URLClassLoader$1::run@1
                      ; - java.security.AccessController::executePrivileged@29
                      ; - java.security.AccessController::doPrivileged@13
                      ; - java.net.URLClassLoader::findClass@13
  0x0000026ed141a968: 94d1 76ff 

  0x0000026ed141a96c: ;   {other}
  0x0000026ed141a96c: 0f1f 8400 | 5c8e 00f9 | bab5 ffff | ff48 8b6c | 2428 4889 | 4424 3090 

  0x0000026ed141a984: ;   {runtime_call UncommonTrapBlob}
  0x0000026ed141a984: c5f8 77e8 

  0x0000026ed141a988: ; ImmutableOopMap {rbp=Oop [32]=Oop [48]=Oop [88]=Oop }
                      ;*astore_3 {reexecute=0 rethrow=0 return_oop=0}
                      ; - java.net.URLClassLoader$1::run@61
                      ; - java.net.URLClassLoader$1::run@1
                      ; - java.security.AccessController::executePrivileged@29
                      ; - java.security.AccessController::doPrivileged@13
                      ; - java.net.URLClassLoader::findClass@13
  0x0000026ed141a988: 74d1 76ff 

  0x0000026ed141a98c: ;   {other}
  0x0000026ed141a98c: 0f1f 8400 | 7c8e 00fa | baf4 ffff | ff66 6690 

  0x0000026ed141a99c: ;   {runtime_call UncommonTrapBlob}
  0x0000026ed141a99c: c5f8 77e8 

  0x0000026ed141a9a0: ; ImmutableOopMap {}
                      ;*checkcast {reexecute=0 rethrow=0 return_oop=0}
                      ; - java.net.URLClassLoader::findClass@28
  0x0000026ed141a9a0: 5cd1 76ff 

  0x0000026ed141a9a4: ;   {other}
  0x0000026ed141a9a4: 0f1f 8400 | 948e 00fb | baf4 ffff | ff44 8b54 | 2444 4489 | 5424 204c | 8b54 2450 | 4c89 5424 
  0x0000026ed141a9c4: 3044 8b5c | 2440 4489 | 5c24 2490 

  0x0000026ed141a9d0: ;   {runtime_call UncommonTrapBlob}
  0x0000026ed141a9d0: c5f8 77e8 

  0x0000026ed141a9d4: ; ImmutableOopMap {rbp=Oop [36]=NarrowOop [48]=Oop [56]=Oop [88]=Oop [96]=Oop }
                      ;*checkcast {reexecute=0 rethrow=0 return_oop=0}
                      ; - jdk.internal.loader.URLClassPath$JarLoader::ensureOpen@31
                      ; - jdk.internal.loader.URLClassPath$JarLoader::getResource@1
                      ; - jdk.internal.loader.URLClassPath::getResource@53
                      ; - java.net.URLClassLoader$1::run@26
                      ; - java.net.URLClassLoader$1::run@1
                      ; - java.security.AccessController::executePrivileged@29
                      ; - java.security.AccessController::doPrivileged@13
                      ; - java.net.URLClassLoader::findClass@13
  0x0000026ed141a9d4: 28d1 76ff 

  0x0000026ed141a9d8: ;   {other}
  0x0000026ed141a9d8: 0f1f 8400 | c88e 00fc | bab5 ffff | ff48 8b6c | 2420 4889 | 4424 3090 

  0x0000026ed141a9f0: ;   {runtime_call UncommonTrapBlob}
  0x0000026ed141a9f0: c5f8 77e8 

  0x0000026ed141a9f4: ; ImmutableOopMap {rbp=Oop [48]=Oop [88]=Oop [104]=Oop }
                      ;*astore_3 {reexecute=0 rethrow=0 return_oop=0}
                      ; - java.net.URLClassLoader$1::run@61
                      ; - java.net.URLClassLoader$1::run@1
                      ; - java.security.AccessController::executePrivileged@29
                      ; - java.security.AccessController::doPrivileged@13
                      ; - java.net.URLClassLoader::findClass@13
  0x0000026ed141a9f4: 08d1 76ff 

  0x0000026ed141a9f8: ;   {other}
  0x0000026ed141a9f8: 0f1f 8400 | e88e 00fd | eb1b e9f4 | 0000 00eb | 74e9 ed00 | 0000 e9e8 | 0000 00e9 | e300 0000 
  0x0000026ed141aa18: e9de 0000 | 0044 8b50 | 0849 bb00 | 0000 de6e | 0200 004d | 03da e970 | 0300 0044 | 8b40 0849 
  0x0000026ed141aa38: ba00 0000 | de6e 0200 | 004d 03d0 | e986 0300 | 00e9 ad00 | 0000 e9a8 | 0000 00e9 | a300 0000 
  0x0000026ed141aa58: 448b 4008 

  0x0000026ed141aa5c: ;   {metadata('java/security/PrivilegedActionException')}
  0x0000026ed141aa5c: 4181 f898 | 1f05 010f | 8517 0400 | 0048 8bd0 | e960 0200 | 00e9 b301 | 0000 e980 | 0000 00eb 
  0x0000026ed141aa7c: 7e44 8b50 | 08e9 7e01 | 0000 e99e | 0100 00eb | 6eeb 6ceb | 6aeb 68eb | 66eb 64eb | 62eb 60eb 
  0x0000026ed141aa9c: 5e44 8b58 | 0849 ba00 | 0000 de6e | 0200 004d | 03d3 eb5c | eb49 eb47 | 448b 4008 | 49ba 0000 
  0x0000026ed141aabc: 00de 6e02 | 0000 4d03 | d0eb 1144 | 8b58 0849 | ba00 0000 | de6e 0200 | 004d 03d3 | 4d8b 5a48 
  0x0000026ed141aadc: ;   {metadata('java/lang/RuntimeException')}
  0x0000026ed141aadc: 49b8 a8b7 | 05de 6e02 | 0000 4d3b | d80f 8542 | 0100 00eb | 2eeb 08eb | 06eb 04eb | 02eb 0044 
  0x0000026ed141aafc: 8b40 0849 | ba00 0000 | de6e 0200 | 004d 03d0 | 4d8b 5a48 

  0x0000026ed141ab10: ;   {metadata('java/lang/RuntimeException')}
  0x0000026ed141ab10: 49b8 a8b7 | 05de 6e02 | 0000 4d3b | d875 0848 | 8bd0 e934 | 94ff ff4d 

  0x0000026ed141ab28: ;   {metadata('java/lang/Exception')}
  0x0000026ed141ab28: 8b52 4049 | bb20 c000 | de6e 0200 | 004d 3bd3 | 0f85 c200 | 0000 4c8b | d04c 8954 | 2428 498b 
  0x0000026ed141ab48: 87b8 0100 | 004c 8bd0 | 4983 c228 | 4d3b 97c8 | 0100 000f | 838d 0200 | 004d 8997 | b801 0000 
  0x0000026ed141ab68: 410f 0d8a | c000 0000 | 48c7 0001 

  0x0000026ed141ab74: ;   {metadata('java/security/PrivilegedActionException')}
  0x0000026ed141ab74: 0000 00c7 | 4008 981f | 0501 4489 | 600c 4c8b | d049 83c2 | 10c5 fdef | c041 bb07 | 0000 00c4 
  0x0000026ed141ab94: c178 92fb | 62d1 fe2f | 7f02 488b | e848 8bd5 | 4c8b 4424 | 2866 6690 

  0x0000026ed141abac: ;   {optimized virtual_call}
  0x0000026ed141abac: c5f8 77e8 

  0x0000026ed141abb0: ; ImmutableOopMap {rbp=Oop [72]=Oop }
                      ;*invokespecial <init> {reexecute=0 rethrow=0 return_oop=0}
                      ; - java.security.AccessController::wrapException@5
                      ; - java.security.AccessController::doPrivileged@22
                      ; - java.net.URLClassLoader::findClass@13
  0x0000026ed141abb0: cc42 76ff 

  0x0000026ed141abb4: ;   {other}
  0x0000026ed141abb4: 0f1f 8400 | a490 00fe | 488b d590 

  0x0000026ed141abc0: ;   {optimized virtual_call}
  0x0000026ed141abc0: c5f8 77e8 

  0x0000026ed141abc4: ; ImmutableOopMap {}
                      ;*invokevirtual getException {reexecute=0 rethrow=0 return_oop=1}
                      ; - java.net.URLClassLoader::findClass@25
  0x0000026ed141abc4: b842 76ff 

  0x0000026ed141abc8: ;   {other}
  0x0000026ed141abc8: 0f1f 8400 | b890 00ff 

  0x0000026ed141abd0: ; implicit exception: dispatches to 0x0000026ed141a994
  0x0000026ed141abd0: 448b 5808 

  0x0000026ed141abd4: ;   {metadata('java/lang/ClassNotFoundException')}
  0x0000026ed141abd4: 49ba 8893 | 06de 6e02 | 0000 49b8 | 0000 00de | 6e02 0000 | 4d03 c34d | 8b58 504d | 3bda 0f85 
  0x0000026ed141abf4: 6d02 0000 | 488b d0e9 | 5b93 ffff | 448b 5008 | 49bb 0000 | 00de 6e02 | 0000 4d03 | da4d 8b53 
  0x0000026ed141ac14: ;   {metadata('java/security/PrivilegedActionException')}
  0x0000026ed141ac14: 4849 bb98 | 1f05 df6e | 0200 004d | 3bd3 7505 | 488b d0eb | 9648 8bd0 | e92a 93ff | ff4d 8b52 
  0x0000026ed141ac34: ;   {metadata('java/lang/Exception')}
  0x0000026ed141ac34: 4049 bb20 | c000 de6e | 0200 004d | 3bd3 0f85 | 4a01 0000 | 4c8b c049 | 8b87 b801 | 0000 4c8b 
  0x0000026ed141ac54: d049 83c2 | 284d 3b97 | c801 0000 | 0f83 db01 | 0000 4d89 | 97b8 0100 | 0041 0f0d | 8ac0 0000 
  0x0000026ed141ac74: 0048 c700 | 0100 0000 | 4c8b d049 

  0x0000026ed141ac80: ;   {metadata('java/security/PrivilegedActionException')}
  0x0000026ed141ac80: 83c2 10c7 | 4008 981f | 0501 4489 | 600c c5fd | efc0 41bb | 0700 0000 | c4c1 7892 | fb62 d1fe 
  0x0000026ed141aca0: 2f7f 0249 | 8be8 4c8b | d04c 8954 | 2420 498b | d24c 8bc5 | 488b 6c24 | 4866 6690 

  0x0000026ed141acbc: ;   {optimized virtual_call}
  0x0000026ed141acbc: c5f8 77e8 

  0x0000026ed141acc0: ; ImmutableOopMap {rbp=Oop [32]=Oop [56]=Oop [64]=NarrowOop [72]=Oop [80]=Oop [88]=Oop [96]=Oop }
                      ;*invokespecial <init> {reexecute=0 rethrow=0 return_oop=0}
                      ; - java.security.AccessController::wrapException@5
                      ; - java.security.AccessController::doPrivileged@22
                      ; - jdk.internal.loader.URLClassPath$JarLoader::ensureOpen@19
                      ; - jdk.internal.loader.URLClassPath$JarLoader::getResource@1
                      ; - jdk.internal.loader.URLClassPath::getResource@53
                      ; - java.net.URLClassLoader$1::run@26
                      ; - java.net.URLClassLoader$1::run@1
                      ; - java.security.AccessController::executePrivileged@29
                      ; - java.security.AccessController::doPrivileged@13
                      ; - java.net.URLClassLoader::findClass@13
  0x0000026ed141acc0: bc41 76ff 

  0x0000026ed141acc4: ;   {other}
  0x0000026ed141acc4: 0f1f 8400 | 0000 0000 | 488b 5424 | 2048 8b6c | 2448 6690 

  0x0000026ed141acd8: ;   {optimized virtual_call}
  0x0000026ed141acd8: c5f8 77e8 

  0x0000026ed141acdc: ; ImmutableOopMap {rbp=Oop [56]=Oop [64]=NarrowOop [72]=Oop [80]=Oop [88]=Oop [96]=Oop }
                      ;*invokevirtual getException {reexecute=0 rethrow=0 return_oop=1}
                      ; - jdk.internal.loader.URLClassPath$JarLoader::ensureOpen@28
                      ; - jdk.internal.loader.URLClassPath$JarLoader::getResource@1
                      ; - jdk.internal.loader.URLClassPath::getResource@53
                      ; - java.net.URLClassLoader$1::run@26
                      ; - java.net.URLClassLoader$1::run@1
                      ; - java.security.AccessController::executePrivileged@29
                      ; - java.security.AccessController::doPrivileged@13
                      ; - java.net.URLClassLoader::findClass@13
  0x0000026ed141acdc: a041 76ff 

  0x0000026ed141ace0: ;   {other}
  0x0000026ed141ace0: 0f1f 8400 | 0000 0000 

  0x0000026ed141ace8: ; implicit exception: dispatches to 0x0000026ed141a9ac
  0x0000026ed141ace8: 448b 5808 

  0x0000026ed141acec: ;   {metadata('java/io/FileNotFoundException')}
  0x0000026ed141acec: 4181 fb38 | 1d05 010f | 8599 0100 | 004c 8bc0 | 498b 87b8 | 0100 004c | 8bd0 4983 | c228 4d3b 
  0x0000026ed141ad0c: 97c8 0100 | 000f 83fe | 0000 004d | 8997 b801 | 0000 410f | 0d8a c000 | 0000 48c7 | 0001 0000 
  0x0000026ed141ad2c: 004c 8bd0 | 4983 c210 

  0x0000026ed141ad34: ;   {metadata('java/lang/InternalError')}
  0x0000026ed141ad34: c740 0838 | 0701 0044 | 8960 0cc5 | fdef c041 | bb07 0000 | 00c4 c178 | 92fb 62d1 | fe2f 7f02 
  0x0000026ed141ad54: 4c89 4424 | 284c 8bd0 | 4c89 5424 | 304c 8b54 | 2450 4c89 | 5424 2048 | 8b54 2430 | 4c8b 4424 
  0x0000026ed141ad74: 2866 6690 

  0x0000026ed141ad78: ;   {optimized virtual_call}
  0x0000026ed141ad78: c5f8 77e8 

  0x0000026ed141ad7c: ; ImmutableOopMap {[32]=Oop [48]=Oop [64]=NarrowOop [72]=Oop [88]=Oop [96]=Oop }
                      ;*invokespecial <init> {reexecute=0 rethrow=0 return_oop=0}
                      ; - jdk.internal.loader.URLClassPath$JarLoader::getResource@13
                      ; - jdk.internal.loader.URLClassPath::getResource@53
                      ; - java.net.URLClassLoader$1::run@26
                      ; - java.net.URLClassLoader$1::run@1
                      ; - java.security.AccessController::executePrivileged@29
                      ; - java.security.AccessController::doPrivileged@13
                      ; - java.net.URLClassLoader::findClass@13
  0x0000026ed141ad7c: 0041 76ff 

  0x0000026ed141ad80: ;   {other}
  0x0000026ed141ad80: 0f1f 8400 | 0000 0000 | 488b 5424 | 30e9 c991 | ffff 448b | 5008 49bb | 0000 00de | 6e02 0000 
  0x0000026ed141ada0: 4d03 da4d 

  0x0000026ed141ada4: ;   {metadata('java/security/PrivilegedActionException')}
  0x0000026ed141ada4: 8b53 4849 | bb98 1f05 | df6e 0200 | 004d 3bd3 | 7508 488b | d0e9 13ff | ffff 448b | 5808 49ba 
  0x0000026ed141adc4: 0000 00de | 6e02 0000 | 4d03 d34d 

  0x0000026ed141add0: ;   {metadata('java/io/IOException')}
  0x0000026ed141add0: 8b52 4849 | bb70 8004 | df6e 0200 | 004d 3bd3 | 0f85 15fd | ffff 4c8b | c0e9 0eff 

  0x0000026ed141adec: ;   {metadata('java/security/PrivilegedActionException')}
  0x0000026ed141adec: ffff 48ba | 981f 05df | 6e02 0000 | 488b 6c24 | 4866 6690 

  0x0000026ed141ae00: ;   {runtime_call _new_instance_Java}
  0x0000026ed141ae00: c5f8 77e8 

  0x0000026ed141ae04: ; ImmutableOopMap {rbp=Oop [40]=Oop [72]=Oop }
                      ;*new {reexecute=0 rethrow=0 return_oop=1}
                      ; - java.security.AccessController::wrapException@0
                      ; - java.security.AccessController::doPrivileged@22
                      ; - java.net.URLClassLoader::findClass@13
  0x0000026ed141ae04: f8c7 83ff 

  0x0000026ed141ae08: ;   {other}
  0x0000026ed141ae08: 0f1f 8400 | 0000 0000 | e989 fdff | ff4c 8944 

  0x0000026ed141ae18: ;   {metadata('java/lang/InternalError')}
  0x0000026ed141ae18: 2428 48ba | 3807 01de | 6e02 0000 | 488b 6c24 | 4866 6690 

  0x0000026ed141ae2c: ;   {runtime_call _new_instance_Java}
  0x0000026ed141ae2c: c5f8 77e8 

  0x0000026ed141ae30: ; ImmutableOopMap {rbp=Oop [40]=Oop [64]=NarrowOop [72]=Oop [80]=Oop [88]=Oop [96]=Oop }
                      ;*new {reexecute=0 rethrow=0 return_oop=1}
                      ; - jdk.internal.loader.URLClassPath$JarLoader::getResource@8
                      ; - jdk.internal.loader.URLClassPath::getResource@53
                      ; - java.net.URLClassLoader$1::run@26
                      ; - java.net.URLClassLoader$1::run@1
                      ; - java.security.AccessController::executePrivileged@29
                      ; - java.security.AccessController::doPrivileged@13
                      ; - java.net.URLClassLoader::findClass@13
  0x0000026ed141ae30: ccc7 83ff 

  0x0000026ed141ae34: ;   {other}
  0x0000026ed141ae34: 0f1f 8400 | 0000 0000 | e918 ffff | ff49 8be8 

  0x0000026ed141ae44: ;   {metadata('java/security/PrivilegedActionException')}
  0x0000026ed141ae44: 48ba 981f | 05df 6e02 | 0000 6690 

  0x0000026ed141ae50: ;   {runtime_call _new_instance_Java}
  0x0000026ed141ae50: c5f8 77e8 

  0x0000026ed141ae54: ; ImmutableOopMap {rbp=Oop [56]=Oop [64]=NarrowOop [72]=Oop [80]=Oop [88]=Oop [96]=Oop }
                      ;*new {reexecute=0 rethrow=0 return_oop=1}
                      ; - java.security.AccessController::wrapException@0
                      ; - java.security.AccessController::doPrivileged@22
                      ; - jdk.internal.loader.URLClassPath$JarLoader::ensureOpen@19
                      ; - jdk.internal.loader.URLClassPath$JarLoader::getResource@1
                      ; - jdk.internal.loader.URLClassPath::getResource@53
                      ; - java.net.URLClassLoader$1::run@26
                      ; - java.net.URLClassLoader$1::run@1
                      ; - java.security.AccessController::executePrivileged@29
                      ; - java.security.AccessController::doPrivileged@13
                      ; - java.net.URLClassLoader::findClass@13
  0x0000026ed141ae54: a8c7 83ff 

  0x0000026ed141ae58: ;   {other}
  0x0000026ed141ae58: 0f1f 8400 | 0000 0000 | e941 feff | ffba deff | ffff 488b | e866 6690 

  0x0000026ed141ae70: ;   {runtime_call UncommonTrapBlob}
  0x0000026ed141ae70: c5f8 77e8 

  0x0000026ed141ae74: ; ImmutableOopMap {rbp=Oop }
                      ;*checkcast {reexecute=0 rethrow=0 return_oop=0}
                      ; - java.net.URLClassLoader::findClass@28
  0x0000026ed141ae74: 88cc 76ff 

  0x0000026ed141ae78: ;   {other}
  0x0000026ed141ae78: 0f1f 8400 | 0000 0000 | 49ba 0000 | 00de 6e02 | 0000 4d03 | d0e9 3dff | ffff bade | ffff ff44 
  0x0000026ed141ae98: 8b5c 2444 | 4489 5c24 | 204c 8b5c | 2450 4c89 | 5c24 304c | 8b5c 2458 | 4c89 5c24 | 4844 8b5c 
  0x0000026ed141aeb8: 2440 4489 | 5c24 2448 | 8944 2458 

  0x0000026ed141aec4: ;   {runtime_call UncommonTrapBlob}
  0x0000026ed141aec4: c5f8 77e8 

  0x0000026ed141aec8: ; ImmutableOopMap {rbp=Oop [36]=NarrowOop [48]=Oop [56]=Oop [72]=Oop [88]=Oop [96]=Oop }
                      ;*checkcast {reexecute=0 rethrow=0 return_oop=0}
                      ; - jdk.internal.loader.URLClassPath$JarLoader::ensureOpen@31
                      ; - jdk.internal.loader.URLClassPath$JarLoader::getResource@1
                      ; - jdk.internal.loader.URLClassPath::getResource@53
                      ; - java.net.URLClassLoader$1::run@26
                      ; - java.net.URLClassLoader$1::run@1
                      ; - java.security.AccessController::executePrivileged@29
                      ; - java.security.AccessController::doPrivileged@13
                      ; - java.net.URLClassLoader::findClass@13
  0x0000026ed141aec8: 34cc 76ff 

  0x0000026ed141aecc: ;   {other}
  0x0000026ed141aecc: 0f1f 8400 | 0000 0000 | 4c8b d0e9 | b505 0000 | 488b d8e9 | b303 0000 | 488b d8e9 | ab03 0000 
  0x0000026ed141aeec: 4c8b d0e9 | 9d05 0000 | 4c8b d0e9 | 9505 0000 | 4c8b d0e9 | 8d05 0000 | 4c8b d0e9 | 8505 0000 
  0x0000026ed141af0c: 4c8b d0e9 | 7d05 0000 | 4c8b d0e9 | 7505 0000 | 4c8b d0e9 | 6d05 0000 | 4c8b d0e9 | 6505 0000 
  0x0000026ed141af2c: 4c8b d0e9 | 5d05 0000 | 4c8b d0e9 | 5505 0000 | 4c8b d0e9 | 4d05 0000 | 4c8b d0e9 | 4505 0000 
  0x0000026ed141af4c: e9fe 0600 | 00e9 f906 | 0000 4c8b | d0e9 3305 | 0000 4c8b | d0e9 2b05 | 0000 4c8b | d0e9 2305 
  0x0000026ed141af6c: 0000 4c8b | d0e9 1b05 | 0000 e9d4 | 0600 00e9 | cf06 0000 | 488b d8e9 | 0f03 0000 | 488b 9424 
  0x0000026ed141af8c: 9000 0000 | 4c8b c044 | 8b94 2480 | 0000 0044 | 8954 2468 

  0x0000026ed141afa0: ;   {optimized virtual_call}
  0x0000026ed141afa0: c5f8 77e8 

  0x0000026ed141afa4: ; ImmutableOopMap {rbp=Oop [40]=Oop [72]=Oop [80]=Oop [88]=Oop [104]=NarrowOop [120]=Oop [136]=Oop [144]=Oop }
                      ;*invokevirtual addSuppressed {reexecute=0 rethrow=0 return_oop=0}
                      ; - java.util.jar.JarFile::getManifestFromReference@177
                      ; - java.util.jar.JarFile::getManifest@1
                      ; - jdk.internal.loader.URLClassPath$JarLoader$2::getManifest@22
                      ; - java.net.URLClassLoader::defineClass@34
                      ; - java.net.URLClassLoader$1::run@43
                      ; - java.net.URLClassLoader$1::run@1
                      ; - java.security.AccessController::executePrivileged@29
                      ; - java.security.AccessController::doPrivileged@13
                      ; - java.net.URLClassLoader::findClass@13
  0x0000026ed141afa4: d83e 76ff 

  0x0000026ed141afa8: ;   {other}
  0x0000026ed141afa8: 0f1f 8400 | 0000 0000 | e9cf 0400 | 0044 8b40 | 0849 ba00 | 0000 de6e | 0200 004d | 03d0 488b 
  0x0000026ed141afc8: d048 8b7c | 2430 e9f1 | 0700 00e9 | 6b04 0000 | 4889 8424 | 9000 0000 | e966 0400 | 00e9 5904 
  0x0000026ed141afe8: 0000 4c8b | d0e9 9f04 | 0000 4c8b | d0e9 9704 | 0000 4c8b | d0e9 8f04 | 0000 4c8b | d0e9 8704 
  0x0000026ed141b008: 0000 488b | e848 8b54 | 2420 4c8b | 5424 284c | 8954 2420 | 448b 9424 | 8000 0000 | 4489 5424 
  0x0000026ed141b028: 704c 8b94 | 2488 0000 | 004c 8994 | 2480 0000 | 0066 6690 

  0x0000026ed141b03c: ;   {static_call}
  0x0000026ed141b03c: c5f8 77e8 

  0x0000026ed141b040: ; ImmutableOopMap {rbp=Oop [32]=Oop [56]=Oop [72]=Oop [80]=Oop [88]=Oop [104]=Oop [112]=NarrowOop [120]=Oop [128]=Oop }
                      ;*invokestatic endInit {reexecute=0 rethrow=0 return_oop=0}
                      ; - java.util.jar.JarFile::ensureInitialization@53
                      ; - java.util.jar.JavaUtilJarAccessImpl::ensureInitialization@1
                      ; - jdk.internal.loader.URLClassPath$JarLoader$2::getManifest@10
                      ; - java.net.URLClassLoader::defineClass@34
                      ; - java.net.URLClassLoader$1::run@43
                      ; - java.net.URLClassLoader$1::run@1
                      ; - java.security.AccessController::executePrivileged@29
                      ; - java.security.AccessController::doPrivileged@13
                      ; - java.net.URLClassLoader::findClass@13
  0x0000026ed141b040: 3c48 76ff 

  0x0000026ed141b044: ;   {other}
  0x0000026ed141b044: 0f1f 8400 | 0000 0000 | 488b dde9 | 4302 0000 | 488b d8e9 | 3b02 0000 | e9ee 0500 | 0048 8bd8 
  0x0000026ed141b064: e907 0600 | 0048 8bd8 | e9ff 0500 | 00e9 d905 | 0000 e9d4 | 0500 0044 | 8b40 0849 | ba00 0000 
  0x0000026ed141b084: de6e 0200 | 004d 03d0 | 488b d048 | 8b7c 2440 | e92b 0700 | 004c 8bd0 | e9f0 0300 | 0044 8b40 
  0x0000026ed141b0a4: 0849 ba00 | 0000 de6e | 0200 004d | 03d0 4d8b | 5a50 4c3b | dd0f 853d | 0700 0045 | 33c9 e9fd 
  0x0000026ed141b0c4: 0200 004c | 8bd0 e9c2 | 0300 004c | 8bd0 e9ba | 0300 004c | 8bd0 e9b2 | 0300 00e9 | 6b05 0000 
  0x0000026ed141b0e4: e966 0500 | 00e9 6105 | 0000 e95c | 0500 00e9 | 5705 0000 | e952 0500 | 00e9 4d05 | 0000 e948 
  0x0000026ed141b104: 0500 0048 | 8bd8 448b | 5808 49ba | 0000 00de | 6e02 0000 | 4d03 d34d 

  0x0000026ed141b11c: ;   {metadata('java/io/IOException')}
  0x0000026ed141b11c: 8b52 4849 | bb70 8004 | df6e 0200 | 004d 3bd3 | 0f85 6501 | 0000 4c8b | d849 8b87 | b801 0000 
  0x0000026ed141b13c: 4c8b d049 | 83c2 284d | 3b97 c801 | 0000 0f83 | d806 0000 | 4d89 97b8 | 0100 0041 | 0f0d 8ac0 
  0x0000026ed141b15c: 0000 0048 | c700 0100 | 0000 4c8b | d049 83c2 

  0x0000026ed141b16c: ;   {metadata('java/lang/RuntimeException')}
  0x0000026ed141b16c: 10c7 4008 | a8b7 0500 | 4489 600c | c5fd efc0 | 41b8 0700 | 0000 c4c1 | 7892 f862 | d1fe 2f7f 
  0x0000026ed141b18c: 0249 8beb | 4c8b d04c | 8954 2420 | 498b d24c | 8bc5 488b | 6c24 4844 | 8b9c 2480 | 0000 0044 
  0x0000026ed141b1ac: 895c 2470 | 4c8b 9424 | 8800 0000 | 4c89 9424 | 8000 0000 

  0x0000026ed141b1c0: ;   {optimized virtual_call}
  0x0000026ed141b1c0: c5f8 77e8 

  0x0000026ed141b1c4: ; ImmutableOopMap {rbp=Oop [32]=Oop [56]=Oop [72]=Oop [80]=Oop [88]=Oop [104]=Oop [112]=NarrowOop [120]=Oop [128]=Oop }
                      ;*invokespecial <init> {reexecute=0 rethrow=0 return_oop=0}
                      ; - java.util.jar.JarFile::ensureInitialization@13
                      ; - java.util.jar.JavaUtilJarAccessImpl::ensureInitialization@1
                      ; - jdk.internal.loader.URLClassPath$JarLoader$2::getManifest@10
                      ; - java.net.URLClassLoader::defineClass@34
                      ; - java.net.URLClassLoader$1::run@43
                      ; - java.net.URLClassLoader$1::run@1
                      ; - java.security.AccessController::executePrivileged@29
                      ; - java.security.AccessController::doPrivileged@13
                      ; - java.net.URLClassLoader::findClass@13
  0x0000026ed141b1c4: b83c 76ff 

  0x0000026ed141b1c8: ;   {other}
  0x0000026ed141b1c8: 0f1f 8400 | 0000 0000 | 4c8b 5c24 | 3848 8d84 | 24f0 0000 | 0048 8338 | 000f 8479 | 0000 004d 
  0x0000026ed141b1e8: 8b13 41f6 | c202 0f84 | 6200 0000 | 4983 ba86 | 0000 0000 | 7409 49ff | 8a86 0000 | 00eb 4b49 
  0x0000026ed141b208: 8b82 9600 | 0000 490b | 828e 0000 | 0075 0a49 | c742 3e00 | 0000 00eb | 3d49 83ba | 9e00 0000 
  0x0000026ed141b228: 0074 2248 | 33c0 49c7 | 423e 0000 | 0000 f083 | 0424 0049 | 83ba 9e00 | 0000 0075 | 0df0 4d0f 
  0x0000026ed141b248: b17a 3e75 | 0583 c801 | eb0c a800 | eb08 4c8b | 10f0 4d0f | b113 750a | 49ff 8f50 | 0500 0045 
  0x0000026ed141b268: 33d2 0f85 | 3706 0000 | 488b 6c24 | 5048 8b54 | 2420 4c8b | 5424 484c | 8954 2420 

  0x0000026ed141b284: ;   {runtime_call _rethrow_Java}
  0x0000026ed141b284: c5f8 77e8 

  0x0000026ed141b288: ; ImmutableOopMap {rbp=Oop [32]=Oop [72]=Oop [88]=Oop [104]=Oop }
                      ;*invokevirtual defineClass {reexecute=0 rethrow=0 return_oop=1}
                      ; - java.net.URLClassLoader$1::run@43
                      ; - java.net.URLClassLoader$1::run@1
                      ; - java.security.AccessController::executePrivileged@29
                      ; - java.security.AccessController::doPrivileged@13
                      ; - java.net.URLClassLoader::findClass@13
  0x0000026ed141b288: 7423 84ff 

  0x0000026ed141b28c: ;   {other}
  0x0000026ed141b28c: 0f1f 8400 | 0000 0000 | 488b d84c | 8b5c 2438 | 488d 8424 | f000 0000 | 4883 3800 | 0f84 7900 
  0x0000026ed141b2ac: 0000 4d8b | 1341 f6c2 | 020f 8462 | 0000 0049 | 83ba 8600 | 0000 0074 | 0949 ff8a | 8600 0000 
  0x0000026ed141b2cc: eb4b 498b | 8296 0000 | 0049 0b82 | 8e00 0000 | 750a 49c7 | 423e 0000 | 0000 eb3d | 4983 ba9e 
  0x0000026ed141b2ec: 0000 0000 | 7422 4833 | c049 c742 | 3e00 0000 | 00f0 8304 | 2400 4983 | ba9e 0000 | 0000 750d 
  0x0000026ed141b30c: f04d 0fb1 | 7a3e 7505 | 83c8 01eb | 0ca8 00eb | 084c 8b10 | f04d 0fb1 | 1375 0a49 | ff8f 5005 
  0x0000026ed141b32c: 0000 4533 | d20f 845d | 0100 0049 | 8bcb 488d | 9424 f000 | 0000 4d8b | c7c5 f877 | 49ba 40d9 
  0x0000026ed141b34c: c362 fc7f | 0000 41ff 

  0x0000026ed141b354: ;   {other}
  0x0000026ed141b354: d20f 1f84 | 0000 0000 | 00e9 3201 | 0000 e9e8 | 0200 00e9 | e302 0000 | e9de 0200 | 0048 8bd8 
  0x0000026ed141b374: e9f7 0200 | 00e9 d102 | 0000 e9cc | 0200 004c | 8bd0 e906 | 0100 004c | 8bd0 e9fe | 0000 00e9 
  0x0000026ed141b394: b702 0000 | e9b2 0200 | 00e9 ad02 | 0000 448b | 5808 49ba | 0000 00de | 6e02 0000 | 4d03 d34d 
  0x0000026ed141b3b4: 8b5a 504c | 3bdd 755c | 4c8b 8c24 | 9000 0000 | 488b 5424 | 504c 8b84 | 2488 0000 | 0048 8b7c 
  0x0000026ed141b3d4: 2420 488b | 6c24 484c | 8b54 2478 | 4c89 5424 | 3066 6690 

  0x0000026ed141b3e8: ;   {optimized virtual_call}
  0x0000026ed141b3e8: c5f8 77e8 

  0x0000026ed141b3ec: ; ImmutableOopMap {rbp=Oop [32]=Oop [48]=Oop [72]=Oop [80]=Oop [88]=Oop [120]=Oop [128]=NarrowOop [136]=Oop }
                      ;*invokevirtual getAndVerifyPackage {reexecute=0 rethrow=0 return_oop=1}
                      ; - java.net.URLClassLoader::defineClass@97
                      ; - java.net.URLClassLoader$1::run@43
                      ; - java.net.URLClassLoader$1::run@1
                      ; - java.security.AccessController::executePrivileged@29
                      ; - java.security.AccessController::doPrivileged@13
                      ; - java.net.URLClassLoader::findClass@13
  0x0000026ed141b3ec: 903a 76ff 

  0x0000026ed141b3f0: ;   {other}
  0x0000026ed141b3f0: 0f1f 8400 | 0000 0000 | 4885 c00f | 85a3 81ff | ffba fd00 | 0000 6690 

  0x0000026ed141b408: ;   {runtime_call UncommonTrapBlob}
  0x0000026ed141b408: c5f8 77e8 

  0x0000026ed141b40c: ; ImmutableOopMap {rbp=Oop [80]=Oop [88]=Oop [120]=Oop [136]=Oop }
                      ;*new {reexecute=0 rethrow=0 return_oop=0}
                      ; - java.net.URLClassLoader::defineClass@103
                      ; - java.net.URLClassLoader$1::run@43
                      ; - java.net.URLClassLoader$1::run@1
                      ; - java.security.AccessController::executePrivileged@29
                      ; - java.security.AccessController::doPrivileged@13
                      ; - java.net.URLClassLoader::findClass@13
  0x0000026ed141b40c: f0c6 76ff 

  0x0000026ed141b410: ;   {other}
  0x0000026ed141b410: 0f1f 8400 | 0000 0000 | 488b d048 | 8b7c 2438 | e99f 0300 | 0048 8bd8 | e943 0200 | 00e9 1d02 
  0x0000026ed141b430: 0000 e918 | 0200 00e9 | 1302 0000 | e90e 0200 | 00eb 0048 | 8984 2490 | 0000 004c | 8b54 2440 
  0x0000026ed141b450: 4d85 d274 | 2f49 8bd2 | 488b 6c24 | 484c 8b54 | 2478 4c89 | 5424 2866 | 6690 c5f8 | 7748 b8ff 
  0x0000026ed141b470: ffff ffff 

  0x0000026ed141b474: ;   {virtual_call}
  0x0000026ed141b474: ffff ffe8 

  0x0000026ed141b478: ; ImmutableOopMap {rbp=Oop [40]=Oop [72]=Oop [80]=Oop [88]=Oop [120]=Oop [128]=NarrowOop [136]=Oop [144]=Oop }
                      ;*invokevirtual close {reexecute=0 rethrow=0 return_oop=0}
                      ; - java.util.jar.JarFile::getManifestFromReference@165
                      ; - java.util.jar.JarFile::getManifest@1
                      ; - jdk.internal.loader.URLClassPath$JarLoader$2::getManifest@22
                      ; - java.net.URLClassLoader::defineClass@34
                      ; - java.net.URLClassLoader$1::run@43
                      ; - java.net.URLClassLoader$1::run@1
                      ; - java.security.AccessController::executePrivileged@29
                      ; - java.security.AccessController::doPrivileged@13
                      ; - java.net.URLClassLoader::findClass@13
  0x0000026ed141b478: 043f 76ff 

  0x0000026ed141b47c: ;   {other}
  0x0000026ed141b47c: 0f1f 8400 | 0000 0000 | 4c8b 9424 | 9000 0000 | eb03 4c8b | d049 8bda | 448b 5b08 | 49ba 0000 
  0x0000026ed141b49c: 00de 6e02 | 0000 4d03 | d348 8bd3 | 488b 7c24 | 78e9 1203 | 0000 e998 | 0100 0048 | 8bd8 4c8b 
  0x0000026ed141b4bc: 5c24 3048 | 8d84 2408 | 0100 0048 | 8338 000f | 8479 0000 | 004d 8b13 | 41f6 c202 | 0f84 6200 
  0x0000026ed141b4dc: 0000 4983 | ba86 0000 | 0000 7409 | 49ff 8a86 | 0000 00eb | 4b49 8b82 | 9600 0000 | 490b 828e 
  0x0000026ed141b4fc: 0000 0075 | 0a49 c742 | 3e00 0000 | 00eb 3d49 | 83ba 9e00 | 0000 0074 | 2248 33c0 | 49c7 423e 
  0x0000026ed141b51c: 0000 0000 | f083 0424 | 0049 83ba | 9e00 0000 | 0075 0df0 | 4d0f b17a | 3e75 0583 | c801 eb0c 
  0x0000026ed141b53c: a800 eb08 | 4c8b 10f0 | 4d0f b113 | 750a 49ff | 8f50 0500 | 0045 33d2 | 0f84 1601 | 0000 498b 
  0x0000026ed141b55c: cb48 8d94 | 2408 0100 | 004d 8bc7 | c5f8 7749 | ba40 d9c3 | 62fc 7f00 | 0041 ffd2 

  0x0000026ed141b578: ;   {other}
  0x0000026ed141b578: 0f1f 8400 | 0000 0000 | e9eb 0000 | 0048 8bd8 | e9e3 0000 | 0048 8bd8 | e9db 0000 | 0048 8bd8 
  0x0000026ed141b598: e9d3 0000 | 0044 8b40 | 0849 ba00 | 0000 de6e | 0200 004d | 03d0 488b | d048 8b7c | 2440 e909 
  0x0000026ed141b5b8: 0200 0044 | 8b40 0849 | ba00 0000 | de6e 0200 | 004d 03d0 | 488b d048 | 8b7c 2440 | e9eb 0100 
  0x0000026ed141b5d8: 0044 8b40 | 0849 ba00 | 0000 de6e | 0200 004d | 03d0 488b | d048 8b7c | 2440 e9cd | 0100 0044 
  0x0000026ed141b5f8: 8b40 0849 | ba00 0000 | de6e 0200 | 004d 03d0 | 488b d048 | 8b7c 2440 | e9af 0100 | 0044 8b40 
  0x0000026ed141b618: 0849 ba00 | 0000 de6e | 0200 004d | 03d0 488b | d048 8b7c | 2428 e991 | 0100 0044 | 8b58 0849 
  0x0000026ed141b638: ba00 0000 | de6e 0200 | 004d 03d3 | 488b d048 | 8bfd e975 | 0100 0044 | 8b58 0849 | ba00 0000 
  0x0000026ed141b658: de6e 0200 | 004d 03d3 | 488b d048 | 8b7c 2478 | e957 0100 | 0048 8bd8 | 4c8b 5c24 

  0x0000026ed141b674: ;   {no_reloc}
  0x0000026ed141b674: 2848 8d84 | 24f8 0000 | 0048 8338 | 000f 8479 | 0000 004d | 8b13 41f6 | c202 0f84 | 6200 0000 
  0x0000026ed141b694: 4983 ba86 | 0000 0000 | 7409 49ff | 8a86 0000 | 00eb 4b49 | 8b82 9600 | 0000 490b | 828e 0000 
  0x0000026ed141b6b4: 0075 0a49 | c742 3e00 | 0000 00eb | 3d49 83ba | 9e00 0000 | 0074 2248 | 33c0 49c7 | 423e 0000 
  0x0000026ed141b6d4: 0000 f083 | 0424 0049 | 83ba 9e00 | 0000 0075 | 0df0 4d0f | b17a 3e75 | 0583 c801 | eb0c a800 
  0x0000026ed141b6f4: eb08 4c8b | 10f0 4d0f | b113 750a | 49ff 8f50 | 0500 0045 | 33d2 0f85 | 6a01 0000 | 488b 7c24 
  0x0000026ed141b714: 6848 8d84 | 24f0 0000 | 0048 8338 | 000f 8479 | 0000 004c | 8b17 41f6 | c202 0f84 | 6200 0000 
  0x0000026ed141b734: 4983 ba86 | 0000 0000 | 7409 49ff | 8a86 0000 | 00eb 4b49 | 8b82 9600 | 0000 490b | 828e 0000 
  0x0000026ed141b754: 0075 0a49 | c742 3e00 | 0000 00eb | 3d49 83ba | 9e00 0000 | 0074 2248 | 33c0 49c7 | 423e 0000 
  0x0000026ed141b774: ;   {no_reloc}
  0x0000026ed141b774: 0000 f083 | 0424 0049 | 83ba 9e00 | 0000 0075 | 0df0 4d0f | b17a 3e75 | 0583 c801 | eb0c a800 
  0x0000026ed141b794: eb08 4c8b | 10f0 4c0f | b117 750a | 49ff 8f50 | 0500 0045 | 33d2 0f85 | 9d00 0000 | 448b 4308 
  0x0000026ed141b7b4: 49ba 0000 | 00de 6e02 | 0000 4d03 | d048 8bd3 | 4d8b 5248 

  0x0000026ed141b7c8: ;   {metadata('java/io/IOException')}
  0x0000026ed141b7c8: 49bb 7080 | 04df 6e02 | 0000 4d3b | d374 2f48 | 897c 2420 | 488b 6c24 | 504c 8b54 | 2448 4c89 
  0x0000026ed141b7e8: 5424 2890 

  0x0000026ed141b7ec: ;   {runtime_call _rethrow_Java}
  0x0000026ed141b7ec: c5f8 77e8 

  0x0000026ed141b7f0: ; ImmutableOopMap {rbp=Oop [32]=Oop [40]=Oop [72]=Oop [88]=Oop }
                      ;*invokevirtual defineClass {reexecute=0 rethrow=0 return_oop=1}
                      ; - java.net.URLClassLoader$1::run@43
                      ; - java.net.URLClassLoader$1::run@1
                      ; - java.security.AccessController::executePrivileged@29
                      ; - java.security.AccessController::doPrivileged@13
                      ; - java.net.URLClassLoader::findClass@13
  0x0000026ed141b7f0: 0c1e 84ff 

  0x0000026ed141b7f4: ;   {other}
  0x0000026ed141b7f4: 0f1f 8400 | 0000 0000 | 488b d048 | 8b7c 2438 | ebbe 488b | eaba 2f00 | 0000 4c8b | 5424 484c 
  0x0000026ed141b814: 8954 2428 

  0x0000026ed141b818: ;   {runtime_call UncommonTrapBlob}
  0x0000026ed141b818: c5f8 77e8 

  0x0000026ed141b81c: ; ImmutableOopMap {rbp=Oop [40]=Oop [72]=Oop [80]=Oop [88]=Oop }
                      ;*new {reexecute=0 rethrow=0 return_oop=0}
                      ; - java.net.URLClassLoader$1::run@48
                      ; - java.net.URLClassLoader$1::run@1
                      ; - java.security.AccessController::executePrivileged@29
                      ; - java.security.AccessController::doPrivileged@13
                      ; - java.net.URLClassLoader::findClass@13
  0x0000026ed141b81c: e0c2 76ff 

  0x0000026ed141b820: ;   {other}
  0x0000026ed141b820: 0f1f 8400 | 0000 0000 

  0x0000026ed141b828: ;   {metadata('java/lang/RuntimeException')}
  0x0000026ed141b828: 498b eb48 | baa8 b705 | de6e 0200 | 0066 6690 

  0x0000026ed141b838: ;   {runtime_call _new_instance_Java}
  0x0000026ed141b838: c5f8 77e8 

  0x0000026ed141b83c: ; ImmutableOopMap {rbp=Oop [32]=Oop [56]=Oop [72]=Oop [80]=Oop [88]=Oop [104]=Oop [120]=Oop [128]=NarrowOop [136]=Oop }
                      ;*new {reexecute=0 rethrow=0 return_oop=1}
                      ; - java.util.jar.JarFile::ensureInitialization@8
                      ; - java.util.jar.JavaUtilJarAccessImpl::ensureInitialization@1
                      ; - jdk.internal.loader.URLClassPath$JarLoader$2::getManifest@10
                      ; - java.net.URLClassLoader::defineClass@34
                      ; - java.net.URLClassLoader$1::run@43
                      ; - java.net.URLClassLoader$1::run@1
                      ; - java.security.AccessController::executePrivileged@29
                      ; - java.security.AccessController::doPrivileged@13
                      ; - java.net.URLClassLoader::findClass@13
  0x0000026ed141b83c: c0bd 83ff 

  0x0000026ed141b840: ;   {other}
  0x0000026ed141b840: 0f1f 8400 | 0000 0000 | e943 f9ff | ff48 8b4c | 2468 488d | 9424 f000 | 0000 4d8b | c7c5 f877 
  0x0000026ed141b860: 49ba 40d9 | c362 fc7f | 0000 41ff 

  0x0000026ed141b86c: ;   {other}
  0x0000026ed141b86c: d20f 1f84 | 0000 0000 | 00e9 36ff | ffff 488b | 4c24 2848 | 8d94 24f8 | 0000 004d | 8bc7 c5f8 
  0x0000026ed141b88c: 7749 ba40 | d9c3 62fc | 7f00 0041 

  0x0000026ed141b898: ;   {other}
  0x0000026ed141b898: ffd2 0f1f | 8400 0000 | 0000 e969 | feff ff49 | 8bcb 488d | 9424 f000 | 0000 4d8b | c7c5 f877 
  0x0000026ed141b8b8: 49ba 40d9 | c362 fc7f | 0000 41ff 

  0x0000026ed141b8c4: ;   {other}
  0x0000026ed141b8c4: d20f 1f84 | 0000 0000 | 00e9 9ef9 

  0x0000026ed141b8d0: ;   {internal_word}
  0x0000026ed141b8d0: ffff 49ba | 763f 41d1 | 6e02 0000 | 4d89 9768 

  0x0000026ed141b8e0: ;   {runtime_call SafepointBlob}
  0x0000026ed141b8e0: 0400 00e9 | 98b0 76ff 

  0x0000026ed141b8e8: ;   {runtime_call StubRoutines (final stubs)}
  0x0000026ed141b8e8: e8b3 c974 | ffe9 2c6e | ffff f4f4 | f4f4 f4f4 
[Stub Code]
  0x0000026ed141b8f8: ;   {no_reloc}
  0x0000026ed141b8f8: 48bb 0000 | 0000 0000 

  0x0000026ed141b900: ;   {runtime_call nmethod}
  0x0000026ed141b900: 0000 e9fb 

  0x0000026ed141b904: ;   {static_stub}
  0x0000026ed141b904: ffff ff48 | bb00 0000 | 0000 0000 

  0x0000026ed141b910: ;   {runtime_call nmethod}
  0x0000026ed141b910: 00e9 fbff 

  0x0000026ed141b914: ;   {static_stub}
  0x0000026ed141b914: ffff 48bb | 0000 0000 | 0000 0000 

  0x0000026ed141b920: ;   {runtime_call nmethod}
  0x0000026ed141b920: e9fb ffff 

  0x0000026ed141b924: ;   {static_stub}
  0x0000026ed141b924: ff48 bb00 | 0000 0000 

  0x0000026ed141b92c: ;   {runtime_call nmethod}
  0x0000026ed141b92c: 0000 00e9 | fbff ffff 

  0x0000026ed141b934: ;   {static_stub}
  0x0000026ed141b934: 48bb 0000 | 0000 0000 

  0x0000026ed141b93c: ;   {runtime_call nmethod}
  0x0000026ed141b93c: 0000 e9fb 

  0x0000026ed141b940: ;   {static_stub}
  0x0000026ed141b940: ffff ff48 | bb00 0000 | 0000 0000 

  0x0000026ed141b94c: ;   {runtime_call nmethod}
  0x0000026ed141b94c: 00e9 fbff 

  0x0000026ed141b950: ;   {static_stub}
  0x0000026ed141b950: ffff 48bb | 0000 0000 | 0000 0000 

  0x0000026ed141b95c: ;   {runtime_call nmethod}
  0x0000026ed141b95c: e9fb ffff 

  0x0000026ed141b960: ;   {static_stub}
  0x0000026ed141b960: ff48 bb70 | 2c21 de6e 

  0x0000026ed141b968: ;   {runtime_call I2C/C2I adapters}
  0x0000026ed141b968: 0200 00e9 | f384 76ff 

  0x0000026ed141b970: ;   {static_stub}
  0x0000026ed141b970: 48bb 0000 | 0000 0000 

  0x0000026ed141b978: ;   {runtime_call nmethod}
  0x0000026ed141b978: 0000 e9fb 

  0x0000026ed141b97c: ;   {static_stub}
  0x0000026ed141b97c: ffff ff48 | bb00 0000 | 0000 0000 

  0x0000026ed141b988: ;   {runtime_call nmethod}
  0x0000026ed141b988: 00e9 fbff 

  0x0000026ed141b98c: ;   {static_stub}
  0x0000026ed141b98c: ffff 48bb | 0000 0000 | 0000 0000 

  0x0000026ed141b998: ;   {runtime_call nmethod}
  0x0000026ed141b998: e9fb ffff 

  0x0000026ed141b99c: ;   {static_stub}
  0x0000026ed141b99c: ff48 bb00 | 0000 0000 

  0x0000026ed141b9a4: ;   {runtime_call nmethod}
  0x0000026ed141b9a4: 0000 00e9 | fbff ffff 

  0x0000026ed141b9ac: ;   {static_stub}
  0x0000026ed141b9ac: 48bb 0000 | 0000 0000 

  0x0000026ed141b9b4: ;   {runtime_call nmethod}
  0x0000026ed141b9b4: 0000 e9fb 

  0x0000026ed141b9b8: ;   {static_stub}
  0x0000026ed141b9b8: ffff ff48 | bb00 0000 | 0000 0000 

  0x0000026ed141b9c4: ;   {runtime_call nmethod}
  0x0000026ed141b9c4: 00e9 fbff 

  0x0000026ed141b9c8: ;   {static_stub}
  0x0000026ed141b9c8: ffff 48bb | 0000 0000 | 0000 0000 

  0x0000026ed141b9d4: ;   {runtime_call nmethod}
  0x0000026ed141b9d4: e9fb ffff 

  0x0000026ed141b9d8: ;   {static_stub}
  0x0000026ed141b9d8: ff48 bb00 | 0000 0000 

  0x0000026ed141b9e0: ;   {runtime_call nmethod}
  0x0000026ed141b9e0: 0000 00e9 | fbff ffff 

  0x0000026ed141b9e8: ;   {static_stub}
  0x0000026ed141b9e8: 48bb 0000 | 0000 0000 

  0x0000026ed141b9f0: ;   {runtime_call nmethod}
  0x0000026ed141b9f0: 0000 e9fb 

  0x0000026ed141b9f4: ;   {static_stub}
  0x0000026ed141b9f4: ffff ff48 | bb00 0000 | 0000 0000 

  0x0000026ed141ba00: ;   {runtime_call nmethod}
  0x0000026ed141ba00: 00e9 fbff 

  0x0000026ed141ba04: ;   {static_stub}
  0x0000026ed141ba04: ffff 48bb | 0000 0000 | 0000 0000 

  0x0000026ed141ba10: ;   {runtime_call nmethod}
  0x0000026ed141ba10: e9fb ffff 

  0x0000026ed141ba14: ;   {static_stub}
  0x0000026ed141ba14: ff48 bb00 | 0000 0000 

  0x0000026ed141ba1c: ;   {runtime_call nmethod}
  0x0000026ed141ba1c: 0000 00e9 | fbff ffff 

  0x0000026ed141ba24: ;   {static_stub}
  0x0000026ed141ba24: 48bb 0000 | 0000 0000 

  0x0000026ed141ba2c: ;   {runtime_call nmethod}
  0x0000026ed141ba2c: 0000 e9fb 

  0x0000026ed141ba30: ;   {static_stub}
  0x0000026ed141ba30: ffff ff48 | bb00 0000 | 0000 0000 

  0x0000026ed141ba3c: ;   {runtime_call nmethod}
  0x0000026ed141ba3c: 00e9 fbff 

  0x0000026ed141ba40: ;   {static_stub}
  0x0000026ed141ba40: ffff 48bb | 0000 0000 | 0000 0000 

  0x0000026ed141ba4c: ;   {runtime_call nmethod}
  0x0000026ed141ba4c: e9fb ffff 

  0x0000026ed141ba50: ;   {static_stub}
  0x0000026ed141ba50: ff48 bb00 | 0000 0000 

  0x0000026ed141ba58: ;   {runtime_call nmethod}
  0x0000026ed141ba58: 0000 00e9 | fbff ffff 

  0x0000026ed141ba60: ;   {static_stub}
  0x0000026ed141ba60: 48bb 0000 | 0000 0000 

  0x0000026ed141ba68: ;   {runtime_call nmethod}
  0x0000026ed141ba68: 0000 e9fb 

  0x0000026ed141ba6c: ;   {static_stub}
  0x0000026ed141ba6c: ffff ff48 | bb00 0000 | 0000 0000 

  0x0000026ed141ba78: ;   {runtime_call nmethod}
  0x0000026ed141ba78: 00e9 fbff 

  0x0000026ed141ba7c: ;   {static_stub}
  0x0000026ed141ba7c: ffff 48bb | 0000 0000 | 0000 0000 

  0x0000026ed141ba88: ;   {runtime_call nmethod}
  0x0000026ed141ba88: e9fb ffff 

  0x0000026ed141ba8c: ;   {static_stub}
  0x0000026ed141ba8c: ff48 bb00 | 0000 0000 

  0x0000026ed141ba94: ;   {runtime_call nmethod}
  0x0000026ed141ba94: 0000 00e9 | fbff ffff 

  0x0000026ed141ba9c: ;   {static_stub}
  0x0000026ed141ba9c: 48bb 0000 | 0000 0000 

  0x0000026ed141baa4: ;   {runtime_call nmethod}
  0x0000026ed141baa4: 0000 e9fb 

  0x0000026ed141baa8: ;   {static_stub}
  0x0000026ed141baa8: ffff ff48 | bb00 0000 | 0000 0000 

  0x0000026ed141bab4: ;   {runtime_call nmethod}
  0x0000026ed141bab4: 00e9 fbff 

  0x0000026ed141bab8: ;   {static_stub}
  0x0000026ed141bab8: ffff 48bb | 0000 0000 | 0000 0000 

  0x0000026ed141bac4: ;   {runtime_call nmethod}
  0x0000026ed141bac4: e9fb ffff 

  0x0000026ed141bac8: ;   {static_stub}
  0x0000026ed141bac8: ff48 bbd8 | dd16 de6e 

  0x0000026ed141bad0: ;   {runtime_call I2C/C2I adapters}
  0x0000026ed141bad0: 0200 00e9 | 8f8d 76ff 

  0x0000026ed141bad8: ;   {static_stub}
  0x0000026ed141bad8: 48bb 0000 | 0000 0000 

  0x0000026ed141bae0: ;   {runtime_call nmethod}
  0x0000026ed141bae0: 0000 e9fb 

  0x0000026ed141bae4: ;   {static_stub}
  0x0000026ed141bae4: ffff ff48 | bb00 0000 | 0000 0000 

  0x0000026ed141baf0: ;   {runtime_call nmethod}
  0x0000026ed141baf0: 00e9 fbff 

  0x0000026ed141baf4: ;   {static_stub}
  0x0000026ed141baf4: ffff 48bb | 0000 0000 | 0000 0000 

  0x0000026ed141bb00: ;   {runtime_call nmethod}
  0x0000026ed141bb00: e9fb ffff 

  0x0000026ed141bb04: ;   {static_stub}
  0x0000026ed141bb04: ff48 bb00 | 0000 0000 

  0x0000026ed141bb0c: ;   {runtime_call nmethod}
  0x0000026ed141bb0c: 0000 00e9 | fbff ffff 

  0x0000026ed141bb14: ;   {static_stub}
  0x0000026ed141bb14: 48bb 0000 | 0000 0000 

  0x0000026ed141bb1c: ;   {runtime_call nmethod}
  0x0000026ed141bb1c: 0000 e9fb 

  0x0000026ed141bb20: ;   {static_stub}
  0x0000026ed141bb20: ffff ff48 | bb00 0000 | 0000 0000 

  0x0000026ed141bb2c: ;   {runtime_call nmethod}
  0x0000026ed141bb2c: 00e9 fbff 

  0x0000026ed141bb30: ;   {static_stub}
  0x0000026ed141bb30: ffff 48bb | 0000 0000 | 0000 0000 

  0x0000026ed141bb3c: ;   {runtime_call nmethod}
  0x0000026ed141bb3c: e9fb ffff 

  0x0000026ed141bb40: ;   {static_stub}
  0x0000026ed141bb40: ff48 bb00 | 0000 0000 

  0x0000026ed141bb48: ;   {runtime_call nmethod}
  0x0000026ed141bb48: 0000 00e9 | fbff ffff 

  0x0000026ed141bb50: ;   {static_stub}
  0x0000026ed141bb50: 48bb 0000 | 0000 0000 

  0x0000026ed141bb58: ;   {runtime_call nmethod}
  0x0000026ed141bb58: 0000 e9fb 

  0x0000026ed141bb5c: ;   {static_stub}
  0x0000026ed141bb5c: ffff ff48 | bb00 0000 | 0000 0000 

  0x0000026ed141bb68: ;   {runtime_call nmethod}
  0x0000026ed141bb68: 00e9 fbff 

  0x0000026ed141bb6c: ;   {static_stub}
  0x0000026ed141bb6c: ffff 48bb | 0000 0000 | 0000 0000 

  0x0000026ed141bb78: ;   {runtime_call nmethod}
  0x0000026ed141bb78: e9fb ffff 

  0x0000026ed141bb7c: ;   {static_stub}
  0x0000026ed141bb7c: ff48 bb00 | 0000 0000 

  0x0000026ed141bb84: ;   {runtime_call nmethod}
  0x0000026ed141bb84: 0000 00e9 | fbff ffff 

  0x0000026ed141bb8c: ;   {static_stub}
  0x0000026ed141bb8c: 48bb 0000 | 0000 0000 

  0x0000026ed141bb94: ;   {runtime_call nmethod}
  0x0000026ed141bb94: 0000 e9fb 

  0x0000026ed141bb98: ;   {static_stub}
  0x0000026ed141bb98: ffff ff48 | bb00 0000 | 0000 0000 

  0x0000026ed141bba4: ;   {runtime_call nmethod}
  0x0000026ed141bba4: 00e9 fbff 

  0x0000026ed141bba8: ;   {static_stub}
  0x0000026ed141bba8: ffff 48bb | 0000 0000 | 0000 0000 

  0x0000026ed141bbb4: ;   {runtime_call nmethod}
  0x0000026ed141bbb4: e9fb ffff 

  0x0000026ed141bbb8: ;   {static_stub}
  0x0000026ed141bbb8: ff48 bb00 | 0000 0000 

  0x0000026ed141bbc0: ;   {runtime_call nmethod}
  0x0000026ed141bbc0: 0000 00e9 | fbff ffff 

  0x0000026ed141bbc8: ;   {static_stub}
  0x0000026ed141bbc8: 48bb 0000 | 0000 0000 

  0x0000026ed141bbd0: ;   {runtime_call nmethod}
  0x0000026ed141bbd0: 0000 e9fb 

  0x0000026ed141bbd4: ;   {static_stub}
  0x0000026ed141bbd4: ffff ff48 | bb00 0000 | 0000 0000 

  0x0000026ed141bbe0: ;   {runtime_call nmethod}
  0x0000026ed141bbe0: 00e9 fbff 

  0x0000026ed141bbe4: ;   {static_stub}
  0x0000026ed141bbe4: ffff 48bb | 78cb 0fde | 6e02 0000 

  0x0000026ed141bbf0: ;   {runtime_call I2C/C2I adapters}
  0x0000026ed141bbf0: e96d 8776 

  0x0000026ed141bbf4: ;   {static_stub}
  0x0000026ed141bbf4: ff48 bb00 | 0000 0000 

  0x0000026ed141bbfc: ;   {runtime_call nmethod}
  0x0000026ed141bbfc: 0000 00e9 | fbff ffff 

  0x0000026ed141bc04: ;   {static_stub}
  0x0000026ed141bc04: 48bb e8f3 | 04de 6e02 

  0x0000026ed141bc0c: ;   {runtime_call I2C/C2I adapters}
  0x0000026ed141bc0c: 0000 e958 

  0x0000026ed141bc10: ;   {static_stub}
  0x0000026ed141bc10: f575 ff48 | bb00 0000 | 0000 0000 

  0x0000026ed141bc1c: ;   {runtime_call nmethod}
  0x0000026ed141bc1c: 00e9 fbff 

  0x0000026ed141bc20: ;   {static_stub}
  0x0000026ed141bc20: ffff 48bb | 0000 0000 | 0000 0000 

  0x0000026ed141bc2c: ;   {runtime_call nmethod}
  0x0000026ed141bc2c: e9fb ffff 

  0x0000026ed141bc30: ;   {static_stub}
  0x0000026ed141bc30: ff48 bb00 | 0000 0000 

  0x0000026ed141bc38: ;   {runtime_call nmethod}
  0x0000026ed141bc38: 0000 00e9 | fbff ffff 

  0x0000026ed141bc40: ;   {static_stub}
  0x0000026ed141bc40: 48bb 0000 | 0000 0000 

  0x0000026ed141bc48: ;   {runtime_call nmethod}
  0x0000026ed141bc48: 0000 e9fb 

  0x0000026ed141bc4c: ;   {runtime_call ExceptionBlob}
  0x0000026ed141bc4c: ffff ffe9 | acbc 83ff 
[Deopt Handler Code]
  0x0000026ed141bc54: e800 0000 | 0048 832c 

  0x0000026ed141bc5c: ;   {runtime_call DeoptimizationBlob}
  0x0000026ed141bc5c: 2405 e9bd | c176 fff4 | f4f4 f4f4 
[/MachCode]


---------------  P R O C E S S  ---------------

Threads class SMR info:
_java_thread_list=0x0000026efba16020, length=33, elements={
0x0000026ec4a381d0, 0x0000026edd0a1d50, 0x0000026edd0a3320, 0x0000026edd0a7450,
0x0000026edd0a7eb0, 0x0000026edd0ac360, 0x0000026edd0b1c20, 0x0000026edd0bee40,
0x0000026edd0c4d50, 0x0000026edd35e890, 0x0000026edd3417f0, 0x0000026efa36e710,
0x0000026efb4b2500, 0x0000026efa830500, 0x0000026efaad9080, 0x0000026efaad96f0,
0x0000026efa308d30, 0x0000026efa278780, 0x0000026efb60e100, 0x0000026efb60c030,
0x0000026efb60d3e0, 0x0000026efb60da70, 0x0000026efb60b310, 0x0000026efb60c6c0,
0x0000026efb60ac80, 0x0000026efb6279b0, 0x0000026efb6286d0, 0x0000026efb628040,
0x0000026efb628d60, 0x0000026efb62a110, 0x0000026efb626c90, 0x0000026efb62a7a0,
0x0000026efb627320
}

Java Threads: ( => current thread )
  0x0000026ec4a381d0 JavaThread "main"                              [_thread_blocked, id=36468, stack(0x000000bf7b600000,0x000000bf7b700000) (1024K)]
  0x0000026edd0a1d50 JavaThread "Reference Handler"          daemon [_thread_blocked, id=40264, stack(0x000000bf7be00000,0x000000bf7bf00000) (1024K)]
  0x0000026edd0a3320 JavaThread "Finalizer"                  daemon [_thread_blocked, id=44964, stack(0x000000bf7bf00000,0x000000bf7c000000) (1024K)]
  0x0000026edd0a7450 JavaThread "Signal Dispatcher"          daemon [_thread_blocked, id=43212, stack(0x000000bf7c000000,0x000000bf7c100000) (1024K)]
  0x0000026edd0a7eb0 JavaThread "Attach Listener"            daemon [_thread_blocked, id=38088, stack(0x000000bf7c100000,0x000000bf7c200000) (1024K)]
  0x0000026edd0ac360 JavaThread "Service Thread"             daemon [_thread_blocked, id=37492, stack(0x000000bf7c200000,0x000000bf7c300000) (1024K)]
  0x0000026edd0b1c20 JavaThread "Monitor Deflation Thread"   daemon [_thread_blocked, id=41384, stack(0x000000bf7c300000,0x000000bf7c400000) (1024K)]
  0x0000026edd0bee40 JavaThread "C2 CompilerThread0"         daemon [_thread_blocked, id=43992, stack(0x000000bf7c400000,0x000000bf7c500000) (1024K)]
  0x0000026edd0c4d50 JavaThread "C1 CompilerThread0"         daemon [_thread_blocked, id=31772, stack(0x000000bf7c500000,0x000000bf7c600000) (1024K)]
  0x0000026edd35e890 JavaThread "Common-Cleaner"             daemon [_thread_blocked, id=41672, stack(0x000000bf7c700000,0x000000bf7c800000) (1024K)]
  0x0000026edd3417f0 JavaThread "Notification Thread"        daemon [_thread_blocked, id=42384, stack(0x000000bf7c600000,0x000000bf7c700000) (1024K)]
  0x0000026efa36e710 JavaThread "Daemon health stats"               [_thread_blocked, id=10460, stack(0x000000bf7cb00000,0x000000bf7cc00000) (1024K)]
  0x0000026efb4b2500 JavaThread "Incoming local TCP Connector on port 63968"        [_thread_in_native, id=41276, stack(0x000000bf7cd00000,0x000000bf7ce00000) (1024K)]
  0x0000026efa830500 JavaThread "Daemon periodic checks"            [_thread_in_vm, id=48204, stack(0x000000bf7ce00000,0x000000bf7cf00000) (1024K)]
  0x0000026efaad9080 JavaThread "Daemon"                            [_thread_blocked, id=27888, stack(0x000000bf7cf00000,0x000000bf7d000000) (1024K)]
  0x0000026efaad96f0 JavaThread "Handler for socket connection from /127.0.0.1:63968 to /127.0.0.1:64007"        [_thread_in_native, id=43220, stack(0x000000bf7d000000,0x000000bf7d100000) (1024K)]
  0x0000026efa308d30 JavaThread "Cancel handler"                    [_thread_blocked, id=33392, stack(0x000000bf7d100000,0x000000bf7d200000) (1024K)]
=>0x0000026efa278780 JavaThread "Daemon worker"                     [_thread_in_vm, id=35928, stack(0x000000bf7d200000,0x000000bf7d300000) (1024K)]
  0x0000026efb60e100 JavaThread "Asynchronous log dispatcher for DefaultDaemonConnection: socket connection from /127.0.0.1:63968 to /127.0.0.1:64007"        [_thread_blocked, id=48704, stack(0x000000bf7d300000,0x000000bf7d400000) (1024K)]
  0x0000026efb60c030 JavaThread "Stdin handler"                     [_thread_blocked, id=36768, stack(0x000000bf7d400000,0x000000bf7d500000) (1024K)]
  0x0000026efb60d3e0 JavaThread "Daemon client event forwarder"        [_thread_blocked, id=43188, stack(0x000000bf7d500000,0x000000bf7d600000) (1024K)]
  0x0000026efb60da70 JavaThread "Cache worker for journal cache (C:\Users\AI�쑖�빀_�뜲�씠�꽣遺꾩꽍B\.gradle\caches\journal-1)"        [_thread_blocked, id=23908, stack(0x000000bf7d600000,0x000000bf7d700000) (1024K)]
  0x0000026efb60b310 JavaThread "File lock request listener"        [_thread_in_native, id=48092, stack(0x000000bf7d700000,0x000000bf7d800000) (1024K)]
  0x0000026efb60c6c0 JavaThread "Cache worker for file hash cache (C:\Users\AI�쑖�빀_�뜲�씠�꽣遺꾩꽍B\.gradle\caches\9.7.1\fileHashes)"        [_thread_blocked, id=45600, stack(0x000000bf7d800000,0x000000bf7d900000) (1024K)]
  0x0000026efb60ac80 JavaThread "File lock release action executor"        [_thread_blocked, id=44216, stack(0x000000bf7d900000,0x000000bf7da00000) (1024K)]
  0x0000026efb6279b0 JavaThread "Cache worker for file hash cache (D:\java_project\spring_boot_hello\backend\.gradle\9.7.1\fileHashes)"        [_thread_blocked, id=49876, stack(0x000000bf7e300000,0x000000bf7e400000) (1024K)]
  0x0000026efb6286d0 JavaThread "Cache worker for Build Output Cleanup Cache (D:\java_project\spring_boot_hello\backend\.gradle\buildOutputCleanup)"        [_thread_blocked, id=49932, stack(0x000000bf7e400000,0x000000bf7e500000) (1024K)]
  0x0000026efb628040 JavaThread "File watcher server"        daemon [_thread_in_native, id=50076, stack(0x000000bf7e500000,0x000000bf7e600000) (1024K)]
  0x0000026efb628d60 JavaThread "File watcher consumer"      daemon [_thread_blocked, id=50080, stack(0x000000bf7e600000,0x000000bf7e700000) (1024K)]
  0x0000026efb62a110 JavaThread "Cache worker for file content cache (C:\Users\AI�쑖�빀_�뜲�씠�꽣遺꾩꽍B\.gradle\caches\9.7.1\fileContent)"        [_thread_blocked, id=37452, stack(0x000000bf7e700000,0x000000bf7e800000) (1024K)]
  0x0000026efb626c90 JavaThread "Cache worker for checksums cache (D:\java_project\spring_boot_hello\backend\.gradle\9.7.1\checksums)"        [_thread_blocked, id=49120, stack(0x000000bf7ca00000,0x000000bf7cb00000) (1024K)]
  0x0000026efb62a7a0 JavaThread "Cache worker for cache directory md-supplier (C:\Users\AI�쑖�빀_�뜲�씠�꽣遺꾩꽍B\.gradle\caches\9.7.1\md-supplier)"        [_thread_blocked, id=51144, stack(0x000000bf7cc00000,0x000000bf7cd00000) (1024K)]
  0x0000026efb627320 JavaThread "Cache worker for cache directory md-rule (C:\Users\AI�쑖�빀_�뜲�씠�꽣遺꾩꽍B\.gradle\caches\9.7.1\md-rule)"        [_thread_blocked, id=50784, stack(0x000000bf7e800000,0x000000bf7e900000) (1024K)]
Total: 33

Other Threads:
  0x0000026edd084b90 VMThread "VM Thread"                           [id=35116, stack(0x000000bf7bd00000,0x000000bf7be00000) (1024K)]
  0x0000026edd072940 WatcherThread "VM Periodic Task Thread"        [id=20540, stack(0x000000bf7bc00000,0x000000bf7bd00000) (1024K)]
  0x0000026ec4f0a330 WorkerThread "GC Thread#0"                     [id=34568, stack(0x000000bf7b700000,0x000000bf7b800000) (1024K)]
  0x0000026edd1ffb80 WorkerThread "GC Thread#1"                     [id=39508, stack(0x000000bf7b300000,0x000000bf7b400000) (1024K)]
  0x0000026efa346ae0 WorkerThread "GC Thread#2"                     [id=46848, stack(0x000000bf7b400000,0x000000bf7b500000) (1024K)]
  0x0000026edd4ee920 WorkerThread "GC Thread#3"                     [id=47152, stack(0x000000bf7b500000,0x000000bf7b600000) (1024K)]
  0x0000026edd4eecd0 WorkerThread "GC Thread#4"                     [id=2652, stack(0x000000bf7c800000,0x000000bf7c900000) (1024K)]
  0x0000026edd4ef080 WorkerThread "GC Thread#5"                     [id=36016, stack(0x000000bf7c900000,0x000000bf7ca00000) (1024K)]
  0x0000026efd8ac310 WorkerThread "GC Thread#6"                     [id=14108, stack(0x000000bf7da00000,0x000000bf7db00000) (1024K)]
  0x0000026efd8ab800 WorkerThread "GC Thread#7"                     [id=27524, stack(0x000000bf7db00000,0x000000bf7dc00000) (1024K)]
  0x0000026efd8abbb0 WorkerThread "GC Thread#8"                     [id=42564, stack(0x000000bf7dc00000,0x000000bf7dd00000) (1024K)]
  0x0000026efd8aa940 WorkerThread "GC Thread#9"                     [id=42080, stack(0x000000bf7dd00000,0x000000bf7de00000) (1024K)]
  0x0000026efd8aacf0 WorkerThread "GC Thread#10"                    [id=17152, stack(0x000000bf7de00000,0x000000bf7df00000) (1024K)]
  0x0000026efd8abf60 WorkerThread "GC Thread#11"                    [id=46672, stack(0x000000bf7df00000,0x000000bf7e000000) (1024K)]
  0x0000026efce4cad0 WorkerThread "GC Thread#12"                    [id=32408, stack(0x000000bf7e000000,0x000000bf7e100000) (1024K)]
  0x0000026ec4f100c0 ConcurrentGCThread "G1 Main Marker"            [id=27748, stack(0x000000bf7b800000,0x000000bf7b900000) (1024K)]
  0x0000026ec4f11280 WorkerThread "G1 Conc#0"                       [id=43248, stack(0x000000bf7b900000,0x000000bf7ba00000) (1024K)]
  0x0000026efce4c720 WorkerThread "G1 Conc#1"                       [id=30332, stack(0x000000bf7e100000,0x000000bf7e200000) (1024K)]
  0x0000026efce4ad50 WorkerThread "G1 Conc#2"                       [id=38616, stack(0x000000bf7e200000,0x000000bf7e300000) (1024K)]
  0x0000026ec4f9e6b0 ConcurrentGCThread "G1 Refine#0"               [id=36604, stack(0x000000bf7ba00000,0x000000bf7bb00000) (1024K)]
  0x0000026edcf40b70 ConcurrentGCThread "G1 Service"                [id=45532, stack(0x000000bf7bb00000,0x000000bf7bc00000) (1024K)]
Total: 21

Threads with active compile tasks:
Total: 0

VM state: not at safepoint (normal execution)

VM Mutex/Monitor currently owned by a thread:  ([mutex/lock_event])
[0x00007ffc631bd530] Metaspace_lock - owner thread: 0x0000026efa278780

Heap address: 0x00000000e0000000, size: 512 MB, Compressed Oops mode: 32-bit

CDS archive(s) mapped at: [0x0000026ede000000-0x0000026edeba0000-0x0000026edeba0000), size 12189696, SharedBaseAddress: 0x0000026ede000000, ArchiveRelocationMode: 1.
Compressed class space mapped at: 0x0000026edf000000-0x0000026ef3000000, reserved size: 335544320
Narrow klass base: 0x0000026ede000000, Narrow klass shift: 0, Narrow klass range: 0x100000000

GC Precious Log:
 CardTable entry size: 512
 Card Set container configuration: InlinePtr #cards 5 size 8 Array Of Cards #cards 12 size 40 Howl #buckets 4 coarsen threshold 1843 Howl Bitmap #cards 512 size 80 coarsen threshold 460 Card regions per heap region 1 cards per card region 2048
 CPUs: 16 total, 16 available
 Memory: 16149M
 Large Page Support: Disabled
 NUMA Support: Disabled
 Compressed Oops: Enabled (32-bit)
 Heap Region Size: 1M
 Heap Min Capacity: 256M
 Heap Initial Capacity: 256M
 Heap Max Capacity: 512M
 Pre-touch: Disabled
 Parallel Workers: 13
 Concurrent Workers: 3
 Concurrent Refinement Workers: 13
 Periodic GC: Disabled

Heap:
 garbage-first heap   total 262144K, used 132846K [0x00000000e0000000, 0x0000000100000000)
  region size 1024K, 119 young (121856K), 14 survivors (14336K)
 Metaspace       used 34557K, committed 35968K, reserved 393216K
  class space    used 4977K, committed 5696K, reserved 327680K

Heap Regions: E=young(eden), S=young(survivor), O=old, HS=humongous(starts), HC=humongous(continues), CS=collection set, F=free, TAMS=top-at-mark-start, PB=parsable bottom
|   0|0x00000000e0000000, 0x00000000e0100000, 0x00000000e0100000|100%|HS|  |TAMS 0x00000000e0000000| PB 0x00000000e0000000| Complete 
|   1|0x00000000e0100000, 0x00000000e0200000, 0x00000000e0200000|100%|HC|  |TAMS 0x00000000e0100000| PB 0x00000000e0100000| Complete 
|   2|0x00000000e0200000, 0x00000000e0300000, 0x00000000e0300000|100%|HC|  |TAMS 0x00000000e0200000| PB 0x00000000e0200000| Complete 
|   3|0x00000000e0300000, 0x00000000e0400000, 0x00000000e0400000|100%|HC|  |TAMS 0x00000000e0300000| PB 0x00000000e0300000| Complete 
|   4|0x00000000e0400000, 0x00000000e0500000, 0x00000000e0500000|100%| O|  |TAMS 0x00000000e0400000| PB 0x00000000e0400000| Untracked 
|   5|0x00000000e0500000, 0x00000000e0600000, 0x00000000e0600000|100%| O|  |TAMS 0x00000000e0500000| PB 0x00000000e0500000| Untracked 
|   6|0x00000000e0600000, 0x00000000e0700000, 0x00000000e0700000|100%| O|  |TAMS 0x00000000e0600000| PB 0x00000000e0600000| Untracked 
|   7|0x00000000e0700000, 0x00000000e0800000, 0x00000000e0800000|100%| O|  |TAMS 0x00000000e0700000| PB 0x00000000e0700000| Untracked 
|   8|0x00000000e0800000, 0x00000000e0900000, 0x00000000e0900000|100%| O|  |TAMS 0x00000000e0800000| PB 0x00000000e0800000| Untracked 
|   9|0x00000000e0900000, 0x00000000e0a00000, 0x00000000e0a00000|100%| O|  |TAMS 0x00000000e0900000| PB 0x00000000e0900000| Untracked 
|  10|0x00000000e0a00000, 0x00000000e0a6a780, 0x00000000e0b00000| 41%| O|  |TAMS 0x00000000e0a00000| PB 0x00000000e0a00000| Untracked 
|  11|0x00000000e0b00000, 0x00000000e0c00000, 0x00000000e0c00000|100%|HS|  |TAMS 0x00000000e0b00000| PB 0x00000000e0b00000| Complete 
|  12|0x00000000e0c00000, 0x00000000e0d00000, 0x00000000e0d00000|100%|HS|  |TAMS 0x00000000e0c00000| PB 0x00000000e0c00000| Complete 
|  13|0x00000000e0d00000, 0x00000000e0e00000, 0x00000000e0e00000|100%|HS|  |TAMS 0x00000000e0d00000| PB 0x00000000e0d00000| Complete 
|  14|0x00000000e0e00000, 0x00000000e0e00000, 0x00000000e0f00000|  0%| F|  |TAMS 0x00000000e0e00000| PB 0x00000000e0e00000| Untracked 
|  15|0x00000000e0f00000, 0x00000000e0f00000, 0x00000000e1000000|  0%| F|  |TAMS 0x00000000e0f00000| PB 0x00000000e0f00000| Untracked 
|  16|0x00000000e1000000, 0x00000000e1000000, 0x00000000e1100000|  0%| F|  |TAMS 0x00000000e1000000| PB 0x00000000e1000000| Untracked 
|  17|0x00000000e1100000, 0x00000000e1100000, 0x00000000e1200000|  0%| F|  |TAMS 0x00000000e1100000| PB 0x00000000e1100000| Untracked 
|  18|0x00000000e1200000, 0x00000000e1200000, 0x00000000e1300000|  0%| F|  |TAMS 0x00000000e1200000| PB 0x00000000e1200000| Untracked 
|  19|0x00000000e1300000, 0x00000000e1300000, 0x00000000e1400000|  0%| F|  |TAMS 0x00000000e1300000| PB 0x00000000e1300000| Untracked 
|  20|0x00000000e1400000, 0x00000000e1400000, 0x00000000e1500000|  0%| F|  |TAMS 0x00000000e1400000| PB 0x00000000e1400000| Untracked 
|  21|0x00000000e1500000, 0x00000000e1500000, 0x00000000e1600000|  0%| F|  |TAMS 0x00000000e1500000| PB 0x00000000e1500000| Untracked 
|  22|0x00000000e1600000, 0x00000000e1600000, 0x00000000e1700000|  0%| F|  |TAMS 0x00000000e1600000| PB 0x00000000e1600000| Untracked 
|  23|0x00000000e1700000, 0x00000000e1700000, 0x00000000e1800000|  0%| F|  |TAMS 0x00000000e1700000| PB 0x00000000e1700000| Untracked 
|  24|0x00000000e1800000, 0x00000000e1800000, 0x00000000e1900000|  0%| F|  |TAMS 0x00000000e1800000| PB 0x00000000e1800000| Untracked 
|  25|0x00000000e1900000, 0x00000000e1900000, 0x00000000e1a00000|  0%| F|  |TAMS 0x00000000e1900000| PB 0x00000000e1900000| Untracked 
|  26|0x00000000e1a00000, 0x00000000e1a00000, 0x00000000e1b00000|  0%| F|  |TAMS 0x00000000e1a00000| PB 0x00000000e1a00000| Untracked 
|  27|0x00000000e1b00000, 0x00000000e1b00000, 0x00000000e1c00000|  0%| F|  |TAMS 0x00000000e1b00000| PB 0x00000000e1b00000| Untracked 
|  28|0x00000000e1c00000, 0x00000000e1c00000, 0x00000000e1d00000|  0%| F|  |TAMS 0x00000000e1c00000| PB 0x00000000e1c00000| Untracked 
|  29|0x00000000e1d00000, 0x00000000e1d00000, 0x00000000e1e00000|  0%| F|  |TAMS 0x00000000e1d00000| PB 0x00000000e1d00000| Untracked 
|  30|0x00000000e1e00000, 0x00000000e1e00000, 0x00000000e1f00000|  0%| F|  |TAMS 0x00000000e1e00000| PB 0x00000000e1e00000| Untracked 
|  31|0x00000000e1f00000, 0x00000000e1f00000, 0x00000000e2000000|  0%| F|  |TAMS 0x00000000e1f00000| PB 0x00000000e1f00000| Untracked 
|  32|0x00000000e2000000, 0x00000000e2000000, 0x00000000e2100000|  0%| F|  |TAMS 0x00000000e2000000| PB 0x00000000e2000000| Untracked 
|  33|0x00000000e2100000, 0x00000000e2100000, 0x00000000e2200000|  0%| F|  |TAMS 0x00000000e2100000| PB 0x00000000e2100000| Untracked 
|  34|0x00000000e2200000, 0x00000000e2200000, 0x00000000e2300000|  0%| F|  |TAMS 0x00000000e2200000| PB 0x00000000e2200000| Untracked 
|  35|0x00000000e2300000, 0x00000000e2300000, 0x00000000e2400000|  0%| F|  |TAMS 0x00000000e2300000| PB 0x00000000e2300000| Untracked 
|  36|0x00000000e2400000, 0x00000000e2400000, 0x00000000e2500000|  0%| F|  |TAMS 0x00000000e2400000| PB 0x00000000e2400000| Untracked 
|  37|0x00000000e2500000, 0x00000000e2500000, 0x00000000e2600000|  0%| F|  |TAMS 0x00000000e2500000| PB 0x00000000e2500000| Untracked 
|  38|0x00000000e2600000, 0x00000000e2600000, 0x00000000e2700000|  0%| F|  |TAMS 0x00000000e2600000| PB 0x00000000e2600000| Untracked 
|  39|0x00000000e2700000, 0x00000000e2700000, 0x00000000e2800000|  0%| F|  |TAMS 0x00000000e2700000| PB 0x00000000e2700000| Untracked 
|  40|0x00000000e2800000, 0x00000000e2800000, 0x00000000e2900000|  0%| F|  |TAMS 0x00000000e2800000| PB 0x00000000e2800000| Untracked 
|  41|0x00000000e2900000, 0x00000000e2900000, 0x00000000e2a00000|  0%| F|  |TAMS 0x00000000e2900000| PB 0x00000000e2900000| Untracked 
|  42|0x00000000e2a00000, 0x00000000e2a00000, 0x00000000e2b00000|  0%| F|  |TAMS 0x00000000e2a00000| PB 0x00000000e2a00000| Untracked 
|  43|0x00000000e2b00000, 0x00000000e2b00000, 0x00000000e2c00000|  0%| F|  |TAMS 0x00000000e2b00000| PB 0x00000000e2b00000| Untracked 
|  44|0x00000000e2c00000, 0x00000000e2c00000, 0x00000000e2d00000|  0%| F|  |TAMS 0x00000000e2c00000| PB 0x00000000e2c00000| Untracked 
|  45|0x00000000e2d00000, 0x00000000e2d00000, 0x00000000e2e00000|  0%| F|  |TAMS 0x00000000e2d00000| PB 0x00000000e2d00000| Untracked 
|  46|0x00000000e2e00000, 0x00000000e2e00000, 0x00000000e2f00000|  0%| F|  |TAMS 0x00000000e2e00000| PB 0x00000000e2e00000| Untracked 
|  47|0x00000000e2f00000, 0x00000000e2f00000, 0x00000000e3000000|  0%| F|  |TAMS 0x00000000e2f00000| PB 0x00000000e2f00000| Untracked 
|  48|0x00000000e3000000, 0x00000000e3000000, 0x00000000e3100000|  0%| F|  |TAMS 0x00000000e3000000| PB 0x00000000e3000000| Untracked 
|  49|0x00000000e3100000, 0x00000000e3100000, 0x00000000e3200000|  0%| F|  |TAMS 0x00000000e3100000| PB 0x00000000e3100000| Untracked 
|  50|0x00000000e3200000, 0x00000000e3200000, 0x00000000e3300000|  0%| F|  |TAMS 0x00000000e3200000| PB 0x00000000e3200000| Untracked 
|  51|0x00000000e3300000, 0x00000000e3300000, 0x00000000e3400000|  0%| F|  |TAMS 0x00000000e3300000| PB 0x00000000e3300000| Untracked 
|  52|0x00000000e3400000, 0x00000000e3400000, 0x00000000e3500000|  0%| F|  |TAMS 0x00000000e3400000| PB 0x00000000e3400000| Untracked 
|  53|0x00000000e3500000, 0x00000000e3500000, 0x00000000e3600000|  0%| F|  |TAMS 0x00000000e3500000| PB 0x00000000e3500000| Untracked 
|  54|0x00000000e3600000, 0x00000000e3600000, 0x00000000e3700000|  0%| F|  |TAMS 0x00000000e3600000| PB 0x00000000e3600000| Untracked 
|  55|0x00000000e3700000, 0x00000000e3700000, 0x00000000e3800000|  0%| F|  |TAMS 0x00000000e3700000| PB 0x00000000e3700000| Untracked 
|  56|0x00000000e3800000, 0x00000000e3800000, 0x00000000e3900000|  0%| F|  |TAMS 0x00000000e3800000| PB 0x00000000e3800000| Untracked 
|  57|0x00000000e3900000, 0x00000000e3900000, 0x00000000e3a00000|  0%| F|  |TAMS 0x00000000e3900000| PB 0x00000000e3900000| Untracked 
|  58|0x00000000e3a00000, 0x00000000e3a00000, 0x00000000e3b00000|  0%| F|  |TAMS 0x00000000e3a00000| PB 0x00000000e3a00000| Untracked 
|  59|0x00000000e3b00000, 0x00000000e3b00000, 0x00000000e3c00000|  0%| F|  |TAMS 0x00000000e3b00000| PB 0x00000000e3b00000| Untracked 
|  60|0x00000000e3c00000, 0x00000000e3c00000, 0x00000000e3d00000|  0%| F|  |TAMS 0x00000000e3c00000| PB 0x00000000e3c00000| Untracked 
|  61|0x00000000e3d00000, 0x00000000e3d00000, 0x00000000e3e00000|  0%| F|  |TAMS 0x00000000e3d00000| PB 0x00000000e3d00000| Untracked 
|  62|0x00000000e3e00000, 0x00000000e3e00000, 0x00000000e3f00000|  0%| F|  |TAMS 0x00000000e3e00000| PB 0x00000000e3e00000| Untracked 
|  63|0x00000000e3f00000, 0x00000000e3f00000, 0x00000000e4000000|  0%| F|  |TAMS 0x00000000e3f00000| PB 0x00000000e3f00000| Untracked 
|  64|0x00000000e4000000, 0x00000000e4000000, 0x00000000e4100000|  0%| F|  |TAMS 0x00000000e4000000| PB 0x00000000e4000000| Untracked 
|  65|0x00000000e4100000, 0x00000000e4100000, 0x00000000e4200000|  0%| F|  |TAMS 0x00000000e4100000| PB 0x00000000e4100000| Untracked 
|  66|0x00000000e4200000, 0x00000000e4200000, 0x00000000e4300000|  0%| F|  |TAMS 0x00000000e4200000| PB 0x00000000e4200000| Untracked 
|  67|0x00000000e4300000, 0x00000000e4300000, 0x00000000e4400000|  0%| F|  |TAMS 0x00000000e4300000| PB 0x00000000e4300000| Untracked 
|  68|0x00000000e4400000, 0x00000000e4400000, 0x00000000e4500000|  0%| F|  |TAMS 0x00000000e4400000| PB 0x00000000e4400000| Untracked 
|  69|0x00000000e4500000, 0x00000000e4500000, 0x00000000e4600000|  0%| F|  |TAMS 0x00000000e4500000| PB 0x00000000e4500000| Untracked 
|  70|0x00000000e4600000, 0x00000000e4600000, 0x00000000e4700000|  0%| F|  |TAMS 0x00000000e4600000| PB 0x00000000e4600000| Untracked 
|  71|0x00000000e4700000, 0x00000000e4700000, 0x00000000e4800000|  0%| F|  |TAMS 0x00000000e4700000| PB 0x00000000e4700000| Untracked 
|  72|0x00000000e4800000, 0x00000000e4800000, 0x00000000e4900000|  0%| F|  |TAMS 0x00000000e4800000| PB 0x00000000e4800000| Untracked 
|  73|0x00000000e4900000, 0x00000000e4900000, 0x00000000e4a00000|  0%| F|  |TAMS 0x00000000e4900000| PB 0x00000000e4900000| Untracked 
|  74|0x00000000e4a00000, 0x00000000e4a00000, 0x00000000e4b00000|  0%| F|  |TAMS 0x00000000e4a00000| PB 0x00000000e4a00000| Untracked 
|  75|0x00000000e4b00000, 0x00000000e4b00000, 0x00000000e4c00000|  0%| F|  |TAMS 0x00000000e4b00000| PB 0x00000000e4b00000| Untracked 
|  76|0x00000000e4c00000, 0x00000000e4c00000, 0x00000000e4d00000|  0%| F|  |TAMS 0x00000000e4c00000| PB 0x00000000e4c00000| Untracked 
|  77|0x00000000e4d00000, 0x00000000e4d00000, 0x00000000e4e00000|  0%| F|  |TAMS 0x00000000e4d00000| PB 0x00000000e4d00000| Untracked 
|  78|0x00000000e4e00000, 0x00000000e4e00000, 0x00000000e4f00000|  0%| F|  |TAMS 0x00000000e4e00000| PB 0x00000000e4e00000| Untracked 
|  79|0x00000000e4f00000, 0x00000000e4f00000, 0x00000000e5000000|  0%| F|  |TAMS 0x00000000e4f00000| PB 0x00000000e4f00000| Untracked 
|  80|0x00000000e5000000, 0x00000000e5000000, 0x00000000e5100000|  0%| F|  |TAMS 0x00000000e5000000| PB 0x00000000e5000000| Untracked 
|  81|0x00000000e5100000, 0x00000000e5100000, 0x00000000e5200000|  0%| F|  |TAMS 0x00000000e5100000| PB 0x00000000e5100000| Untracked 
|  82|0x00000000e5200000, 0x00000000e5200000, 0x00000000e5300000|  0%| F|  |TAMS 0x00000000e5200000| PB 0x00000000e5200000| Untracked 
|  83|0x00000000e5300000, 0x00000000e5300000, 0x00000000e5400000|  0%| F|  |TAMS 0x00000000e5300000| PB 0x00000000e5300000| Untracked 
|  84|0x00000000e5400000, 0x00000000e5400000, 0x00000000e5500000|  0%| F|  |TAMS 0x00000000e5400000| PB 0x00000000e5400000| Untracked 
|  85|0x00000000e5500000, 0x00000000e5500000, 0x00000000e5600000|  0%| F|  |TAMS 0x00000000e5500000| PB 0x00000000e5500000| Untracked 
|  86|0x00000000e5600000, 0x00000000e5600000, 0x00000000e5700000|  0%| F|  |TAMS 0x00000000e5600000| PB 0x00000000e5600000| Untracked 
|  87|0x00000000e5700000, 0x00000000e5700000, 0x00000000e5800000|  0%| F|  |TAMS 0x00000000e5700000| PB 0x00000000e5700000| Untracked 
|  88|0x00000000e5800000, 0x00000000e5800000, 0x00000000e5900000|  0%| F|  |TAMS 0x00000000e5800000| PB 0x00000000e5800000| Untracked 
|  89|0x00000000e5900000, 0x00000000e5900000, 0x00000000e5a00000|  0%| F|  |TAMS 0x00000000e5900000| PB 0x00000000e5900000| Untracked 
|  90|0x00000000e5a00000, 0x00000000e5a00000, 0x00000000e5b00000|  0%| F|  |TAMS 0x00000000e5a00000| PB 0x00000000e5a00000| Untracked 
|  91|0x00000000e5b00000, 0x00000000e5b00000, 0x00000000e5c00000|  0%| F|  |TAMS 0x00000000e5b00000| PB 0x00000000e5b00000| Untracked 
|  92|0x00000000e5c00000, 0x00000000e5c00000, 0x00000000e5d00000|  0%| F|  |TAMS 0x00000000e5c00000| PB 0x00000000e5c00000| Untracked 
|  93|0x00000000e5d00000, 0x00000000e5d00000, 0x00000000e5e00000|  0%| F|  |TAMS 0x00000000e5d00000| PB 0x00000000e5d00000| Untracked 
|  94|0x00000000e5e00000, 0x00000000e5e00000, 0x00000000e5f00000|  0%| F|  |TAMS 0x00000000e5e00000| PB 0x00000000e5e00000| Untracked 
|  95|0x00000000e5f00000, 0x00000000e5f00000, 0x00000000e6000000|  0%| F|  |TAMS 0x00000000e5f00000| PB 0x00000000e5f00000| Untracked 
|  96|0x00000000e6000000, 0x00000000e6000000, 0x00000000e6100000|  0%| F|  |TAMS 0x00000000e6000000| PB 0x00000000e6000000| Untracked 
|  97|0x00000000e6100000, 0x00000000e6100000, 0x00000000e6200000|  0%| F|  |TAMS 0x00000000e6100000| PB 0x00000000e6100000| Untracked 
|  98|0x00000000e6200000, 0x00000000e6200000, 0x00000000e6300000|  0%| F|  |TAMS 0x00000000e6200000| PB 0x00000000e6200000| Untracked 
|  99|0x00000000e6300000, 0x00000000e6300000, 0x00000000e6400000|  0%| F|  |TAMS 0x00000000e6300000| PB 0x00000000e6300000| Untracked 
| 100|0x00000000e6400000, 0x00000000e6400000, 0x00000000e6500000|  0%| F|  |TAMS 0x00000000e6400000| PB 0x00000000e6400000| Untracked 
| 101|0x00000000e6500000, 0x00000000e6500000, 0x00000000e6600000|  0%| F|  |TAMS 0x00000000e6500000| PB 0x00000000e6500000| Untracked 
| 102|0x00000000e6600000, 0x00000000e6600000, 0x00000000e6700000|  0%| F|  |TAMS 0x00000000e6600000| PB 0x00000000e6600000| Untracked 
| 103|0x00000000e6700000, 0x00000000e6700000, 0x00000000e6800000|  0%| F|  |TAMS 0x00000000e6700000| PB 0x00000000e6700000| Untracked 
| 104|0x00000000e6800000, 0x00000000e6800000, 0x00000000e6900000|  0%| F|  |TAMS 0x00000000e6800000| PB 0x00000000e6800000| Untracked 
| 105|0x00000000e6900000, 0x00000000e6900000, 0x00000000e6a00000|  0%| F|  |TAMS 0x00000000e6900000| PB 0x00000000e6900000| Untracked 
| 106|0x00000000e6a00000, 0x00000000e6a00000, 0x00000000e6b00000|  0%| F|  |TAMS 0x00000000e6a00000| PB 0x00000000e6a00000| Untracked 
| 107|0x00000000e6b00000, 0x00000000e6b00000, 0x00000000e6c00000|  0%| F|  |TAMS 0x00000000e6b00000| PB 0x00000000e6b00000| Untracked 
| 108|0x00000000e6c00000, 0x00000000e6c00000, 0x00000000e6d00000|  0%| F|  |TAMS 0x00000000e6c00000| PB 0x00000000e6c00000| Untracked 
| 109|0x00000000e6d00000, 0x00000000e6d00000, 0x00000000e6e00000|  0%| F|  |TAMS 0x00000000e6d00000| PB 0x00000000e6d00000| Untracked 
| 110|0x00000000e6e00000, 0x00000000e6e00000, 0x00000000e6f00000|  0%| F|  |TAMS 0x00000000e6e00000| PB 0x00000000e6e00000| Untracked 
| 111|0x00000000e6f00000, 0x00000000e6f00000, 0x00000000e7000000|  0%| F|  |TAMS 0x00000000e6f00000| PB 0x00000000e6f00000| Untracked 
| 112|0x00000000e7000000, 0x00000000e7000000, 0x00000000e7100000|  0%| F|  |TAMS 0x00000000e7000000| PB 0x00000000e7000000| Untracked 
| 113|0x00000000e7100000, 0x00000000e7100000, 0x00000000e7200000|  0%| F|  |TAMS 0x00000000e7100000| PB 0x00000000e7100000| Untracked 
| 114|0x00000000e7200000, 0x00000000e7200000, 0x00000000e7300000|  0%| F|  |TAMS 0x00000000e7200000| PB 0x00000000e7200000| Untracked 
| 115|0x00000000e7300000, 0x00000000e7300000, 0x00000000e7400000|  0%| F|  |TAMS 0x00000000e7300000| PB 0x00000000e7300000| Untracked 
| 116|0x00000000e7400000, 0x00000000e7400000, 0x00000000e7500000|  0%| F|  |TAMS 0x00000000e7400000| PB 0x00000000e7400000| Untracked 
| 117|0x00000000e7500000, 0x00000000e7500000, 0x00000000e7600000|  0%| F|  |TAMS 0x00000000e7500000| PB 0x00000000e7500000| Untracked 
| 118|0x00000000e7600000, 0x00000000e7600000, 0x00000000e7700000|  0%| F|  |TAMS 0x00000000e7600000| PB 0x00000000e7600000| Untracked 
| 119|0x00000000e7700000, 0x00000000e7700000, 0x00000000e7800000|  0%| F|  |TAMS 0x00000000e7700000| PB 0x00000000e7700000| Untracked 
| 120|0x00000000e7800000, 0x00000000e7800000, 0x00000000e7900000|  0%| F|  |TAMS 0x00000000e7800000| PB 0x00000000e7800000| Untracked 
| 121|0x00000000e7900000, 0x00000000e7900000, 0x00000000e7a00000|  0%| F|  |TAMS 0x00000000e7900000| PB 0x00000000e7900000| Untracked 
| 122|0x00000000e7a00000, 0x00000000e7a00000, 0x00000000e7b00000|  0%| F|  |TAMS 0x00000000e7a00000| PB 0x00000000e7a00000| Untracked 
| 123|0x00000000e7b00000, 0x00000000e7b00000, 0x00000000e7c00000|  0%| F|  |TAMS 0x00000000e7b00000| PB 0x00000000e7b00000| Untracked 
| 124|0x00000000e7c00000, 0x00000000e7c00000, 0x00000000e7d00000|  0%| F|  |TAMS 0x00000000e7c00000| PB 0x00000000e7c00000| Untracked 
| 125|0x00000000e7d00000, 0x00000000e7d00000, 0x00000000e7e00000|  0%| F|  |TAMS 0x00000000e7d00000| PB 0x00000000e7d00000| Untracked 
| 126|0x00000000e7e00000, 0x00000000e7e00000, 0x00000000e7f00000|  0%| F|  |TAMS 0x00000000e7e00000| PB 0x00000000e7e00000| Untracked 
| 127|0x00000000e7f00000, 0x00000000e7f00000, 0x00000000e8000000|  0%| F|  |TAMS 0x00000000e7f00000| PB 0x00000000e7f00000| Untracked 
| 128|0x00000000e8000000, 0x00000000e8000000, 0x00000000e8100000|  0%| F|  |TAMS 0x00000000e8000000| PB 0x00000000e8000000| Untracked 
| 129|0x00000000e8100000, 0x00000000e8100000, 0x00000000e8200000|  0%| F|  |TAMS 0x00000000e8100000| PB 0x00000000e8100000| Untracked 
| 130|0x00000000e8200000, 0x00000000e8200000, 0x00000000e8300000|  0%| F|  |TAMS 0x00000000e8200000| PB 0x00000000e8200000| Untracked 
| 131|0x00000000e8300000, 0x00000000e8300000, 0x00000000e8400000|  0%| F|  |TAMS 0x00000000e8300000| PB 0x00000000e8300000| Untracked 
| 132|0x00000000e8400000, 0x00000000e8400000, 0x00000000e8500000|  0%| F|  |TAMS 0x00000000e8400000| PB 0x00000000e8400000| Untracked 
| 133|0x00000000e8500000, 0x00000000e85510c0, 0x00000000e8600000| 31%| S|CS|TAMS 0x00000000e8500000| PB 0x00000000e8500000| Complete 
| 134|0x00000000e8600000, 0x00000000e8700000, 0x00000000e8700000|100%| S|CS|TAMS 0x00000000e8600000| PB 0x00000000e8600000| Complete 
| 135|0x00000000e8700000, 0x00000000e8800000, 0x00000000e8800000|100%| S|CS|TAMS 0x00000000e8700000| PB 0x00000000e8700000| Complete 
| 136|0x00000000e8800000, 0x00000000e8900000, 0x00000000e8900000|100%| S|CS|TAMS 0x00000000e8800000| PB 0x00000000e8800000| Complete 
| 137|0x00000000e8900000, 0x00000000e8a00000, 0x00000000e8a00000|100%| S|CS|TAMS 0x00000000e8900000| PB 0x00000000e8900000| Complete 
| 138|0x00000000e8a00000, 0x00000000e8b00000, 0x00000000e8b00000|100%| S|CS|TAMS 0x00000000e8a00000| PB 0x00000000e8a00000| Complete 
| 139|0x00000000e8b00000, 0x00000000e8c00000, 0x00000000e8c00000|100%| S|CS|TAMS 0x00000000e8b00000| PB 0x00000000e8b00000| Complete 
| 140|0x00000000e8c00000, 0x00000000e8d00000, 0x00000000e8d00000|100%| S|CS|TAMS 0x00000000e8c00000| PB 0x00000000e8c00000| Complete 
| 141|0x00000000e8d00000, 0x00000000e8e00000, 0x00000000e8e00000|100%| S|CS|TAMS 0x00000000e8d00000| PB 0x00000000e8d00000| Complete 
| 142|0x00000000e8e00000, 0x00000000e8f00000, 0x00000000e8f00000|100%| S|CS|TAMS 0x00000000e8e00000| PB 0x00000000e8e00000| Complete 
| 143|0x00000000e8f00000, 0x00000000e9000000, 0x00000000e9000000|100%| S|CS|TAMS 0x00000000e8f00000| PB 0x00000000e8f00000| Complete 
| 144|0x00000000e9000000, 0x00000000e9100000, 0x00000000e9100000|100%| S|CS|TAMS 0x00000000e9000000| PB 0x00000000e9000000| Complete 
| 145|0x00000000e9100000, 0x00000000e9200000, 0x00000000e9200000|100%| S|CS|TAMS 0x00000000e9100000| PB 0x00000000e9100000| Complete 
| 146|0x00000000e9200000, 0x00000000e9300000, 0x00000000e9300000|100%| S|CS|TAMS 0x00000000e9200000| PB 0x00000000e9200000| Complete 
| 147|0x00000000e9300000, 0x00000000e9300000, 0x00000000e9400000|  0%| F|  |TAMS 0x00000000e9300000| PB 0x00000000e9300000| Untracked 
| 148|0x00000000e9400000, 0x00000000e9400000, 0x00000000e9500000|  0%| F|  |TAMS 0x00000000e9400000| PB 0x00000000e9400000| Untracked 
| 149|0x00000000e9500000, 0x00000000e9500000, 0x00000000e9600000|  0%| F|  |TAMS 0x00000000e9500000| PB 0x00000000e9500000| Untracked 
| 150|0x00000000e9600000, 0x00000000e9600000, 0x00000000e9700000|  0%| F|  |TAMS 0x00000000e9600000| PB 0x00000000e9600000| Untracked 
| 151|0x00000000e9700000, 0x00000000e97d0328, 0x00000000e9800000| 81%| E|  |TAMS 0x00000000e9700000| PB 0x00000000e9700000| Complete 
| 152|0x00000000e9800000, 0x00000000e9900000, 0x00000000e9900000|100%| E|CS|TAMS 0x00000000e9800000| PB 0x00000000e9800000| Complete 
| 153|0x00000000e9900000, 0x00000000e9a00000, 0x00000000e9a00000|100%| E|CS|TAMS 0x00000000e9900000| PB 0x00000000e9900000| Complete 
| 154|0x00000000e9a00000, 0x00000000e9b00000, 0x00000000e9b00000|100%| E|CS|TAMS 0x00000000e9a00000| PB 0x00000000e9a00000| Complete 
| 155|0x00000000e9b00000, 0x00000000e9c00000, 0x00000000e9c00000|100%| E|  |TAMS 0x00000000e9b00000| PB 0x00000000e9b00000| Complete 
| 156|0x00000000e9c00000, 0x00000000e9d00000, 0x00000000e9d00000|100%| E|CS|TAMS 0x00000000e9c00000| PB 0x00000000e9c00000| Complete 
| 157|0x00000000e9d00000, 0x00000000e9e00000, 0x00000000e9e00000|100%| E|CS|TAMS 0x00000000e9d00000| PB 0x00000000e9d00000| Complete 
| 158|0x00000000e9e00000, 0x00000000e9f00000, 0x00000000e9f00000|100%| E|CS|TAMS 0x00000000e9e00000| PB 0x00000000e9e00000| Complete 
| 159|0x00000000e9f00000, 0x00000000ea000000, 0x00000000ea000000|100%| E|CS|TAMS 0x00000000e9f00000| PB 0x00000000e9f00000| Complete 
| 160|0x00000000ea000000, 0x00000000ea100000, 0x00000000ea100000|100%| E|CS|TAMS 0x00000000ea000000| PB 0x00000000ea000000| Complete 
| 161|0x00000000ea100000, 0x00000000ea200000, 0x00000000ea200000|100%| E|CS|TAMS 0x00000000ea100000| PB 0x00000000ea100000| Complete 
| 162|0x00000000ea200000, 0x00000000ea300000, 0x00000000ea300000|100%| E|CS|TAMS 0x00000000ea200000| PB 0x00000000ea200000| Complete 
| 163|0x00000000ea300000, 0x00000000ea400000, 0x00000000ea400000|100%| E|CS|TAMS 0x00000000ea300000| PB 0x00000000ea300000| Complete 
| 164|0x00000000ea400000, 0x00000000ea500000, 0x00000000ea500000|100%| E|CS|TAMS 0x00000000ea400000| PB 0x00000000ea400000| Complete 
| 165|0x00000000ea500000, 0x00000000ea600000, 0x00000000ea600000|100%| E|CS|TAMS 0x00000000ea500000| PB 0x00000000ea500000| Complete 
| 166|0x00000000ea600000, 0x00000000ea700000, 0x00000000ea700000|100%| E|CS|TAMS 0x00000000ea600000| PB 0x00000000ea600000| Complete 
| 167|0x00000000ea700000, 0x00000000ea800000, 0x00000000ea800000|100%| E|CS|TAMS 0x00000000ea700000| PB 0x00000000ea700000| Complete 
| 168|0x00000000ea800000, 0x00000000ea900000, 0x00000000ea900000|100%| E|CS|TAMS 0x00000000ea800000| PB 0x00000000ea800000| Complete 
| 169|0x00000000ea900000, 0x00000000eaa00000, 0x00000000eaa00000|100%| E|CS|TAMS 0x00000000ea900000| PB 0x00000000ea900000| Complete 
| 170|0x00000000eaa00000, 0x00000000eab00000, 0x00000000eab00000|100%| E|CS|TAMS 0x00000000eaa00000| PB 0x00000000eaa00000| Complete 
| 171|0x00000000eab00000, 0x00000000eac00000, 0x00000000eac00000|100%| E|CS|TAMS 0x00000000eab00000| PB 0x00000000eab00000| Complete 
| 172|0x00000000eac00000, 0x00000000ead00000, 0x00000000ead00000|100%| E|CS|TAMS 0x00000000eac00000| PB 0x00000000eac00000| Complete 
| 173|0x00000000ead00000, 0x00000000eae00000, 0x00000000eae00000|100%| E|CS|TAMS 0x00000000ead00000| PB 0x00000000ead00000| Complete 
| 174|0x00000000eae00000, 0x00000000eaf00000, 0x00000000eaf00000|100%| E|CS|TAMS 0x00000000eae00000| PB 0x00000000eae00000| Complete 
| 175|0x00000000eaf00000, 0x00000000eb000000, 0x00000000eb000000|100%| E|CS|TAMS 0x00000000eaf00000| PB 0x00000000eaf00000| Complete 
| 176|0x00000000eb000000, 0x00000000eb100000, 0x00000000eb100000|100%| E|CS|TAMS 0x00000000eb000000| PB 0x00000000eb000000| Complete 
| 177|0x00000000eb100000, 0x00000000eb200000, 0x00000000eb200000|100%| E|CS|TAMS 0x00000000eb100000| PB 0x00000000eb100000| Complete 
| 178|0x00000000eb200000, 0x00000000eb300000, 0x00000000eb300000|100%| E|CS|TAMS 0x00000000eb200000| PB 0x00000000eb200000| Complete 
| 179|0x00000000eb300000, 0x00000000eb400000, 0x00000000eb400000|100%| E|CS|TAMS 0x00000000eb300000| PB 0x00000000eb300000| Complete 
| 180|0x00000000eb400000, 0x00000000eb500000, 0x00000000eb500000|100%| E|CS|TAMS 0x00000000eb400000| PB 0x00000000eb400000| Complete 
| 181|0x00000000eb500000, 0x00000000eb600000, 0x00000000eb600000|100%| E|CS|TAMS 0x00000000eb500000| PB 0x00000000eb500000| Complete 
| 182|0x00000000eb600000, 0x00000000eb700000, 0x00000000eb700000|100%| E|CS|TAMS 0x00000000eb600000| PB 0x00000000eb600000| Complete 
| 183|0x00000000eb700000, 0x00000000eb800000, 0x00000000eb800000|100%| E|CS|TAMS 0x00000000eb700000| PB 0x00000000eb700000| Complete 
| 184|0x00000000eb800000, 0x00000000eb900000, 0x00000000eb900000|100%| E|CS|TAMS 0x00000000eb800000| PB 0x00000000eb800000| Complete 
| 185|0x00000000eb900000, 0x00000000eba00000, 0x00000000eba00000|100%| E|CS|TAMS 0x00000000eb900000| PB 0x00000000eb900000| Complete 
| 186|0x00000000eba00000, 0x00000000ebb00000, 0x00000000ebb00000|100%| E|CS|TAMS 0x00000000eba00000| PB 0x00000000eba00000| Complete 
| 187|0x00000000ebb00000, 0x00000000ebc00000, 0x00000000ebc00000|100%| E|CS|TAMS 0x00000000ebb00000| PB 0x00000000ebb00000| Complete 
| 188|0x00000000ebc00000, 0x00000000ebd00000, 0x00000000ebd00000|100%| E|CS|TAMS 0x00000000ebc00000| PB 0x00000000ebc00000| Complete 
| 189|0x00000000ebd00000, 0x00000000ebe00000, 0x00000000ebe00000|100%| E|CS|TAMS 0x00000000ebd00000| PB 0x00000000ebd00000| Complete 
| 190|0x00000000ebe00000, 0x00000000ebf00000, 0x00000000ebf00000|100%| E|CS|TAMS 0x00000000ebe00000| PB 0x00000000ebe00000| Complete 
| 191|0x00000000ebf00000, 0x00000000ec000000, 0x00000000ec000000|100%| E|CS|TAMS 0x00000000ebf00000| PB 0x00000000ebf00000| Complete 
| 192|0x00000000ec000000, 0x00000000ec100000, 0x00000000ec100000|100%| E|CS|TAMS 0x00000000ec000000| PB 0x00000000ec000000| Complete 
| 193|0x00000000ec100000, 0x00000000ec200000, 0x00000000ec200000|100%| E|CS|TAMS 0x00000000ec100000| PB 0x00000000ec100000| Complete 
| 194|0x00000000ec200000, 0x00000000ec300000, 0x00000000ec300000|100%| E|CS|TAMS 0x00000000ec200000| PB 0x00000000ec200000| Complete 
| 195|0x00000000ec300000, 0x00000000ec400000, 0x00000000ec400000|100%| E|CS|TAMS 0x00000000ec300000| PB 0x00000000ec300000| Complete 
| 196|0x00000000ec400000, 0x00000000ec500000, 0x00000000ec500000|100%| E|CS|TAMS 0x00000000ec400000| PB 0x00000000ec400000| Complete 
| 197|0x00000000ec500000, 0x00000000ec600000, 0x00000000ec600000|100%| E|CS|TAMS 0x00000000ec500000| PB 0x00000000ec500000| Complete 
| 198|0x00000000ec600000, 0x00000000ec700000, 0x00000000ec700000|100%| E|CS|TAMS 0x00000000ec600000| PB 0x00000000ec600000| Complete 
| 199|0x00000000ec700000, 0x00000000ec800000, 0x00000000ec800000|100%| E|CS|TAMS 0x00000000ec700000| PB 0x00000000ec700000| Complete 
| 200|0x00000000ec800000, 0x00000000ec900000, 0x00000000ec900000|100%| E|CS|TAMS 0x00000000ec800000| PB 0x00000000ec800000| Complete 
| 201|0x00000000ec900000, 0x00000000eca00000, 0x00000000eca00000|100%| E|CS|TAMS 0x00000000ec900000| PB 0x00000000ec900000| Complete 
| 202|0x00000000eca00000, 0x00000000ecb00000, 0x00000000ecb00000|100%| E|CS|TAMS 0x00000000eca00000| PB 0x00000000eca00000| Complete 
| 203|0x00000000ecb00000, 0x00000000ecc00000, 0x00000000ecc00000|100%| E|CS|TAMS 0x00000000ecb00000| PB 0x00000000ecb00000| Complete 
| 204|0x00000000ecc00000, 0x00000000ecd00000, 0x00000000ecd00000|100%| E|CS|TAMS 0x00000000ecc00000| PB 0x00000000ecc00000| Complete 
| 205|0x00000000ecd00000, 0x00000000ece00000, 0x00000000ece00000|100%| E|CS|TAMS 0x00000000ecd00000| PB 0x00000000ecd00000| Complete 
| 206|0x00000000ece00000, 0x00000000ecf00000, 0x00000000ecf00000|100%| E|CS|TAMS 0x00000000ece00000| PB 0x00000000ece00000| Complete 
| 207|0x00000000ecf00000, 0x00000000ed000000, 0x00000000ed000000|100%| E|CS|TAMS 0x00000000ecf00000| PB 0x00000000ecf00000| Complete 
| 208|0x00000000ed000000, 0x00000000ed100000, 0x00000000ed100000|100%| E|CS|TAMS 0x00000000ed000000| PB 0x00000000ed000000| Complete 
| 209|0x00000000ed100000, 0x00000000ed200000, 0x00000000ed200000|100%| E|CS|TAMS 0x00000000ed100000| PB 0x00000000ed100000| Complete 
| 210|0x00000000ed200000, 0x00000000ed300000, 0x00000000ed300000|100%| E|CS|TAMS 0x00000000ed200000| PB 0x00000000ed200000| Complete 
| 211|0x00000000ed300000, 0x00000000ed400000, 0x00000000ed400000|100%| E|CS|TAMS 0x00000000ed300000| PB 0x00000000ed300000| Complete 
| 212|0x00000000ed400000, 0x00000000ed500000, 0x00000000ed500000|100%| E|CS|TAMS 0x00000000ed400000| PB 0x00000000ed400000| Complete 
| 213|0x00000000ed500000, 0x00000000ed600000, 0x00000000ed600000|100%| E|CS|TAMS 0x00000000ed500000| PB 0x00000000ed500000| Complete 
| 214|0x00000000ed600000, 0x00000000ed700000, 0x00000000ed700000|100%| E|CS|TAMS 0x00000000ed600000| PB 0x00000000ed600000| Complete 
| 215|0x00000000ed700000, 0x00000000ed800000, 0x00000000ed800000|100%| E|CS|TAMS 0x00000000ed700000| PB 0x00000000ed700000| Complete 
| 216|0x00000000ed800000, 0x00000000ed900000, 0x00000000ed900000|100%| E|CS|TAMS 0x00000000ed800000| PB 0x00000000ed800000| Complete 
| 217|0x00000000ed900000, 0x00000000eda00000, 0x00000000eda00000|100%| E|CS|TAMS 0x00000000ed900000| PB 0x00000000ed900000| Complete 
| 218|0x00000000eda00000, 0x00000000edb00000, 0x00000000edb00000|100%| E|CS|TAMS 0x00000000eda00000| PB 0x00000000eda00000| Complete 
| 219|0x00000000edb00000, 0x00000000edc00000, 0x00000000edc00000|100%| E|CS|TAMS 0x00000000edb00000| PB 0x00000000edb00000| Complete 
| 220|0x00000000edc00000, 0x00000000edd00000, 0x00000000edd00000|100%| E|CS|TAMS 0x00000000edc00000| PB 0x00000000edc00000| Complete 
| 221|0x00000000edd00000, 0x00000000ede00000, 0x00000000ede00000|100%| E|CS|TAMS 0x00000000edd00000| PB 0x00000000edd00000| Complete 
| 222|0x00000000ede00000, 0x00000000edf00000, 0x00000000edf00000|100%| E|CS|TAMS 0x00000000ede00000| PB 0x00000000ede00000| Complete 
| 223|0x00000000edf00000, 0x00000000ee000000, 0x00000000ee000000|100%| E|CS|TAMS 0x00000000edf00000| PB 0x00000000edf00000| Complete 
| 224|0x00000000ee000000, 0x00000000ee100000, 0x00000000ee100000|100%| E|CS|TAMS 0x00000000ee000000| PB 0x00000000ee000000| Complete 
| 225|0x00000000ee100000, 0x00000000ee200000, 0x00000000ee200000|100%| E|CS|TAMS 0x00000000ee100000| PB 0x00000000ee100000| Complete 
| 226|0x00000000ee200000, 0x00000000ee300000, 0x00000000ee300000|100%| E|CS|TAMS 0x00000000ee200000| PB 0x00000000ee200000| Complete 
| 227|0x00000000ee300000, 0x00000000ee400000, 0x00000000ee400000|100%| E|CS|TAMS 0x00000000ee300000| PB 0x00000000ee300000| Complete 
| 228|0x00000000ee400000, 0x00000000ee500000, 0x00000000ee500000|100%| E|CS|TAMS 0x00000000ee400000| PB 0x00000000ee400000| Complete 
| 229|0x00000000ee500000, 0x00000000ee600000, 0x00000000ee600000|100%| E|CS|TAMS 0x00000000ee500000| PB 0x00000000ee500000| Complete 
| 230|0x00000000ee600000, 0x00000000ee700000, 0x00000000ee700000|100%| E|CS|TAMS 0x00000000ee600000| PB 0x00000000ee600000| Complete 
| 231|0x00000000ee700000, 0x00000000ee800000, 0x00000000ee800000|100%| E|CS|TAMS 0x00000000ee700000| PB 0x00000000ee700000| Complete 
| 232|0x00000000ee800000, 0x00000000ee900000, 0x00000000ee900000|100%| E|CS|TAMS 0x00000000ee800000| PB 0x00000000ee800000| Complete 
| 233|0x00000000ee900000, 0x00000000eea00000, 0x00000000eea00000|100%| E|CS|TAMS 0x00000000ee900000| PB 0x00000000ee900000| Complete 
| 234|0x00000000eea00000, 0x00000000eeb00000, 0x00000000eeb00000|100%| E|CS|TAMS 0x00000000eea00000| PB 0x00000000eea00000| Complete 
| 235|0x00000000eeb00000, 0x00000000eec00000, 0x00000000eec00000|100%| E|CS|TAMS 0x00000000eeb00000| PB 0x00000000eeb00000| Complete 
| 236|0x00000000eec00000, 0x00000000eed00000, 0x00000000eed00000|100%| E|CS|TAMS 0x00000000eec00000| PB 0x00000000eec00000| Complete 
| 237|0x00000000eed00000, 0x00000000eee00000, 0x00000000eee00000|100%| E|CS|TAMS 0x00000000eed00000| PB 0x00000000eed00000| Complete 
| 238|0x00000000eee00000, 0x00000000eef00000, 0x00000000eef00000|100%| E|CS|TAMS 0x00000000eee00000| PB 0x00000000eee00000| Complete 
| 239|0x00000000eef00000, 0x00000000ef000000, 0x00000000ef000000|100%| E|CS|TAMS 0x00000000eef00000| PB 0x00000000eef00000| Complete 
| 240|0x00000000ef000000, 0x00000000ef100000, 0x00000000ef100000|100%| E|CS|TAMS 0x00000000ef000000| PB 0x00000000ef000000| Complete 
| 241|0x00000000ef100000, 0x00000000ef200000, 0x00000000ef200000|100%| E|CS|TAMS 0x00000000ef100000| PB 0x00000000ef100000| Complete 
| 242|0x00000000ef200000, 0x00000000ef300000, 0x00000000ef300000|100%| E|CS|TAMS 0x00000000ef200000| PB 0x00000000ef200000| Complete 
| 243|0x00000000ef300000, 0x00000000ef400000, 0x00000000ef400000|100%| E|CS|TAMS 0x00000000ef300000| PB 0x00000000ef300000| Complete 
| 244|0x00000000ef400000, 0x00000000ef500000, 0x00000000ef500000|100%| E|CS|TAMS 0x00000000ef400000| PB 0x00000000ef400000| Complete 
| 245|0x00000000ef500000, 0x00000000ef600000, 0x00000000ef600000|100%| E|CS|TAMS 0x00000000ef500000| PB 0x00000000ef500000| Complete 
| 246|0x00000000ef600000, 0x00000000ef700000, 0x00000000ef700000|100%| E|CS|TAMS 0x00000000ef600000| PB 0x00000000ef600000| Complete 
| 247|0x00000000ef700000, 0x00000000ef800000, 0x00000000ef800000|100%| E|CS|TAMS 0x00000000ef700000| PB 0x00000000ef700000| Complete 
| 248|0x00000000ef800000, 0x00000000ef900000, 0x00000000ef900000|100%| E|CS|TAMS 0x00000000ef800000| PB 0x00000000ef800000| Complete 
| 249|0x00000000ef900000, 0x00000000efa00000, 0x00000000efa00000|100%| E|CS|TAMS 0x00000000ef900000| PB 0x00000000ef900000| Complete 
| 250|0x00000000efa00000, 0x00000000efb00000, 0x00000000efb00000|100%| E|CS|TAMS 0x00000000efa00000| PB 0x00000000efa00000| Complete 
| 251|0x00000000efb00000, 0x00000000efc00000, 0x00000000efc00000|100%| E|CS|TAMS 0x00000000efb00000| PB 0x00000000efb00000| Complete 
| 252|0x00000000efc00000, 0x00000000efd00000, 0x00000000efd00000|100%| E|CS|TAMS 0x00000000efc00000| PB 0x00000000efc00000| Complete 
| 253|0x00000000efd00000, 0x00000000efe00000, 0x00000000efe00000|100%| E|CS|TAMS 0x00000000efd00000| PB 0x00000000efd00000| Complete 
| 254|0x00000000efe00000, 0x00000000eff00000, 0x00000000eff00000|100%| E|CS|TAMS 0x00000000efe00000| PB 0x00000000efe00000| Complete 
| 255|0x00000000eff00000, 0x00000000f0000000, 0x00000000f0000000|100%| E|CS|TAMS 0x00000000eff00000| PB 0x00000000eff00000| Complete 

Card table byte_map: [0x0000026ed97b0000,0x0000026ed98b0000] _byte_map_base: 0x0000026ed90b0000

Marking Bits: (CMBitMap*) 0x0000026ec4f0a950
 Bits: [0x0000026ed98b0000, 0x0000026eda0b0000)

Polling page: 0x0000026ec4c50000

Metaspace:

Usage:
  Non-class:     28.89 MB used.
      Class:      4.86 MB used.
       Both:     33.75 MB used.

Virtual space:
  Non-class space:       64.00 MB reserved,      29.56 MB ( 46%) committed,  1 nodes.
      Class space:      320.00 MB reserved,       5.56 MB (  2%) committed,  1 nodes.
             Both:      384.00 MB reserved,      35.12 MB (  9%) committed. 

Chunk freelists:
   Non-Class:  1.48 MB
       Class:  10.48 MB
        Both:  11.97 MB

MaxMetaspaceSize: 384.00 MB
CompressedClassSpaceSize: 320.00 MB
Initial GC threshold: 21.00 MB
Current GC threshold: 35.31 MB
CDS: on
 - commit_granule_bytes: 65536.
 - commit_granule_words: 8192.
 - virtual_space_node_default_size: 8388608.
 - enlarge_chunks_in_place: 1.
 - use_allocation_guard: 0.


Internal statistics:

num_allocs_failed_limit: 3.
num_arena_births: 2430.
num_arena_deaths: 0.
num_vsnodes_births: 2.
num_vsnodes_deaths: 0.
num_space_committed: 562.
num_space_uncommitted: 0.
num_chunks_returned_to_freelist: 3.
num_chunks_taken_from_freelist: 4109.
num_chunk_merges: 3.
num_chunk_splits: 2656.
num_chunks_enlarged: 1588.
num_inconsistent_stats: 0.

CodeHeap 'non-profiled nmethods': size=119168Kb used=2412Kb max_used=2412Kb free=116755Kb
 bounds [0x0000026ed1280000, 0x0000026ed14f0000, 0x0000026ed86e0000]
CodeHeap 'profiled nmethods': size=119104Kb used=8348Kb max_used=8348Kb free=110755Kb
 bounds [0x0000026ec96e0000, 0x0000026ec9f10000, 0x0000026ed0b30000]
CodeHeap 'non-nmethods': size=7488Kb used=1984Kb max_used=3102Kb free=5503Kb
 bounds [0x0000026ed0b30000, 0x0000026ed0eb0000, 0x0000026ed1280000]
CodeCache: size=245760Kb, used=12744Kb, max_used=13862Kb, free=233013Kb
 total_blobs=4968, nmethods=4273, adapters=599, full_count=0
Compilation: enabled, stopped_count=0, restarted_count=0

Compilation events (20 events):
Event: 194.602 Thread 0x0000026edd0c4d50 nmethod 4258 0x0000026ec9f01e90 code [0x0000026ec9f02040, 0x0000026ec9f021f8]
Event: 194.602 Thread 0x0000026edd0c4d50 4259       3       java.lang.PublicMethods::merge (81 bytes)
Event: 194.602 Thread 0x0000026edd0c4d50 nmethod 4259 0x0000026ec9f02310 code [0x0000026ec9f02560, 0x0000026ec9f02f18]
Event: 194.602 Thread 0x0000026edd0c4d50 4260       3       java.lang.PublicMethods$Key::<init> (24 bytes)
Event: 194.603 Thread 0x0000026edd0c4d50 nmethod 4260 0x0000026ec9f03310 code [0x0000026ec9f034e0, 0x0000026ec9f03800]
Event: 194.603 Thread 0x0000026edd0c4d50 4261       3       java.lang.PublicMethods$MethodList::merge (192 bytes)
Event: 194.603 Thread 0x0000026edd0c4d50 nmethod 4261 0x0000026ec9f03990 code [0x0000026ec9f03c00, 0x0000026ec9f04670]
Event: 194.603 Thread 0x0000026edd0c4d50 4262       3       jdk.internal.misc.Unsafe::getAndAddInt (27 bytes)
Event: 194.604 Thread 0x0000026edd0c4d50 nmethod 4262 0x0000026ec9f04a10 code [0x0000026ec9f04bc0, 0x0000026ec9f04df0]
Event: 194.604 Thread 0x0000026edd0c4d50 4263       3       org.codehaus.groovy.util.LockableObject::<init> (5 bytes)
Event: 194.604 Thread 0x0000026edd0c4d50 nmethod 4263 0x0000026ec9f04f10 code [0x0000026ec9f050c0, 0x0000026ec9f052e8]
Event: 194.604 Thread 0x0000026edd0c4d50 4264       3       org.codehaus.groovy.util.LazyReference::<init> (17 bytes)
Event: 194.605 Thread 0x0000026edd0c4d50 nmethod 4264 0x0000026ec9f05410 code [0x0000026ec9f055e0, 0x0000026ec9f05928]
Event: 194.653 Thread 0x0000026edd0bee40 nmethod 4257 0x0000026ed14d5190 code [0x0000026ed14d5520, 0x0000026ed14d76e0]
Event: 194.653 Thread 0x0000026edd0bee40 4265       4       java.util.LinkedHashMap$LinkedHashIterator::nextNode (68 bytes)
Event: 194.656 Thread 0x0000026edd0bee40 nmethod 4265 0x0000026ed14d8610 code [0x0000026ed14d87a0, 0x0000026ed14d8a78]
Event: 194.906 Thread 0x0000026edd0c4d50 4266       3       java.lang.ThreadLocal::set (18 bytes)
Event: 194.906 Thread 0x0000026edd0c4d50 nmethod 4266 0x0000026ec9f05a90 code [0x0000026ec9f05c80, 0x0000026ec9f06050]
Event: 196.691 Thread 0x0000026edd0bee40 4267       4       java.security.SecureClassLoader$CodeSourceKey::hashCode (21 bytes)
Event: 196.759 Thread 0x0000026edd0bee40 nmethod 4267 0x0000026ed14d8b90 code [0x0000026ed14d8d60, 0x0000026ed14d90d0]

GC Heap History (8 events):
Event: 80.556 GC heap before
{Heap before GC invocations=0 (full 0):
 garbage-first heap   total 262144K, used 26624K [0x00000000e0000000, 0x0000000100000000)
  region size 1024K, 23 young (23552K), 0 survivors (0K)
 Metaspace       used 1709K, committed 1856K, reserved 393216K
  class space    used 152K, committed 256K, reserved 327680K
}
Event: 80.564 GC heap after
{Heap after GC invocations=1 (full 0):
 garbage-first heap   total 262144K, used 10625K [0x00000000e0000000, 0x0000000100000000)
  region size 1024K, 3 young (3072K), 3 survivors (3072K)
 Metaspace       used 1709K, committed 1856K, reserved 393216K
  class space    used 152K, committed 256K, reserved 327680K
}
Event: 114.163 GC heap before
{Heap before GC invocations=1 (full 0):
 garbage-first heap   total 262144K, used 38273K [0x00000000e0000000, 0x0000000100000000)
  region size 1024K, 31 young (31744K), 3 survivors (3072K)
 Metaspace       used 4869K, committed 5056K, reserved 393216K
  class space    used 622K, committed 704K, reserved 327680K
}
Event: 114.176 GC heap after
{Heap after GC invocations=2 (full 0):
 garbage-first heap   total 262144K, used 12874K [0x00000000e0000000, 0x0000000100000000)
  region size 1024K, 3 young (3072K), 3 survivors (3072K)
 Metaspace       used 4869K, committed 5056K, reserved 393216K
  class space    used 622K, committed 704K, reserved 327680K
}
Event: 122.570 GC heap before
{Heap before GC invocations=2 (full 0):
 garbage-first heap   total 262144K, used 54858K [0x00000000e0000000, 0x0000000100000000)
  region size 1024K, 42 young (43008K), 3 survivors (3072K)
 Metaspace       used 5003K, committed 5184K, reserved 393216K
  class space    used 623K, committed 704K, reserved 327680K
}
Event: 122.575 GC heap after
{Heap after GC invocations=3 (full 0):
 garbage-first heap   total 262144K, used 17833K [0x00000000e0000000, 0x0000000100000000)
  region size 1024K, 6 young (6144K), 6 survivors (6144K)
 Metaspace       used 5003K, committed 5184K, reserved 393216K
  class space    used 623K, committed 704K, reserved 327680K
}
Event: 161.437 GC heap before
{Heap before GC invocations=3 (full 0):
 garbage-first heap   total 262144K, used 122281K [0x00000000e0000000, 0x0000000100000000)
  region size 1024K, 109 young (111616K), 6 survivors (6144K)
 Metaspace       used 20838K, committed 21504K, reserved 393216K
  class space    used 2969K, committed 3264K, reserved 327680K
}
Event: 161.593 GC heap after
{Heap after GC invocations=4 (full 0):
 garbage-first heap   total 262144K, used 25326K [0x00000000e0000000, 0x0000000100000000)
  region size 1024K, 14 young (14336K), 14 survivors (14336K)
 Metaspace       used 20838K, committed 21504K, reserved 393216K
  class space    used 2969K, committed 3264K, reserved 327680K
}

Dll operation events (20 events):
Event: 3.921 Attempting to load shared library C:\Users\AI융합_데이터분석B\.vscode\extensions\redhat.java-1.56.0-win32-x64\jre\21.0.12.1-win32-x86_64\bin\nio.dll
Event: 4.019 Loaded shared library C:\Users\AI융합_데이터분석B\.vscode\extensions\redhat.java-1.56.0-win32-x64\jre\21.0.12.1-win32-x86_64\bin\nio.dll
Event: 4.580 Attempting to load shared library C:\Users\AI융합_데이터분석B\.vscode\extensions\redhat.java-1.56.0-win32-x64\jre\21.0.12.1-win32-x86_64\bin\zip.dll
Event: 4.580 Loaded shared library C:\Users\AI융합_데이터분석B\.vscode\extensions\redhat.java-1.56.0-win32-x64\jre\21.0.12.1-win32-x86_64\bin\zip.dll
Event: 49.407 Attempting to load shared library C:\Users\AI융합_데이터분석B\.vscode\extensions\redhat.java-1.56.0-win32-x64\jre\21.0.12.1-win32-x86_64\bin\jimage.dll
Event: 49.407 Loaded shared library C:\Users\AI융합_데이터분석B\.vscode\extensions\redhat.java-1.56.0-win32-x64\jre\21.0.12.1-win32-x86_64\bin\jimage.dll
Event: 82.157 Attempting to load shared library C:\Users\AI융합_데이터분석B\.vscode\extensions\redhat.java-1.56.0-win32-x64\jre\21.0.12.1-win32-x86_64\bin\verify.dll
Event: 82.221 Loaded shared library C:\Users\AI융합_데이터분석B\.vscode\extensions\redhat.java-1.56.0-win32-x64\jre\21.0.12.1-win32-x86_64\bin\verify.dll
Event: 82.830 Attempting to load shared library C:\Users\AI융합_데이터분석B\.gradle\native\660c5614fbf4a5f2a75b1949f50a0caf5cd603558e7d8a26e50b933a0cfb79d1\windows-amd64\native-platform.dll
Event: 82.907 Loaded shared library C:\Users\AI융합_데이터분석B\.gradle\native\660c5614fbf4a5f2a75b1949f50a0caf5cd603558e7d8a26e50b933a0cfb79d1\windows-amd64\native-platform.dll
Event: 83.568 Attempting to load shared library C:\Users\AI융합_데이터분석B\.gradle\native\0.2.8\x86_64-windows-gnu\gradle-fileevents.dll
Event: 83.647 Loaded shared library C:\Users\AI융합_데이터분석B\.gradle\native\0.2.8\x86_64-windows-gnu\gradle-fileevents.dll
Event: 131.808 Attempting to load shared library C:\Users\AI융합_데이터분석B\.vscode\extensions\redhat.java-1.56.0-win32-x64\jre\21.0.12.1-win32-x86_64\bin\management.dll
Event: 131.819 Loaded shared library C:\Users\AI융합_데이터분석B\.vscode\extensions\redhat.java-1.56.0-win32-x64\jre\21.0.12.1-win32-x86_64\bin\management.dll
Event: 131.836 Attempting to load shared library C:\Users\AI융합_데이터분석B\.vscode\extensions\redhat.java-1.56.0-win32-x64\jre\21.0.12.1-win32-x86_64\bin\management_ext.dll
Event: 131.840 Loaded shared library C:\Users\AI융합_데이터분석B\.vscode\extensions\redhat.java-1.56.0-win32-x64\jre\21.0.12.1-win32-x86_64\bin\management_ext.dll
Event: 137.313 Attempting to load shared library C:\Users\AI융합_데이터분석B\.vscode\extensions\redhat.java-1.56.0-win32-x64\jre\21.0.12.1-win32-x86_64\bin\extnet.dll
Event: 137.317 Loaded shared library C:\Users\AI융합_데이터분석B\.vscode\extensions\redhat.java-1.56.0-win32-x64\jre\21.0.12.1-win32-x86_64\bin\extnet.dll
Event: 147.975 Attempting to load shared library C:\Users\AI융합_데이터분석B\.vscode\extensions\redhat.java-1.56.0-win32-x64\jre\21.0.12.1-win32-x86_64\bin\sunmscapi.dll
Event: 148.015 Loaded shared library C:\Users\AI융합_데이터분석B\.vscode\extensions\redhat.java-1.56.0-win32-x64\jre\21.0.12.1-win32-x86_64\bin\sunmscapi.dll

Deoptimization events (20 events):
Event: 191.379 Thread 0x0000026efa278780 Uncommon trap: trap_request=0xffffffde fr.pc=0x0000026ed12f8aac relative=0x000000000000018c
Event: 191.379 Thread 0x0000026efa278780 Uncommon trap: reason=class_check action=maybe_recompile pc=0x0000026ed12f8aac method=java.lang.String.equals(Ljava/lang/Object;)Z @ 8 c2
Event: 191.379 Thread 0x0000026efa278780 DEOPT PACKING pc=0x0000026ed12f8aac sp=0x000000bf7d2f8ea0
Event: 191.379 Thread 0x0000026efa278780 DEOPT UNPACKING pc=0x0000026ed0b87ba2 sp=0x000000bf7d2f8e38 mode 2
Event: 193.585 Thread 0x0000026efa278780 Uncommon trap: trap_request=0xffffffde fr.pc=0x0000026ed13e88f0 relative=0x00000000000015d0
Event: 193.585 Thread 0x0000026efa278780 Uncommon trap: reason=class_check action=maybe_recompile pc=0x0000026ed13e88f0 method=java.io.BufferedInputStream.implRead([BII)I @ 100 c2
Event: 193.585 Thread 0x0000026efa278780 DEOPT PACKING pc=0x0000026ed13e88f0 sp=0x000000bf7d2f84c0
Event: 193.585 Thread 0x0000026efa278780 DEOPT UNPACKING pc=0x0000026ed0b87ba2 sp=0x000000bf7d2f83a0 mode 2
Event: 193.598 Thread 0x0000026efa278780 Uncommon trap: trap_request=0xffffffde fr.pc=0x0000026ed13e88f0 relative=0x00000000000015d0
Event: 193.598 Thread 0x0000026efa278780 Uncommon trap: reason=class_check action=maybe_recompile pc=0x0000026ed13e88f0 method=java.io.BufferedInputStream.implRead([BII)I @ 100 c2
Event: 193.598 Thread 0x0000026efa278780 DEOPT PACKING pc=0x0000026ed13e88f0 sp=0x000000bf7d2f84c0
Event: 193.598 Thread 0x0000026efa278780 DEOPT UNPACKING pc=0x0000026ed0b87ba2 sp=0x000000bf7d2f83a0 mode 2
Event: 193.628 Thread 0x0000026efa278780 Uncommon trap: trap_request=0xffffffde fr.pc=0x0000026ed13e88f0 relative=0x00000000000015d0
Event: 193.628 Thread 0x0000026efa278780 Uncommon trap: reason=class_check action=maybe_recompile pc=0x0000026ed13e88f0 method=java.io.BufferedInputStream.implRead([BII)I @ 100 c2
Event: 193.628 Thread 0x0000026efa278780 DEOPT PACKING pc=0x0000026ed13e88f0 sp=0x000000bf7d2f84c0
Event: 193.628 Thread 0x0000026efa278780 DEOPT UNPACKING pc=0x0000026ed0b87ba2 sp=0x000000bf7d2f83a0 mode 2
Event: 193.629 Thread 0x0000026efa278780 Uncommon trap: trap_request=0xffffffde fr.pc=0x0000026ed13e88f0 relative=0x00000000000015d0
Event: 193.629 Thread 0x0000026efa278780 Uncommon trap: reason=class_check action=maybe_recompile pc=0x0000026ed13e88f0 method=java.io.BufferedInputStream.implRead([BII)I @ 100 c2
Event: 193.629 Thread 0x0000026efa278780 DEOPT PACKING pc=0x0000026ed13e88f0 sp=0x000000bf7d2f84c0
Event: 193.629 Thread 0x0000026efa278780 DEOPT UNPACKING pc=0x0000026ed0b87ba2 sp=0x000000bf7d2f83a0 mode 2

Classes loaded (20 events):
Event: 193.255 Loading class java/util/TimerTask
Event: 193.255 Loading class java/util/TimerTask done
Event: 193.256 Loading class java/util/Timer
Event: 193.256 Loading class java/util/Timer done
Event: 193.258 Loading class java/lang/Process
Event: 193.258 Loading class java/lang/Process done
Event: 193.262 Loading class java/util/stream/DoubleStream
Event: 193.262 Loading class java/util/stream/DoubleStream done
Event: 193.262 Loading class java/util/stream/LongStream
Event: 193.266 Loading class java/util/stream/LongStream done
Event: 193.266 Loading class java/util/OptionalDouble
Event: 193.266 Loading class java/util/OptionalDouble done
Event: 193.266 Loading class java/util/OptionalInt
Event: 193.266 Loading class java/util/OptionalInt done
Event: 193.266 Loading class java/util/OptionalLong
Event: 193.267 Loading class java/util/OptionalLong done
Event: 194.303 Loading class java/security/AccessControlException
Event: 194.303 Loading class java/security/AccessControlException done
Event: 196.474 Loading class java/lang/ArrayIndexOutOfBoundsException
Event: 196.474 Loading class java/lang/ArrayIndexOutOfBoundsException done

Classes unloaded (0 events):
No events

Classes redefined (0 events):
No events

Internal exceptions (20 events):
Event: 180.002 Thread 0x0000026efa278780 Exception <a 'java/lang/NoSuchMethodError'{0x00000000ec431f50}: 'java.lang.Object java.lang.invoke.DirectMethodHandle$Holder.invokeVirtual(java.lang.Object, java.lang.Object, java.lang.Object, java.lang.Object, java.lang.Object, java.lang.Object, java.lang.Object, java.lang.Object, java.lang.Object, java.lang.Object, java.lang.Object, java.lang.Object, java.lang.Object, java.lang.Object, java.lang.Object)'> (0x00000000ec431f50) 
thrown [s\src\hotspot\share\interpreter\linkResolver.cpp, line 773]
Event: 182.384 Thread 0x0000026efa278780 Exception <a 'java/lang/NoSuchMethodError'{0x00000000ec11cc70}: 'java.lang.Object java.lang.invoke.DirectMethodHandle$Holder.newInvokeSpecial(java.lang.Object, java.lang.Object, java.lang.Object, java.lang.Object, java.lang.Object, java.lang.Object, java.lang.Object, java.lang.Object, java.lang.Object, java.lang.Object, java.lang.Object, java.lang.Object)'> (0x00000000ec11cc70) 
thrown [s\src\hotspot\share\interpreter\linkResolver.cpp, line 773]
Event: 182.702 Thread 0x0000026efa278780 Exception <a 'java/lang/NoSuchMethodError'{0x00000000ebf0afa0}: 'java.lang.Object java.lang.invoke.DirectMethodHandle$Holder.invokeSpecialIFC(java.lang.Object, java.lang.Object, java.lang.Object, java.lang.Object)'> (0x00000000ebf0afa0) 
thrown [s\src\hotspot\share\interpreter\linkResolver.cpp, line 773]
Event: 183.405 Thread 0x0000026efa278780 Exception <a 'java/lang/NoSuchMethodError'{0x00000000ebd4e1b0}: 'java.lang.Object java.lang.invoke.DirectMethodHandle$Holder.invokeVirtual(java.lang.Object, java.lang.Object, java.lang.Object, java.lang.Object, java.lang.Object, java.lang.Object, java.lang.Object, java.lang.Object, java.lang.Object, java.lang.Object, java.lang.Object, java.lang.Object, java.lang.Object, java.lang.Object, java.lang.Object, java.lang.Object, java.lang.Object, java.lang.Object, java.lang.Object, java.lang.Object, java.lang.Ob
Event: 183.405 Thread 0x0000026efa278780 Exception <a 'java/lang/NoSuchMethodError'{0x00000000ebd55210}: 'java.lang.Object java.lang.invoke.DirectMethodHandle$Holder.invokeSpecial(java.lang.Object, java.lang.Object, java.lang.Object, java.lang.Object, java.lang.Object, java.lang.Object, java.lang.Object, java.lang.Object, java.lang.Object, java.lang.Object, java.lang.Object, java.lang.Object, java.lang.Object, java.lang.Object, java.lang.Object, java.lang.Object, java.lang.Object, java.lang.Object, java.lang.Object, java.lang.Object, java.lang.Ob
Event: 183.408 Thread 0x0000026efa278780 Exception <a 'java/lang/NoSuchMethodError'{0x00000000ebd5b3c8}: 'java.lang.Object java.lang.invoke.DelegatingMethodHandle$Holder.reinvoke_L(java.lang.Object, java.lang.Object, java.lang.Object, java.lang.Object, java.lang.Object, java.lang.Object, java.lang.Object, java.lang.Object, java.lang.Object, java.lang.Object, java.lang.Object, java.lang.Object, java.lang.Object, java.lang.Object, java.lang.Object, java.lang.Object, java.lang.Object, java.lang.Object, java.lang.Object, java.lang.Object, java.lang.O
Event: 186.768 Thread 0x0000026efa278780 Exception <a 'java/lang/NoSuchMethodError'{0x00000000eb454388}: 'java.lang.Object java.lang.invoke.DirectMethodHandle$Holder.newInvokeSpecial(java.lang.Object, java.lang.Object, int, int)'> (0x00000000eb454388) 
thrown [s\src\hotspot\share\interpreter\linkResolver.cpp, line 773]
Event: 186.768 Thread 0x0000026efa278780 Exception <a 'java/lang/NoSuchMethodError'{0x00000000eb4592b8}: 'java.lang.Object java.lang.invoke.DirectMethodHandle$Holder.invokeSpecial(java.lang.Object, java.lang.Object, java.lang.Object, int, int)'> (0x00000000eb4592b8) 
thrown [s\src\hotspot\share\interpreter\linkResolver.cpp, line 773]
Event: 186.778 Thread 0x0000026efa278780 Exception <a 'java/lang/NoSuchMethodError'{0x00000000eb49d398}: 'void java.lang.invoke.DirectMethodHandle$Holder.invokeSpecial(java.lang.Object, java.lang.Object, int)'> (0x00000000eb49d398) 
thrown [s\src\hotspot\share\interpreter\linkResolver.cpp, line 773]
Event: 186.778 Thread 0x0000026efa278780 Exception <a 'java/lang/NoSuchMethodError'{0x00000000eb4a1b78}: 'void java.lang.invoke.Invokers$Holder.invokeExact_MT(java.lang.Object, int, java.lang.Object)'> (0x00000000eb4a1b78) 
thrown [s\src\hotspot\share\interpreter\linkResolver.cpp, line 773]
Event: 188.636 Thread 0x0000026efa278780 Exception <a 'java/lang/NoSuchMethodError'{0x00000000eb1c3d08}: 'java.lang.Object java.lang.invoke.DirectMethodHandle$Holder.newInvokeSpecial(java.lang.Object, java.lang.Object, java.lang.Object, java.lang.Object, java.lang.Object, java.lang.Object, java.lang.Object, java.lang.Object, java.lang.Object, java.lang.Object, java.lang.Object)'> (0x00000000eb1c3d08) 
thrown [s\src\hotspot\share\interpreter\linkResolver.cpp, line 773]
Event: 188.826 Thread 0x0000026efa278780 Exception <a 'java/lang/NoSuchMethodError'{0x00000000eafc0e98}: 'java.lang.Object java.lang.invoke.Invokers$Holder.linkToTargetMethod(java.lang.Object, java.lang.Object, java.lang.Object, java.lang.Object, java.lang.Object, java.lang.Object, java.lang.Object, java.lang.Object, java.lang.Object, java.lang.Object, java.lang.Object, java.lang.Object)'> (0x00000000eafc0e98) 
thrown [s\src\hotspot\share\interpreter\linkResolver.cpp, line 773]
Event: 189.829 Thread 0x0000026efa278780 Exception <a 'java/lang/NoSuchMethodError'{0x00000000ea887e28}: 'java.lang.Object java.lang.invoke.DelegatingMethodHandle$Holder.reinvoke_L(java.lang.Object, java.lang.Object, java.lang.Object, java.lang.Object, java.lang.Object, java.lang.Object, java.lang.Object, java.lang.Object, java.lang.Object, java.lang.Object, java.lang.Object, java.lang.Object, java.lang.Object, java.lang.Object, java.lang.Object, java.lang.Object, java.lang.Object, java.lang.Object, java.lang.Object, java.lang.Object, java.lang.O
Event: 189.853 Thread 0x0000026efa278780 Exception <a 'java/lang/NoSuchMethodError'{0x00000000ea77a1c0}: 'java.lang.Object java.lang.invoke.DirectMethodHandle$Holder.invokeStatic(java.lang.Object, java.lang.Object, java.lang.Object, java.lang.Object, java.lang.Object, java.lang.Object, java.lang.Object, java.lang.Object, java.lang.Object, java.lang.Object, java.lang.Object, java.lang.Object, java.lang.Object, java.lang.Object, java.lang.Object, java.lang.Object, java.lang.Object, java.lang.Object, java.lang.Object, java.lang.Object, java.lang.Obj
Event: 189.856 Thread 0x0000026efa278780 Exception <a 'java/lang/NoSuchMethodError'{0x00000000ea7b19d8}: 'java.lang.Object java.lang.invoke.DirectMethodHandle$Holder.invokeStatic(java.lang.Object, java.lang.Object, java.lang.Object, java.lang.Object, java.lang.Object, java.lang.Object, java.lang.Object, java.lang.Object, java.lang.Object, java.lang.Object, java.lang.Object, java.lang.Object, java.lang.Object, java.lang.Object, java.lang.Object, java.lang.Object, java.lang.Object, java.lang.Object, java.lang.Object, java.lang.Object, java.lang.Obj
Event: 189.858 Thread 0x0000026efa278780 Exception <a 'java/lang/NoSuchMethodError'{0x00000000ea7ea2a0}: 'java.lang.Object java.lang.invoke.DirectMethodHandle$Holder.invokeStatic(java.lang.Object, java.lang.Object, java.lang.Object, java.lang.Object, java.lang.Object, java.lang.Object, java.lang.Object, java.lang.Object, java.lang.Object, java.lang.Object, java.lang.Object, java.lang.Object, java.lang.Object, java.lang.Object, java.lang.Object, java.lang.Object, java.lang.Object, java.lang.Object, java.lang.Object, java.lang.Object, java.lang.Obj
Event: 189.861 Thread 0x0000026efa278780 Exception <a 'java/lang/NoSuchMethodError'{0x00000000ea626740}: 'java.lang.Object java.lang.invoke.DirectMethodHandle$Holder.invokeStatic(java.lang.Object, java.lang.Object, java.lang.Object, java.lang.Object, java.lang.Object, java.lang.Object, java.lang.Object, java.lang.Object, java.lang.Object, java.lang.Object, java.lang.Object, java.lang.Object, java.lang.Object, java.lang.Object, java.lang.Object, java.lang.Object, java.lang.Object, java.lang.Object, java.lang.Object, java.lang.Object, java.lang.Obj
Event: 189.869 Thread 0x0000026efa278780 Exception <a 'java/lang/NoSuchMethodError'{0x00000000ea663340}: 'java.lang.Object java.lang.invoke.DirectMethodHandle$Holder.invokeStatic(java.lang.Object, java.lang.Object, java.lang.Object, java.lang.Object, java.lang.Object, java.lang.Object, java.lang.Object, java.lang.Object, java.lang.Object, java.lang.Object, java.lang.Object, java.lang.Object, java.lang.Object, java.lang.Object, java.lang.Object, java.lang.Object, java.lang.Object, java.lang.Object, java.lang.Object, java.lang.Object, java.lang.Obj
Event: 189.891 Thread 0x0000026efa278780 Exception <a 'java/lang/NoSuchMethodError'{0x00000000ea6a1fc0}: 'java.lang.Object java.lang.invoke.DirectMethodHandle$Holder.invokeStatic(java.lang.Object, java.lang.Object, java.lang.Object, java.lang.Object, java.lang.Object, java.lang.Object, java.lang.Object, java.lang.Object, java.lang.Object, java.lang.Object, java.lang.Object, java.lang.Object, java.lang.Object, java.lang.Object, java.lang.Object, java.lang.Object, java.lang.Object, java.lang.Object, java.lang.Object, java.lang.Object, java.lang.Obj
Event: 190.061 Thread 0x0000026efa278780 Exception <a 'java/lang/NoSuchMethodError'{0x00000000ea5606f0}: 'java.lang.Object java.lang.invoke.DirectMethodHandle$Holder.newInvokeSpecial(java.lang.Object, java.lang.Object, java.lang.Object, java.lang.Object, java.lang.Object, java.lang.Object, java.lang.Object, java.lang.Object, java.lang.Object, java.lang.Object, java.lang.Object, java.lang.Object, java.lang.Object)'> (0x00000000ea5606f0) 
thrown [s\src\hotspot\share\interpreter\linkResolver.cpp, line 773]

ZGC Phase Switch (0 events):
No events

VM Operations (20 events):
Event: 184.953 Executing non-safepoint VM operation: HandshakeAllThreads (Deoptimize)
Event: 184.953 Executing non-safepoint VM operation: HandshakeAllThreads (Deoptimize) done
Event: 185.958 Executing safepoint VM operation: Cleanup
Event: 186.251 Executing safepoint VM operation: Cleanup done
Event: 187.260 Executing safepoint VM operation: Cleanup
Event: 187.352 Executing safepoint VM operation: Cleanup done
Event: 188.364 Executing safepoint VM operation: Cleanup
Event: 188.378 Executing safepoint VM operation: Cleanup done
Event: 189.387 Executing safepoint VM operation: Cleanup
Event: 189.387 Executing safepoint VM operation: Cleanup done
Event: 190.393 Executing safepoint VM operation: Cleanup
Event: 190.502 Executing safepoint VM operation: Cleanup done
Event: 191.508 Executing safepoint VM operation: Cleanup
Event: 191.523 Executing safepoint VM operation: Cleanup done
Event: 192.533 Executing safepoint VM operation: Cleanup
Event: 192.566 Executing safepoint VM operation: Cleanup done
Event: 194.307 Executing non-safepoint VM operation: HandshakeAllThreads (Deoptimize)
Event: 194.308 Executing non-safepoint VM operation: HandshakeAllThreads (Deoptimize) done
Event: 195.309 Executing safepoint VM operation: Cleanup
Event: 195.776 Executing safepoint VM operation: Cleanup done

Memory protections (0 events):
No events

Nmethod flushes (0 events):
No events

Events (20 events):
Event: 142.912 Thread 0x0000026efa471db0 Thread exited: 0x0000026efa471db0
Event: 148.714 Thread 0x0000026efb4b2500 Thread added: 0x0000026efaad9080
Event: 148.721 Thread 0x0000026efaad9080 Thread added: 0x0000026efaad96f0
Event: 148.969 Thread 0x0000026efaad9080 Thread added: 0x0000026efa308d30
Event: 150.547 Thread 0x0000026efaad9080 Thread added: 0x0000026efa278780
Event: 150.610 Thread 0x0000026efa278780 Thread added: 0x0000026efb60e100
Event: 150.663 Thread 0x0000026efa278780 Thread added: 0x0000026efb60c030
Event: 150.685 Thread 0x0000026efa278780 Thread added: 0x0000026efb60d3e0
Event: 154.638 Thread 0x0000026efa278780 Thread added: 0x0000026efb60da70
Event: 154.691 Thread 0x0000026efa278780 Thread added: 0x0000026efb60b310
Event: 155.209 Thread 0x0000026efa278780 Thread added: 0x0000026efb60c6c0
Event: 155.250 Thread 0x0000026efb60b310 Thread added: 0x0000026efb60ac80
Event: 169.633 Thread 0x0000026efa278780 Thread added: 0x0000026efb6279b0
Event: 170.031 Thread 0x0000026efa278780 Thread added: 0x0000026efb6286d0
Event: 171.771 Thread 0x0000026efa278780 Thread added: 0x0000026efb628040
Event: 171.787 Thread 0x0000026efa278780 Thread added: 0x0000026efb628d60
Event: 178.143 Thread 0x0000026efa278780 Thread added: 0x0000026efb62a110
Event: 182.430 Thread 0x0000026efa278780 Thread added: 0x0000026efb626c90
Event: 189.143 Thread 0x0000026efa278780 Thread added: 0x0000026efb62a7a0
Event: 189.555 Thread 0x0000026efa278780 Thread added: 0x0000026efb627320


Dynamic libraries:
0x00007ff62fb60000 - 0x00007ff62fb6e000 	C:\Users\AI융합_데이터분석B\.vscode\extensions\redhat.java-1.56.0-win32-x64\jre\21.0.12.1-win32-x86_64\bin\java.exe
0x00007ffcd5960000 - 0x00007ffcd5bc7000 	C:\WINDOWS\SYSTEM32\ntdll.dll
0x00007ffcd4770000 - 0x00007ffcd483b000 	C:\WINDOWS\System32\KERNEL32.DLL
0x00007ffcd2c20000 - 0x00007ffcd3022000 	C:\WINDOWS\System32\KERNELBASE.dll
0x00007ffcd3470000 - 0x00007ffcd35bc000 	C:\WINDOWS\System32\ucrtbase.dll
0x00007ffca8580000 - 0x00007ffca859e000 	C:\Users\AI융합_데이터분석B\.vscode\extensions\redhat.java-1.56.0-win32-x64\jre\21.0.12.1-win32-x86_64\bin\VCRUNTIME140.dll
0x00007ffca8820000 - 0x00007ffca8838000 	C:\Users\AI융합_데이터분석B\.vscode\extensions\redhat.java-1.56.0-win32-x64\jre\21.0.12.1-win32-x86_64\bin\jli.dll
0x00007ffcd3b10000 - 0x00007ffcd3cdf000 	C:\WINDOWS\System32\USER32.dll
0x00007ffcd3030000 - 0x00007ffcd3057000 	C:\WINDOWS\System32\win32u.dll
0x00007ffcd4a70000 - 0x00007ffcd4a9b000 	C:\WINDOWS\System32\GDI32.dll
0x00007ffcd3340000 - 0x00007ffcd3469000 	C:\WINDOWS\System32\gdi32full.dll
0x00007ffcd35d0000 - 0x00007ffcd3673000 	C:\WINDOWS\System32\msvcp_win.dll
0x00007ffcbff30000 - 0x00007ffcc01c0000 	C:\WINDOWS\WinSxS\amd64_microsoft.windows.common-controls_6595b64144ccf1df_6.0.26100.9278_none_3e0d1ba8e3303201\COMCTL32.dll
0x00007ffcd3890000 - 0x00007ffcd3939000 	C:\WINDOWS\System32\msvcrt.dll
0x00007ffcd4fd0000 - 0x00007ffcd5001000 	C:\WINDOWS\System32\IMM32.DLL
0x00007ffcbf020000 - 0x00007ffcbf02c000 	C:\Users\AI융합_데이터분석B\.vscode\extensions\redhat.java-1.56.0-win32-x64\jre\21.0.12.1-win32-x86_64\bin\vcruntime140_1.dll
0x00007ffc80da0000 - 0x00007ffc80e2d000 	C:\Users\AI융합_데이터분석B\.vscode\extensions\redhat.java-1.56.0-win32-x64\jre\21.0.12.1-win32-x86_64\bin\msvcp140.dll
0x00007ffc62500000 - 0x00007ffc632a2000 	C:\Users\AI융합_데이터분석B\.vscode\extensions\redhat.java-1.56.0-win32-x64\jre\21.0.12.1-win32-x86_64\bin\server\jvm.dll
0x00007ffcd49a0000 - 0x00007ffcd4a5c000 	C:\WINDOWS\System32\ADVAPI32.dll
0x00007ffcd3a30000 - 0x00007ffcd3ad9000 	C:\WINDOWS\System32\sechost.dll
0x00007ffcd5800000 - 0x00007ffcd5918000 	C:\WINDOWS\System32\RPCRT4.dll
0x00007ffcd4540000 - 0x00007ffcd45c0000 	C:\WINDOWS\System32\WS2_32.dll
0x00007ffcc3580000 - 0x00007ffcc358b000 	C:\WINDOWS\SYSTEM32\VERSION.dll
0x00007ffcd29c0000 - 0x00007ffcd2a1e000 	C:\WINDOWS\SYSTEM32\POWRPROF.dll
0x00007ffcc9e40000 - 0x00007ffcc9e76000 	C:\WINDOWS\SYSTEM32\WINMM.dll
0x00007ffcd29a0000 - 0x00007ffcd29b5000 	C:\WINDOWS\SYSTEM32\UMPDC.dll
0x00007ffcd17f0000 - 0x00007ffcd180b000 	C:\WINDOWS\SYSTEM32\kernel.appcore.dll
0x00007ffcbefd0000 - 0x00007ffcbefda000 	C:\Users\AI융합_데이터분석B\.vscode\extensions\redhat.java-1.56.0-win32-x64\jre\21.0.12.1-win32-x86_64\bin\jimage.dll
0x00007ffcbf6f0000 - 0x00007ffcbf93c000 	C:\WINDOWS\SYSTEM32\DBGHELP.DLL
0x00007ffcd4b40000 - 0x00007ffcd4ec5000 	C:\WINDOWS\System32\combase.dll
0x00007ffcd3df0000 - 0x00007ffcd3ec9000 	C:\WINDOWS\System32\OLEAUT32.dll
0x00007ffcc0530000 - 0x00007ffcc056b000 	C:\WINDOWS\SYSTEM32\dbgcore.DLL
0x00007ffcd3060000 - 0x00007ffcd310c000 	C:\WINDOWS\System32\bcryptPrimitives.dll
0x00007ffcb01b0000 - 0x00007ffcb01bf000 	C:\Users\AI융합_데이터분석B\.vscode\extensions\redhat.java-1.56.0-win32-x64\jre\21.0.12.1-win32-x86_64\bin\instrument.dll
0x00007ffca7d60000 - 0x00007ffca7d80000 	C:\Users\AI융합_데이터분석B\.vscode\extensions\redhat.java-1.56.0-win32-x64\jre\21.0.12.1-win32-x86_64\bin\java.dll
0x00007ffcd5060000 - 0x00007ffcd57f8000 	C:\WINDOWS\System32\SHELL32.dll
0x00007ffcd05a0000 - 0x00007ffcd0e4e000 	C:\WINDOWS\SYSTEM32\windows.storage.dll
0x00007ffcd3cf0000 - 0x00007ffcd3deb000 	C:\WINDOWS\System32\SHCORE.dll
0x00007ffcd3690000 - 0x00007ffcd36f6000 	C:\WINDOWS\System32\shlwapi.dll
0x00007ffcd2a80000 - 0x00007ffcd2aa9000 	C:\WINDOWS\SYSTEM32\profapi.dll
0x00007ffca7d40000 - 0x00007ffca7d58000 	C:\Users\AI융합_데이터분석B\.vscode\extensions\redhat.java-1.56.0-win32-x64\jre\21.0.12.1-win32-x86_64\bin\zip.dll
0x00007ffcafea0000 - 0x00007ffcafeb0000 	C:\Users\AI융합_데이터분석B\.vscode\extensions\redhat.java-1.56.0-win32-x64\jre\21.0.12.1-win32-x86_64\bin\net.dll
0x00007ffccbaf0000 - 0x00007ffccbc1a000 	C:\WINDOWS\SYSTEM32\WINHTTP.dll
0x00007ffcd1d90000 - 0x00007ffcd1dfc000 	C:\WINDOWS\system32\mswsock.dll
0x00007ffca75c0000 - 0x00007ffca75d6000 	C:\Users\AI융합_데이터분석B\.vscode\extensions\redhat.java-1.56.0-win32-x64\jre\21.0.12.1-win32-x86_64\bin\nio.dll
0x00007ffcafb70000 - 0x00007ffcafb80000 	C:\Users\AI융합_데이터분석B\.vscode\extensions\redhat.java-1.56.0-win32-x64\jre\21.0.12.1-win32-x86_64\bin\verify.dll
0x00007ffcb7610000 - 0x00007ffcb7637000 	C:\Users\AI융합_데이터분석B\.gradle\native\660c5614fbf4a5f2a75b1949f50a0caf5cd603558e7d8a26e50b933a0cfb79d1\windows-amd64\native-platform.dll
0x00007ffc878c0000 - 0x00007ffc87937000 	C:\Users\AI융합_데이터분석B\.gradle\native\0.2.8\x86_64-windows-gnu\gradle-fileevents.dll
0x00007ffcb71b0000 - 0x00007ffcb71ba000 	C:\Users\AI융합_데이터분석B\.vscode\extensions\redhat.java-1.56.0-win32-x64\jre\21.0.12.1-win32-x86_64\bin\management.dll
0x00007ffcb71a0000 - 0x00007ffcb71ac000 	C:\Users\AI융합_데이터분석B\.vscode\extensions\redhat.java-1.56.0-win32-x64\jre\21.0.12.1-win32-x86_64\bin\management_ext.dll
0x00007ffcd3680000 - 0x00007ffcd3688000 	C:\WINDOWS\System32\PSAPI.DLL
0x00007ffcd11a0000 - 0x00007ffcd11d3000 	C:\WINDOWS\SYSTEM32\IPHLPAPI.DLL
0x00007ffcd4990000 - 0x00007ffcd499a000 	C:\WINDOWS\System32\NSI.dll
0x00007ffcafd60000 - 0x00007ffcafd69000 	C:\Users\AI융합_데이터분석B\.vscode\extensions\redhat.java-1.56.0-win32-x64\jre\21.0.12.1-win32-x86_64\bin\extnet.dll
0x00007ffcd21b0000 - 0x00007ffcd21cb000 	C:\WINDOWS\SYSTEM32\CRYPTSP.dll
0x00007ffcd1750000 - 0x00007ffcd1789000 	C:\WINDOWS\system32\rsaenh.dll
0x00007ffcd1e40000 - 0x00007ffcd1e74000 	C:\WINDOWS\SYSTEM32\USERENV.dll
0x00007ffcd2a50000 - 0x00007ffcd2a7a000 	C:\WINDOWS\SYSTEM32\bcrypt.dll
0x00007ffcd1ff0000 - 0x00007ffcd1ffc000 	C:\WINDOWS\SYSTEM32\CRYPTBASE.dll
0x00007ffc940c0000 - 0x00007ffc940ce000 	C:\Users\AI융합_데이터분석B\.vscode\extensions\redhat.java-1.56.0-win32-x64\jre\21.0.12.1-win32-x86_64\bin\sunmscapi.dll
0x00007ffcd31b0000 - 0x00007ffcd332e000 	C:\WINDOWS\System32\CRYPT32.dll
0x00007ffcd2320000 - 0x00007ffcd2350000 	C:\WINDOWS\SYSTEM32\ncrypt.dll
0x00007ffcd22d0000 - 0x00007ffcd230f000 	C:\WINDOWS\SYSTEM32\NTASN1.dll
0x00007ffc8a890000 - 0x00007ffc8a898000 	C:\WINDOWS\system32\wshunix.dll

JVMTI agents:
C:\Users\AI융합_데이터분석B\.gradle\wrapper\dists\gradle-9.7.1-bin\1w1c7tv4s851m17nbqdsro2tv\gradle-9.7.1\lib\agents\gradle-instrumentation-agent-9.7.1.jar path:C:\Users\AI융합_데이터분석B\.vscode\extensions\redhat.java-1.56.0-win32-x64\jre\21.0.12.1-win32-x86_64\bin\instrument.dll, loaded, initialized, instrumentlib options:none

dbghelp: loaded successfully - version: 4.0.5 - missing functions: none
symbol engine: initialized successfully - sym options: 0x614 - pdb path: .;C:\Users\AI융합_데이터분석B\.vscode\extensions\redhat.java-1.56.0-win32-x64\jre\21.0.12.1-win32-x86_64\bin;C:\WINDOWS\SYSTEM32;C:\WINDOWS\WinSxS\amd64_microsoft.windows.common-controls_6595b64144ccf1df_6.0.26100.9278_none_3e0d1ba8e3303201;C:\Users\AI융합_데이터분석B\.vscode\extensions\redhat.java-1.56.0-win32-x64\jre\21.0.12.1-win32-x86;C:\Users\AI융합_데이터분석B\.vscode\extensions\redhat.java-1.56.0-win32-x64\jre\21.0.12.1-wi;C:\Users\AI융합_데이터분석B\.vscode\extensions\redhat.java-1.56.0-win32-x64\jre\21.0.;C:\Users\AI융합_데이터분석B\.vscode\extensions\redhat.java-1.56.0-win32-x64\jr;C:\Users\AI융합_데이터분석B\.vscode\extensions\redhat.java-1.56.0-win32;C:\Users\AI융합_데이터분석B\.vscode\extensions\redhat.java-1.56.;C:\Users\AI융합_데이터분석B\.vscode\extensions\redhat.java-1.56.0-win32-x64\jre\21.0.12.1-win32-x86_64\bin\server;C:\Users\AI융합_데이터분석B\.gradle\native\660c5614fbf4a5f;C:\Users\AI융합_데이터분석B\.gradle\native\660c5614fbf4a5f2a75b1949f50a0caf5cd603558e7d8a26e50b933a0cfb79d1\wind;C:\Users\AI융합_데이터분석B\.gradle\native\660c5614fbf4a5f2a75b1949f50a0caf5cd603558e7d8a26e50b933a0cfb79;C:\Users\AI융합_데이터분석B\.gradle\native\660c5614fbf4a5f2a75b1949f50a0caf5cd603558e7d8a26e50b933;C:\Users\AI융합_데이터분석B\.gradle\native\660c5614fbf4a5f2a75b1949f50a0caf5cd603558e7d8a26;C:\Users\AI융합_데이터분석B\.gradle\native\660c5614fbf4a5f2a75b1949f50a0caf5cd603558;C:\Users\AI융합_데이터분석B\.gradle\native\660c5614fbf4a5f2a75b1949f50a0caf5c

VM Arguments:
jvm_args: --add-opens=java.base/java.lang=ALL-UNNAMED --add-opens=java.base/java.lang.invoke=ALL-UNNAMED --add-opens=java.base/java.util=ALL-UNNAMED --add-opens=java.prefs/java.util.prefs=ALL-UNNAMED --add-exports=jdk.compiler/com.sun.tools.javac.api=ALL-UNNAMED --add-exports=jdk.compiler/com.sun.tools.javac.util=ALL-UNNAMED --add-opens=java.base/java.nio.charset=ALL-UNNAMED --add-opens=java.base/java.net=ALL-UNNAMED --add-opens=java.base/java.util.concurrent=ALL-UNNAMED --add-opens=java.base/java.util.concurrent.atomic=ALL-UNNAMED --add-opens=java.xml/javax.xml.namespace=ALL-UNNAMED --add-opens=java.base/java.time=ALL-UNNAMED -XX:MaxMetaspaceSize=384m -XX:+HeapDumpOnOutOfMemoryError -Xms256m -Xmx512m -Dfile.encoding=UTF-8 -Duser.country=KR -Duser.language=ko -Duser.variant -javaagent:C:\Users\AI융합_데이터분석B\.gradle\wrapper\dists\gradle-9.7.1-bin\1w1c7tv4s851m17nbqdsro2tv\gradle-9.7.1\lib\agents\gradle-instrumentation-agent-9.7.1.jar 
java_command: org.gradle.launcher.daemon.bootstrap.GradleDaemon 9.7.1
java_class_path (initial): C:\Users\AI융합_데이터분석B\.gradle\wrapper\dists\gradle-9.7.1-bin\1w1c7tv4s851m17nbqdsro2tv\gradle-9.7.1\lib\gradle-daemon-main-9.7.1.jar
Launcher Type: SUN_STANDARD

[Global flags]
     intx CICompilerCount                          = 12                                        {product} {ergonomic}
   size_t CompressedClassSpaceSize                 = 335544320                                 {product} {ergonomic}
     uint ConcGCThreads                            = 3                                         {product} {ergonomic}
     uint G1ConcRefinementThreads                  = 13                                        {product} {ergonomic}
   size_t G1HeapRegionSize                         = 1048576                                   {product} {ergonomic}
    uintx GCDrainStackTargetSize                   = 64                                        {product} {ergonomic}
     bool HeapDumpOnOutOfMemoryError               = true                                   {manageable} {command line}
   size_t InitialHeapSize                          = 268435456                                 {product} {command line}
   size_t MarkStackSize                            = 4194304                                   {product} {ergonomic}
   size_t MaxHeapSize                              = 536870912                                 {product} {command line}
   size_t MaxMetaspaceSize                         = 402653184                                 {product} {command line}
   size_t MaxNewSize                               = 321912832                                 {product} {ergonomic}
   size_t MinHeapDeltaBytes                        = 1048576                                   {product} {ergonomic}
   size_t MinHeapSize                              = 268435456                                 {product} {command line}
    uintx NonNMethodCodeHeapSize                   = 7602480                                {pd product} {ergonomic}
    uintx NonProfiledCodeHeapSize                  = 122027880                              {pd product} {ergonomic}
    uintx ProfiledCodeHeapSize                     = 122027880                              {pd product} {ergonomic}
    uintx ReservedCodeCacheSize                    = 251658240                              {pd product} {ergonomic}
     bool SegmentedCodeCache                       = true                                      {product} {ergonomic}
   size_t SoftMaxHeapSize                          = 536870912                              {manageable} {ergonomic}
     bool UseCompressedOops                        = true                           {product lp64_product} {ergonomic}
     bool UseG1GC                                  = true                                      {product} {ergonomic}
     bool UseLargePagesIndividualAllocation        = false                                  {pd product} {ergonomic}

Logging:
Log output configuration:
 #0: stdout all=warning uptime,level,tags foldmultilines=false
 #1: stderr all=off uptime,level,tags foldmultilines=false

Release file:
JAVA_VERSION="21.0.12.1" 
MODULES="java.base java.compiler java.datatransfer java.xml java.prefs java.desktop java.instrument java.logging java.management java.security.sasl java.naming java.rmi java.management.rmi java.net.http java.scripting java.security.jgss java.transaction.xa java.sql java.sql.rowset java.xml.crypto java.se java.smartcardio jdk.accessibility jdk.internal.jvmstat jdk.attach jdk.charsets jdk.internal.opt jdk.zipfs jdk.compiler jdk.crypto.ec jdk.crypto.cryptoki jdk.crypto.mscapi jdk.dynalink jdk.internal.ed jdk.editpad jdk.hotspot.agent jdk.httpserver jdk.internal.le jdk.internal.vm.ci jdk.internal.vm.compiler jdk.internal.vm.compiler.management jdk.jartool jdk.javadoc jdk.jcmd jdk.management jdk.management.agent jdk.jconsole jdk.jdeps jdk.jdwp.agent jdk.jdi jdk.jfr jdk.jshell jdk.jsobject jdk.jstatd jdk.localedata jdk.management.jfr jdk.naming.dns jdk.naming.rmi jdk.net jdk.nio.mapmode jdk.random jdk.sctp jdk.security.auth jdk.security.jgss jdk.unsupported jdk.unsupported.desktop jdk.xml.dom" 

Environment Variables:
PATH=C:\Python314\Scripts\;C:\Python314\;C:\Program Files\Eclipse Adoptium\jdk-21.0.12.101-hotspot\bin;C:\WINDOWS\system32;C:\WINDOWS;C:\WINDOWS\System32\Wbem;C:\WINDOWS\System32\WindowsPowerShell\v1.0\;C:\WINDOWS\System32\OpenSSH\;C:\Program Files\dotnet\;C:\Program Files\Git\cmd;C:\Program Files\Bandizip\;C:\Program Files\Kubernetes\Minikube;C:\Program Files\nodejs\;C:\ProgramData\chocolatey\bin;D:\nginx;C:\miniconda3;C:\miniconda3\Library\mingw-w64\bin;C:\miniconda3\Library\usr\bin;C:\miniconda3\Library\bin;C:\miniconda3\Scripts;C:\Users\AI융합_데이터분석B\AppData\Local\Microsoft\WindowsApps;C:\Users\AI융합_데이터분석B\AppData\Local\Programs\Microsoft VS Code\bin;C:\Users\AI융합_데이터분석B\AppData\Local\Microsoft\WinGet\Links;C:\Users\AI융합_데이터분석B\AppData\Roaming\npm;C:\Users\AI융합_데이터분석B\AppData\Local\Programs\DockerDesktop\resources\bin
USERNAME=AI융합_데이터분석B
OS=Windows_NT
PROCESSOR_IDENTIFIER=Intel64 Family 6 Model 167 Stepping 1, GenuineIntel
TMP=C:\Users\AI융합~1\AppData\Local\Temp
TEMP=C:\Users\AI융합~1\AppData\Local\Temp




Periodic native trim disabled

---------------  S Y S T E M  ---------------

OS:
 Windows 11 , 64 bit Build 26100 (10.0.26100.9444)
OS uptime: 0 days 0:21 hours
Hyper-V role detected

CPU: total 16 (initial active 16) (8 cores per cpu, 2 threads per core) family 6 model 167 stepping 1 microcode 0x40, cx8, cmov, fxsr, ht, mmx, 3dnowpref, sse, sse2, sse3, ssse3, sse4.1, sse4.2, popcnt, lzcnt, tsc, tscinvbit, avx, avx2, aes, erms, clmul, bmi1, bmi2, adx, avx512f, avx512dq, avx512cd, avx512bw, avx512vl, sha, fma, vzeroupper, avx512_vpopcntdq, avx512_vpclmulqdq, avx512_vaes, avx512_vnni, clflush, clflushopt, avx512_vbmi2, avx512_vbmi, hv, rdtscp, rdpid, fsrm, gfni, avx512_bitalg, f16c, avx512_ifma
Processor Information for the first 16 processors :
  Max Mhz: 2496, Current Mhz: 2496, Mhz Limit: 2496

Memory: 4k page, system-wide physical 16149M (1204M free)
TotalPageFile size 65301M (AvailPageFile size 10097M)
current process WorkingSet (physical memory assigned to process): 131M, peak: 180M
current process commit charge ("private bytes"): 448M, peak: 448M

vm_info: OpenJDK 64-Bit Server VM (21.0.12.1+1-LTS) for windows-amd64 JRE (21.0.12.1+1-LTS), built on 2026-08-18T00:00:00Z by "admin" with MS VC++ 17.12 (VS2022)

END.
